[26Feb2025 04:52:00.466] [main/INFO] [cpw.mods.modlauncher.Launcher/MODLAUNCHER]: ModLauncher running: args [--launchTarget, forgeserver, --fml.forgeVersion, 47.3.7, --fml.mcVersion, 1.20.1, --fml.forgeGroup, net.minecraftforge, --fml.mcpVersion, 20230612.114412, nogui]
[26Feb2025 04:52:00.476] [main/INFO] [cpw.mods.modlauncher.Launcher/MODLAUNCHER]: ModLauncher 10.0.9+10.0.9+main.dcd20f30 starting: java version 17.0.14 by Ubuntu; OS Linux arch amd64 version 6.5.0-1025-azure
[26Feb2025 04:52:04.655] [main/INFO] [net.minecraftforge.fml.loading.ImmediateWindowHandler/]: ImmediateWindowProvider not loading because launch target is forgeserver
[26Feb2025 04:52:04.741] [main/INFO] [mixin/]: SpongePowered MIXIN Subsystem Version=0.8.5 Source=union:/workspaces/max/servidor_minecraft/libraries/org/spongepowered/mixin/0.8.5/mixin-0.8.5.jar%2365!/ Service=ModLauncher Env=SERVER
[26Feb2025 04:52:05.747] [main/WARN] [net.minecraftforge.fml.loading.moddiscovery.ModFileParser/LOADING]: Mod file /workspaces/max/servidor_minecraft/libraries/net/minecraftforge/fmlcore/1.20.1-47.3.7/fmlcore-1.20.1-47.3.7.jar is missing mods.toml file
[26Feb2025 04:52:05.749] [main/WARN] [net.minecraftforge.fml.loading.moddiscovery.ModFileParser/LOADING]: Mod file /workspaces/max/servidor_minecraft/libraries/net/minecraftforge/javafmllanguage/1.20.1-47.3.7/javafmllanguage-1.20.1-47.3.7.jar is missing mods.toml file
[26Feb2025 04:52:05.750] [main/WARN] [net.minecraftforge.fml.loading.moddiscovery.ModFileParser/LOADING]: Mod file /workspaces/max/servidor_minecraft/libraries/net/minecraftforge/lowcodelanguage/1.20.1-47.3.7/lowcodelanguage-1.20.1-47.3.7.jar is missing mods.toml file
[26Feb2025 04:52:05.752] [main/WARN] [net.minecraftforge.fml.loading.moddiscovery.ModFileParser/LOADING]: Mod file /workspaces/max/servidor_minecraft/libraries/net/minecraftforge/mclanguage/1.20.1-47.3.7/mclanguage-1.20.1-47.3.7.jar is missing mods.toml file
[26Feb2025 04:52:07.688] [main/WARN] [net.minecraftforge.jarjar.selection.JarSelector/]: Attempted to select two dependency jars from JarJar which have the same identification: Mod File:  and Mod File: . Using Mod File: 
[26Feb2025 04:52:07.688] [main/WARN] [net.minecraftforge.jarjar.selection.JarSelector/]: Attempted to select two dependency jars from JarJar which have the same identification: Mod File:  and Mod File: . Using Mod File: 
[26Feb2025 04:52:07.691] [main/WARN] [net.minecraftforge.jarjar.selection.JarSelector/]: Attempted to select a dependency jar for JarJar which was passed in as source: resourcefullib. Using Mod File: /workspaces/max/servidor_minecraft/mods/resourcefullib-forge-1.20.1-2.1.29.jar
[26Feb2025 04:52:07.691] [main/INFO] [net.minecraftforge.fml.loading.moddiscovery.JarInJarDependencyLocator/]: Found 105 dependencies adding them to mods collection
[26Feb2025 04:52:08.384] [main/INFO] [org.groovymc.gml.mappings.MappingsProvider/]: Starting runtime mappings setup...
[26Feb2025 04:52:08.430] [main/INFO] [org.groovymc.gml.internal.locator.ModLocatorInjector/]: Injecting ScriptModLocator candidates...
[26Feb2025 04:52:08.442] [main/INFO] [org.groovymc.gml.scriptmods.ScriptModLocator/]: Injected Jimfs file system
[26Feb2025 04:52:08.455] [main/INFO] [org.groovymc.gml.scriptmods.ScriptModLocator/]: Skipped loading script mods from directory /workspaces/max/servidor_minecraft/mods/scripts as it did not exist.
[26Feb2025 04:52:08.469] [main/INFO] [org.groovymc.gml.internal.locator.ModLocatorInjector/]: Injected ScriptModLocator mod candidates. Found 0 valid mod candidates and 0 broken mod files.
[26Feb2025 04:52:12.037] [GML Mappings Thread/INFO] [org.groovymc.gml.mappings.MappingsProvider/]: Loaded runtime mappings in 3399ms
[26Feb2025 04:52:12.038] [GML Mappings Thread/INFO] [org.groovymc.gml.mappings.MappingsProvider/]: Finished runtime mappings setup.
[26Feb2025 04:52:23.594] [main/INFO] [mixin/]: Compatibility level set to JAVA_17
[26Feb2025 04:52:24.339] [main/ERROR] [mixin/]: Mixin config fabric-item-api-v1.client.mixins.json does not specify "minVersion" property
[26Feb2025 04:52:24.809] [main/ERROR] [mixin/]: Mixin config entity_model_features.mixins.json does not specify "minVersion" property
[26Feb2025 04:52:25.469] [main/ERROR] [mixin/]: Mixin config celestisynth.mixins.json does not specify "minVersion" property
[26Feb2025 04:52:25.708] [main/ERROR] [mixin/]: Mixin config fabric-item-group-api-v1.mixins.json does not specify "minVersion" property
[26Feb2025 04:52:25.716] [main/ERROR] [mixin/]: Mixin config fabric-item-group-api-v1.client.mixins.json does not specify "minVersion" property
[26Feb2025 04:52:25.892] [main/ERROR] [mixin/]: Mixin config fabric-data-attachment-api-v1.mixins.json does not specify "minVersion" property
[26Feb2025 04:52:25.897] [main/ERROR] [mixin/]: Mixin config fabric-data-attachment-api-v1.client.mixins.json does not specify "minVersion" property
[26Feb2025 04:52:25.944] [main/ERROR] [mixin/]: Mixin config crashexploitfixer.mixins.json does not specify "minVersion" property
[26Feb2025 04:52:26.079] [main/ERROR] [mixin/]: Mixin config customvillagertrades.mixins.json does not specify "minVersion" property
[26Feb2025 04:52:26.796] [main/ERROR] [mixin/]: Mixin config yacl.mixins.json does not specify "minVersion" property
[26Feb2025 04:52:26.951] [main/INFO] [mixin/]: Successfully loaded Mixin Connector [de.maxhenkel.tradecycling.MixinConnector]
[26Feb2025 04:52:26.953] [main/INFO] [mixin/]: Successfully loaded Mixin Connector [com.sonicether.soundphysics.MixinConnector]
[26Feb2025 04:52:26.966] [main/INFO] [net.fabricmc.loader.impl.bootstrap.FabricLoaderBootstrap/]: Propagating FML mod list to Fabric Loader
[26Feb2025 04:52:27.004] [main/INFO] [cpw.mods.modlauncher.LaunchServiceHandler/MODLAUNCHER]: Launching target 'forgeserver' with arguments [nogui]
[26Feb2025 04:52:27.745] [main/INFO] [ModernFix/]: Loaded configuration file for ModernFix 5.20.2+mc1.20.1: 87 options available, 1 override(s) found
[26Feb2025 04:52:27.746] [main/WARN] [ModernFix/]: Option 'mixin.perf.thread_priorities' overriden (by mods [smoothboot]) to 'false'
[26Feb2025 04:52:27.747] [main/INFO] [ModernFix/]: Applying Nashorn fix
[26Feb2025 04:52:27.768] [main/INFO] [ModernFix/]: Applied Forge config corruption patch
[26Feb2025 04:52:27.919] [main/INFO] [Embeddium/]: Loaded configuration file for Embeddium: 483 options available, 0 override(s) found
[26Feb2025 04:52:27.957] [main/WARN] [mixin/]: Reference map 'morevillagers-forge-forge-refmap.json' for morevillagers.mixins.json could not be read. If this is a development environment you can ignore this message
[26Feb2025 04:52:27.979] [main/WARN] [mixin/]: Reference map 'yungsextras.refmap.json' for yungsextras.mixins.json could not be read. If this is a development environment you can ignore this message
[26Feb2025 04:52:27.987] [main/WARN] [mixin/]: Reference map 'yungsextras.refmap.json' for yungsextras_forge.mixins.json could not be read. If this is a development environment you can ignore this message
[26Feb2025 04:52:28.298] [main/WARN] [mixin/]: Reference map 'fastpaintings-forge-refmap.json' for fastpaintings-forge.mixins.json could not be read. If this is a development environment you can ignore this message
[26Feb2025 04:52:28.553] [main/WARN] [mixin/]: Reference map 'cobweb.refmap.json' for cobweb.mixins.json could not be read. If this is a development environment you can ignore this message
[26Feb2025 04:52:28.560] [main/WARN] [mixin/]: Reference map 'cobweb.refmap.json' for cobweb.forge.mixins.json could not be read. If this is a development environment you can ignore this message
[26Feb2025 04:52:28.776] [main/WARN] [mixin/]: Reference map 'CerbonsAPI-Forge-1.20.1-forge-refmap.json' for cerbons_api.mixins.json could not be read. If this is a development environment you can ignore this message
[26Feb2025 04:52:29.077] [main/WARN] [mixin/]: Reference map 'mes-forge-refmap.json' for mes-forge.mixins.json could not be read. If this is a development environment you can ignore this message
[26Feb2025 04:52:29.300] [main/INFO] [com.abdelaziz.saturn.common.Saturn/]: Loaded Saturn config file with 4 configurable options
[26Feb2025 04:52:29.441] [main/WARN] [mixin/]: Reference map 'lmft-common-refmap.json' for lmft-common.mixins.json could not be read. If this is a development environment you can ignore this message
[26Feb2025 04:52:29.819] [main/INFO] [Canary/]: Loaded configuration file for Canary: 116 options available, 0 override(s) found
[26Feb2025 04:52:29.867] [main/INFO] [Embeddium Extra/]: Loaded configuration file for Sodium Extra: 35 options available, 0 override(s) found
[26Feb2025 04:52:29.938] [main/INFO] [Puzzles Lib/]: Loading 438 mods:
	- additionaladditions 6.0.1
	- adlods 8.1.3.1
	- alekiships 1.0.14
	- alexs_mobs_extra_music 1.1.0
	- alexscaves 2.0.2
	- alexscaves_torpedoes 1.0.2
	- alexscavesdelight 1.0.24-1.20.1
	- alexsdelight 1.5
	- alexsmobs 1.22.9
	- alltheleaks 0.1.0-beta+1.20.1-forge
		\-- mixinsquared 0.2.0
	- ambientsounds 6.1.4
	- amendments 1.20-1.2.16
	- anvilrepairing 4.0.9
	- appleskin 2.5.1+mc1.20.1
	- aquacombat 1.2
	- aquaculture 2.5.3
	- aquaculturedelight 1.0.0
	- aquamirae 6.API15
	- aquamirae_delight 1.5.1
	- aquamirae_mod_extra_music 1.0.0
	- architectury 9.2.14
	- armortrimitemfix 1.2.0
	- artifacts 9.5.13
		\-- expandability 9.0.4
	- ash_of_sin_soul_like_boss_battle 1.0.1
	- astikorcarts 1.1.8
	- attributeslib 1.3.7
	- badoptimizations 2.2.1
	- balm 7.3.11
		\-- kuma_api 20.1.9-SNAPSHOT
	- bedspreads 6.2.0+1.20.1
	- bestylewither 1.6.1
	- better_beacons 2.0.0
	- better_climbing 3
	- betteradvancements 0.4.2.10
	- betterarcheology 1.2.1-1.20.1
	- betterchunkloading 1.20.1-5.3
	- bettercombat 1.8.6+1.20.1
	- betterdays 1.20.1-3.1.1.1-FORGE
	- betterdeserttemples 1.20-Forge-3.0.3
	- betterdungeons 1.20-Forge-4.0.4
	- betterendcities 1.0.0-1.20.1
	- betterendisland 1.20-Forge-2.0.6
	- betterf3 7.0.2
	- betterfortresses 1.20-Forge-2.0.6
	- betterfpsdist 1.20.1-6.0
	- betterjungletemples 1.20-Forge-2.0.5
	- bettermineshafts 1.20-Forge-4.0.4
	- betteroceanmonuments 1.20-Forge-3.0.4
	- betterstrongholds 1.20-Forge-4.0.3
	- betterthanmending 1.7.2
	- bettertridentreturn 1.20.1-1.0.2
	- betterwitchhuts 1.20-Forge-3.0.3
	- bigger_vanilla_trees 1.0
	- biomemakeover 1.20.1-1.11.4
		\-- taniwha 1.20.0-5.4.4
	- biomesoplenty 18.0.0.592
	- blazegear 1.4.2
	- blueprint 7.1.1
	- boatbreakfix 1.0.2
	- bookshelf 20.2.13
	- born_in_chaos_v1 1.5.2
	- boss_music_mod 1.2.0
	- bosses_of_mass_destruction 1.1.2
	- bounced 4.1.0-forge1.20.1
	- bowinfinityfix 2.6.0
	- bygonenether 1.3.2
	- caelus 3.2.0+1.20.1
	- canary 0.3.3
	- carryon 2.1.2.7
	- cataclysm 2.45
	- cataclysmiccombat 1.4
	- celestisynth 1.20.1-1.3.1
	- cerbons_api 1.1.0
	- charmofundying 6.5.0+1.20.1
	- chat_heads 0.13.11
	- chunksending 1.20.1-2.8
	- citadel 2.6.1
	- cleanswing 1.8
	- clickadv 1.20.1-3.8
	- clientcrafting 1.20.1-1.8
	- cloth_config 11.1.136
	- clumps 12.0.0.4
	- cobweb 1.0.1
	- collective 7.87
	- combatroll 1.3.3+1.20.1
	- commongroovylibrary 0.3.3
	- completionistsindex 8.0.0
	- configured 2.2.3
	- connectiblechains 1.1.0
	- connectivity 1.20.1-6.5
	- controlling 12.0.2
	- corgilib 4.0.3.3
	- coroutil 1.20.1-1.3.7
	- corpse 1.20.1-1.0.20
	- corpsecurioscompat 2.0.1
	- cosmeticarmorreworked 1.20.1-v1a
	- crashexploitfixer 1.1.0
	- create 0.5.1.j
		\-- flywheel 0.6.11-13
	- create_enchantment_industry 1.2.9.d
		\-- create_dragon_lib 1.4.3
	- create_waystones_recipes 1.0.1.b
	- creativecore 2.12.31
	- creeperoverhaul 3.0.2
	- cristellib 1.1.6
	- crittersandcompanions 2.2.2
	- cupboard 1.20.1-2.7
	- curios 5.11.1+1.20.1
	- curious_armor_stands 1.20-5.1.0
	- curiouslanterns 1.20.1-1.3.3
	- customvillagertrades 20.25.0
	- darkpaintings 17.0.4
	- decorative_blocks 4.1.3
	- deeperdarker 1.3.3
	- deltaboxlib 1.1.3
	- ding 1.5.0
	- dogslie 1.3.0
	- doubledoors 5.9
	- dragonfight 1.20.1-4.6
	- drawerstooltip 8.0.0
	- drippyloadingscreen 3.0.9
	- dungeonnowloading 1.5
	- dynamiccrosshair 9.3
		|-- dynamiccrosshairapi 1.1
		\-- libbamboo 2.2
	- dynview 2.3
	- easyanvils 8.0.2
	- easyelytratakeoff 4.4
	- easymagic 8.0.1
	- easyshulkerboxes 8.0.2
		|-- puzzlesaccessapi 8.0.9
		\-- puzzlesapi 8.1.6
	- eatinganimation 5.1.0
	- ecologics 2.2.0
	- eeeabsmobs 1.20.1-0.97
	- elysium_api 1.0.2
	- elytraslot 6.4.4+1.20.1
	- embeddium 0.3.31+mc1.20.1
		\-- rubidium 0.7.1
	- embeddium_extra 0.5.4.4+mc1.20.1-build.131
	- enchantinginfuser 8.0.3
	- enchdesc 17.1.19
	- ender_dragon_loot_ 1.0.0
	- endermanoverhaul 1.0.4
	- endersdelight 1.0.3
	- endrem 5.3.3-R-1.20.1
	- enhancedai 2.5.4
	- enhancedvisuals 1.8.1
	- entity_model_features 2.4.1
	- entity_texture_features 6.2.9
	- entityculling 1.7.2
	- everycomp 1.20-2.7.15
	- exlinecopperequipment 2.0.8
	- experienceobelisk 2.2.6-1.20.1
	- explorify 1.6.2
	- explosiveenhancement 1.1.0
	- extrasounds 1.3
	- fallingleaves 2.1.0
	- fancymenu 3.3.2
	- farmersdelight 1.20.1-1.2.6
	- fastasyncworldsave 1.20.1-2.3
	- fastbench 8.0.4
	- fastfurnace 8.0.2
	- fastipping 1.0.5
	- fastpaintings 1.20-1.2.7
	- fastsuite 5.0.1
	- ferritecore 6.0.1
	- feur_extension_fossil 1.2.6
	- forge 47.3.7
	- forgeendertech 11.1.6.0
	- forgivingvoid 10.0.1
	- formations 1.0.3
	- formationsnether 1.0.5
	- formationsoverworld 1.0.4
	- framework 0.7.12
	- friendsandfoes 3.0.7
	- ftbchunks 2001.3.4
	- ftblibrary 2001.2.8
	- ftbquests 2001.4.10
	- ftbteams 2001.3.1
	- ftbxmodcompat 2.1.2
	- fuelgoeshere 1.20.0-1.0.1
	- fzzy_config 0.6.4+1.20.1+forge
	- galosphere 1.20.1-1.4.1
	- gateways 4.2.6
	- geckolib 4.7
	- geophilic 3.2
	- geophilic_reforged 1.2.0
	- glassbreaker 1.4.0
	- globalpacks 1.16.2_forge
	- gml 4.0.9
	- goblintraders 1.9.3
	- gpumemleakfix 1.20.1-1.8
	- guardvillagers 1.20.1-1.6.10
	- harderspawners 46.25.3
	- highlight 2.0.1
	- highlighter 1.1.9
	- hoporp 1.3.7
	- iceberg 1.1.25
	- ichunutil 1.0.3
	- illagerraidmusic 1.1.1
	- immediatelyfast 1.3.4+1.20.4
	- immersiveui 0.3.0
	- incendium 5.3.5
	- incontrol 1.20-9.2.11
	- insanelib 1.18.0
	- invtweaks 1.2.0
	- irisflw 1.1.2
	- item_obliterator 2.3.0
	- jade 11.12.3+forge
	- jadeaddons 5.3.1+forge
	- jearchaeology 1.20.1-1.0.4
	- jei 15.20.0.106
	- jumpanimation 0.6.0
	- kambrik 6.1.1+1.20.1
	- kiwi 11.8.29+forge
	- konkrete 1.8.0
	- kotlinforforge 4.11.0
	- kubejs 2001.6.5-build.16
	- kubejs_create 2001.2.5-build.2
	- leavemybarsalone 8.0.0
	- legendary_monsters 1.20.1
	- libraryferret 4.0.0
	- limitedchunks 1.8
	- lionfishapi 2.4-Fix
	- lithostitched 1.4
	- lmft 1.0.4+1.20.1
	- loot_journal 4.0.2
	- lootjs 1.20.1-2.12.0
	- lootr 0.7.35.90
	- majruszlibrary 7.0.8
	- majruszsdifficulty 1.9.10
	- majruszsenchantments 1.10.8
	- maxhealthfix 12.0.3
	- medieval_buildings 1.0.2
	- medievalend 1.0.1
	- melody 1.0.2
	- memorysettings 1.20.1-5.9
	- mes 1.3.4-1.20-forge
	- minecraft 1.20.1
	- miners_delight 1.20.1-1.2.3
	- modernfix 5.20.2+mc1.20.1
	- moonlight 1.20-2.13.58
	- morejs 0.10.0
	- moreoverlays 1.22.7-mc1.20.2
	- morevillagers 5.0.0
	- mousetweaks 2.25.1
	- mowzie_respawner 1.0.0
	- mowzies_cataclysm 1.1.0
	- mowziesmobs 1.6.4
	- mr_blossom_blade 1.2
	- mr_hero_proof 5.2.1
	- mr_limesplatus_ending 1-v1.1.0c
	- mr_lukis_grandcapitals 1.1.1
	- mr_tidal_towns 1.3.4
	- mvs 4.1.4-1.20-forge
	- naturescompass 1.20.1-1.11.2-forge
	- ncbetterblastfurnace 1.0.1
	- nebs 2.0.2
	- necronomicon 1.6.0
	- nerb 0.4.1
	- neruina 2.1.2
	- netherdepthsupgrade 3.1.5-1.20
	- netherexp 2.2.1
		\-- mixinextras 0.4.1
	- netherite_horse_armor 1.20.1-1.0.4
	- netherportalfix 13.0.1
	- nethersdelight 1.20.1-4.0
	- no_ruined_nether_portals 1.0.0
	- nochatreports 1.20.1-v2.2.2
	- nocubesbetterfletchingtable 1.0.1
	- nocubesbettergrindstone 1.0.1
	- noisium 2.3.0+mc1.20-1.20.1
	- notenoughanimations 1.9.1
	- notenoughcrashes 4.4.7+1.20.1
	- notrample 1.20.1-1.0.1
	- nullscape 1.2.8
	- nyfsspiders 2.1.1
	- obscure_api 15
	- obscure_tooltips 2.2
	- oceansdelight 1.0.2-1.20
	- octolib 0.4.2
	- oreexcavation 1.13.174
	- overflowingbars 8.0.1
	- palegardenbackport 1.2.2
	- particlerain 1.0.8
	- philipsruins 4.6
	- pingwheel 1.10.1
	- placebo 8.6.2
	- playeranimator 1.0.2-rc1+1.20
	- polymorph 0.49.8+1.20.1
		\-- spectrelib 0.13.17+1.20.1
	- pots_and_mimics 1.0.2
	- presencefootsteps 1.20.1-1.9.1-beta.1
	- prism 1.0.5
	- projectvibrantjourneys 1.20.1-6.0.5
	- puzzleslib 8.1.25
	- raccompat 0.1.3
	- radiantgear 2.2.0+1.20.1
	- ramcompat 0.1.4
	- rarcompat 0.1.7
	- realmrpg_skeletons 1.1.0
	- realmrpg_wyrms 1.0.1
	- recipeessentials 1.20.1-3.9
	- regions_unexplored 0.5.6
	- relics 0.8.0.7
	- resourcefulconfig 2.1.2
	- resourcefullib 2.1.29
	- resourcepackoverrides 8.0.3
	- rhino 2001.2.3-build.6
	- rightclickharvest 3.2.3+1.20.1-forge
	- rrls 4.0.6.1+mc1.20.1-forge
	- saturn 0.1.3
	- searchables 1.0.3
	- secondchanceforge 1.5.1
	- seriousplayeranimations 1.1.1
	- shieldexp 1.2.2
	- shouldersurfing 1.20.1-4.9.1
	- shutter 2.0.5-1.20.1
	- simplemenu 1.5
	- simplyswords 1.56.0-1.20.1
	- skyarena 1.1.0
	- sliceanddice 3.3.0
	- smarterfarmers 1.20-2.1.0
	- smoothboot 0.0.4
	- smoothchunk 1.20.1-4.0
	- snifferplus 0.3.0
	- snowrealmagic 10.5.2
		|-- fabric_api_base 0.4.31+ef105b4977
		\-- fabric_renderer_indigo 1.5.2+b5b2da4177
	- snowundertrees 1.4.8
	- snowy_tents 1.0.0
	- sodiumdynamiclights 1.0.9
	- sodiumoptionsapi 1.0.10
	- sophisticatedbackpacks 3.23.2.1186
	- sophisticatedcore 1.2.2.847
	- soul_fire_d 4.0.10
	- soulbound 1.0.0
	- sound_physics_remastered 1.20.1-1.4.8
	- sparsestructuresreforged 1.20.1-0.0.1
	- spelunkers_charm 3.6.0
	- spyglass_improvements 1.5+mc1.20+forge
	- stoneworks 8.0.0
	- storagedrawers 12.9.13
	- structory 1.3.5
	- structure_gel 2.16.2
	- structureessentials 1.20.1-4.2
	- structurify 1.0.11
	- stylisheffects 8.0.2
	- subtle_effects 1.8.0
	- supermartijn642configlib 1.1.8
	- supplementaries 1.20-3.1.12
	- suppsquared 1.20-1.1.18
	- t_and_t 0.0NONE
	- tact 1.2.1
	- taxfreelevels 1.4.7
	- taxtg 1.1.0
	- terrablender 3.0.1.7
	- theinkarena 1.3.1
	- tlc 1.0.2
	- toastcontrol 8.0.3
	- toms_storage 1.7.0
	- too_many_bows 3.3.1
	- toofast 0.4.3.5
	- torch_hit 7.0.0
	- trade_cycling 1.20.1-1.0.15
	- travelerstitles 1.20-Forge-4.0.2
	- treasuredistance 1.20-1.2
	- treechop 0.19.0
	- trials 2.3.3
	- tumbleweed 0.5.5
	- txnilib 1.0.21
		|-- fabric_api 0.92.2+1.11.9+1.20.1
		|-- fabric_api_lookup_api_v1 1.6.36+67f9824077
		|-- fabric_biome_api_v1 13.0.13+dc36698e77
		|-- fabric_block_api_v1 1.0.11+0e6cb7f777
		|-- fabric_block_view_api_v2 1.0.1+0767707077
		|-- fabric_blockrenderlayer_v1 1.1.41+1d0da21e77
		|-- fabric_client_tags_api_v1 1.1.2+5d6761b877
		|-- fabric_command_api_v1 1.2.34+f71b366f77
		|-- fabric_command_api_v2 2.2.13+561530ec77
		|-- fabric_content_registries_v0 4.0.11+a670df1e77
		|-- fabric_convention_tags_v1 1.5.5+fa3d1c0177
		|-- fabric_data_attachment_api_v1 1.0.0+30ef839e77
		|-- fabric_data_generation_api_v1 12.3.4+369cb3a477
		|-- fabric_dimensions_v1 2.1.54+8005d10d77
		|-- fabric_entity_events_v1 1.6.0+6274ab9d77
		|-- fabric_events_interaction_v0 0.6.2+0d0bd5a777
		|-- fabric_game_rule_api_v1 1.0.40+683d4da877
		|-- fabric_item_api_v1 2.1.28+4d0bbcfa77
		|-- fabric_item_group_api_v1 4.0.12+c9161c2d77
		|-- fabric_key_binding_api_v1 1.0.37+561530ec77
		|-- fabric_lifecycle_events_v1 2.2.22+afab492177
		|-- fabric_loot_api_v2 1.2.1+eb28f93e77
		|-- fabric_message_api_v1 5.1.9+52cc178c77
		|-- fabric_mining_level_api_v1 2.1.50+561530ec77
		|-- fabric_model_loading_api_v1 1.0.3+6274ab9d77
		|-- fabric_models_v0 0.4.2+7c3892a477
		|-- fabric_networking_api_v1 1.3.11+503a202477
		|-- fabric_object_builder_api_v1 11.1.3+2174fc8477
		|-- fabric_particles_v1 1.1.2+78e1ecb877
		|-- fabric_recipe_api_v1 1.0.21+514a076577
		|-- fabric_registry_sync_v0 2.3.3+1c0ea72177
		|-- fabric_renderer_api_v1 3.2.1+cf68abbe77
		|-- fabric_rendering_data_attachment_v1 0.3.37+a6081afc77
		|-- fabric_rendering_fluids_v1 3.0.28+4ac5e37a77
		|-- fabric_rendering_v1 3.0.8+66e9a48f77
		|-- fabric_resource_conditions_api_v1 2.3.8+9ad825cd77
		|-- fabric_resource_loader_v0 0.11.10+bcd08ed377
		|-- fabric_screen_api_v1 2.0.8+45a670a577
		|-- fabric_screen_handler_api_v1 1.3.30+561530ec77
		|-- fabric_sound_api_v1 1.0.13+4f23bd8477
		|-- fabric_transfer_api_v1 3.3.5+631c9cd677
		\-- fabric_transitive_access_wideners_v1 4.3.1+1880499877
	- undergarden 0.8.14
	- undergardendelight 1.0.0
	- universalbonemeal 8.0.1
	- untitledduckmod 0.8.0
	- upgrade_aquatic 6.0.1
	- valhelsia_core 1.1.2
	- valhelsia_furniture 1.1.3
	- valhelsia_structures 1.20.1-1.1.2
	- villagersellanimals 1.2.1
	- visuality 2.0.2
	- visualworkbench 8.0.0
	- voidscape 1.20.1-1.5.389
	- w2w2 1.0
	- watut 1.20.1-1.1.3
	- waystones 14.1.7
	- wither_spawn_animation 1.4
	- woodworks 3.0.1
	- xaerominimap 25.0.0
	- xaeroworldmap 1.39.2
	- yet_another_config_lib_v3 3.6.2+1.20.1-forge
	- yungsapi 1.20-Forge-4.0.6
	- yungscavebiomes 1.20.1-Forge-2.0.1
	- yungsextras 1.20-Forge-4.0.3
[26Feb2025 04:52:29.978] [main/WARN] [mixin/]: Reference map 'Aquamirae.refmap.json' for aquamirae.mixins.json could not be read. If this is a development environment you can ignore this message
[26Feb2025 04:52:29.989] [main/WARN] [mixin/]: Reference map 'cristellib-forge-refmap.json' for cristellib.mixins.json could not be read. If this is a development environment you can ignore this message
[26Feb2025 04:52:30.224] [main/WARN] [mixin/]: Reference map 'simplyswords-forge-refmap.json' for simplyswords.mixins.json could not be read. If this is a development environment you can ignore this message
[26Feb2025 04:52:30.293] [main/WARN] [mixin/]: Reference map 'limitedchunks.refmap.json' for limitedchunks.mixins.json could not be read. If this is a development environment you can ignore this message
[26Feb2025 04:52:30.342] [main/WARN] [mixin/]: Reference map 'netherdepthsupgrade.refmap.json' for netherdepthsupgrade.mixins.json could not be read. If this is a development environment you can ignore this message
[26Feb2025 04:52:30.430] [main/WARN] [mixin/]: Reference map 'torch_hit.refmap.json' for torch_hit.mixins.json could not be read. If this is a development environment you can ignore this message
[26Feb2025 04:52:30.436] [main/WARN] [mixin/]: Reference map 'torch_hit.refmap.json' for torch_hit.forge.mixins.json could not be read. If this is a development environment you can ignore this message
[26Feb2025 04:52:30.480] [main/WARN] [mixin/]: Reference map 'coroutil.refmap.json' for coroutil.mixins.json could not be read. If this is a development environment you can ignore this message
[26Feb2025 04:52:30.489] [main/WARN] [mixin/]: Reference map 'mvs-forge-refmap.json' for mvs-forge.mixins.json could not be read. If this is a development environment you can ignore this message
[26Feb2025 04:52:31.084] [main/ERROR] [net.minecraftforge.coremod.transformer.CoreModBaseTransformer/COREMOD]: Error occurred applying transform of coremod coremods/field_to_method.js function biome
java.lang.IllegalStateException: Field f_47437_ is not private and an instance field
	at net.minecraftforge.coremod.api.ASMAPI.redirectFieldToMethod(ASMAPI.java:270) ~[coremods-5.1.6.jar%2354!/:?]
	at org.openjdk.nashorn.internal.scripts.Script$Recompilation$73$292A$\^eval\_.initializeCoreMod#transformer(<eval>:11) ~[?:?]
	at org.openjdk.nashorn.internal.runtime.ScriptFunctionData.invoke(ScriptFunctionData.java:648) ~[nashorn-core-15.3.jar%2366!/:?]
	at org.openjdk.nashorn.internal.runtime.ScriptFunction.invoke(ScriptFunction.java:513) ~[nashorn-core-15.3.jar%2366!/:?]
	at org.openjdk.nashorn.internal.runtime.ScriptRuntime.apply(ScriptRuntime.java:520) ~[nashorn-core-15.3.jar%2366!/:?]
	at org.openjdk.nashorn.api.scripting.ScriptObjectMirror.call(ScriptObjectMirror.java:111) ~[nashorn-core-15.3.jar%2366!/:?]
	at net.minecraftforge.coremod.NashornFactory.lambda$getFunction$0(NashornFactory.java:22) ~[coremods-5.1.6.jar%2354!/:5.1.6]
	at net.minecraftforge.coremod.transformer.CoreModClassTransformer.runCoremod(CoreModClassTransformer.java:22) ~[coremods-5.1.6.jar%2354!/:?]
	at net.minecraftforge.coremod.transformer.CoreModClassTransformer.runCoremod(CoreModClassTransformer.java:14) ~[coremods-5.1.6.jar%2354!/:?]
	at net.minecraftforge.coremod.transformer.CoreModBaseTransformer.transform(CoreModBaseTransformer.java:42) ~[coremods-5.1.6.jar%2354!/:?]
	at cpw.mods.modlauncher.TransformerHolder.transform(TransformerHolder.java:41) ~[modlauncher-10.0.9.jar%2355!/:?]
	at cpw.mods.modlauncher.ClassTransformer.performVote(ClassTransformer.java:179) ~[modlauncher-10.0.9.jar%2355!/:?]
	at cpw.mods.modlauncher.ClassTransformer.transform(ClassTransformer.java:117) ~[modlauncher-10.0.9.jar%2355!/:?]
	at cpw.mods.modlauncher.TransformingClassLoader.maybeTransformClassBytes(TransformingClassLoader.java:50) ~[modlauncher-10.0.9.jar%2355!/:?]
	at cpw.mods.cl.ModuleClassLoader.getMaybeTransformedClassBytes(ModuleClassLoader.java:250) ~[securejarhandler-2.1.10.jar:?]
	at cpw.mods.modlauncher.TransformingClassLoader.buildTransformedClassNodeFor(TransformingClassLoader.java:58) ~[modlauncher-10.0.9.jar%2355!/:?]
	at cpw.mods.modlauncher.LaunchPluginHandler.lambda$announceLaunch$10(LaunchPluginHandler.java:100) ~[modlauncher-10.0.9.jar%2355!/:?]
	at org.spongepowered.asm.launch.MixinLaunchPluginLegacy.getClassNode(MixinLaunchPluginLegacy.java:222) ~[mixin-0.8.5.jar%2365!/:0.8.5+Jenkins-b310.git-155314e6e91465dad727e621a569906a410cd6f4]
	at org.spongepowered.asm.launch.MixinLaunchPluginLegacy.getClassNode(MixinLaunchPluginLegacy.java:207) ~[mixin-0.8.5.jar%2365!/:0.8.5+Jenkins-b310.git-155314e6e91465dad727e621a569906a410cd6f4]
	at org.spongepowered.asm.mixin.transformer.ClassInfo.forName(ClassInfo.java:2005) ~[mixin-0.8.5.jar%2365!/:0.8.5+Jenkins-b310.git-155314e6e91465dad727e621a569906a410cd6f4]
	at org.spongepowered.asm.mixin.transformer.MixinInfo.getTargetClass(MixinInfo.java:1017) ~[mixin-0.8.5.jar%2365!/:0.8.5+Jenkins-b310.git-155314e6e91465dad727e621a569906a410cd6f4]
	at org.spongepowered.asm.mixin.transformer.MixinInfo.readTargetClasses(MixinInfo.java:1007) ~[mixin-0.8.5.jar%2365!/:0.8.5+Jenkins-b310.git-155314e6e91465dad727e621a569906a410cd6f4]
	at org.spongepowered.asm.mixin.transformer.MixinInfo.parseTargets(MixinInfo.java:895) ~[mixin-0.8.5.jar%2365!/:0.8.5+Jenkins-b310.git-155314e6e91465dad727e621a569906a410cd6f4]
	at org.spongepowered.asm.mixin.transformer.MixinConfig.prepareMixins(MixinConfig.java:867) ~[mixin-0.8.5.jar%2365!/:0.8.5+Jenkins-b310.git-155314e6e91465dad727e621a569906a410cd6f4]
	at org.spongepowered.asm.mixin.transformer.MixinConfig.prepare(MixinConfig.java:775) ~[mixin-0.8.5.jar%2365!/:0.8.5+Jenkins-b310.git-155314e6e91465dad727e621a569906a410cd6f4]
	at org.spongepowered.asm.mixin.transformer.MixinProcessor.prepareConfigs(MixinProcessor.java:539) ~[mixin-0.8.5.jar%2365!/:0.8.5+Jenkins-b310.git-155314e6e91465dad727e621a569906a410cd6f4]
	at org.spongepowered.asm.mixin.transformer.MixinProcessor.select(MixinProcessor.java:462) ~[mixin-0.8.5.jar%2365!/:0.8.5+Jenkins-b310.git-155314e6e91465dad727e621a569906a410cd6f4]
	at org.spongepowered.asm.mixin.transformer.MixinProcessor.checkSelect(MixinProcessor.java:438) ~[mixin-0.8.5.jar%2365!/:0.8.5+Jenkins-b310.git-155314e6e91465dad727e621a569906a410cd6f4]
	at org.spongepowered.asm.mixin.transformer.MixinProcessor.applyMixins(MixinProcessor.java:290) ~[mixin-0.8.5.jar%2365!/:0.8.5+Jenkins-b310.git-155314e6e91465dad727e621a569906a410cd6f4]
	at org.spongepowered.asm.mixin.transformer.MixinTransformer.transformClass(MixinTransformer.java:250) ~[mixin-0.8.5.jar%2365!/:0.8.5+Jenkins-b310.git-155314e6e91465dad727e621a569906a410cd6f4]
	at org.spongepowered.asm.service.modlauncher.MixinTransformationHandler.processClass(MixinTransformationHandler.java:131) ~[mixin-0.8.5.jar%2365!/:0.8.5+Jenkins-b310.git-155314e6e91465dad727e621a569906a410cd6f4]
	at org.spongepowered.asm.launch.MixinLaunchPluginLegacy.processClass(MixinLaunchPluginLegacy.java:131) ~[mixin-0.8.5.jar%2365!/:0.8.5+Jenkins-b310.git-155314e6e91465dad727e621a569906a410cd6f4]
	at cpw.mods.modlauncher.serviceapi.ILaunchPluginService.processClassWithFlags(ILaunchPluginService.java:156) ~[modlauncher-10.0.9.jar%2355!/:10.0.9+10.0.9+main.dcd20f30]
	at cpw.mods.modlauncher.LaunchPluginHandler.offerClassNodeToPlugins(LaunchPluginHandler.java:88) ~[modlauncher-10.0.9.jar%2355!/:?]
	at cpw.mods.modlauncher.ClassTransformer.transform(ClassTransformer.java:120) ~[modlauncher-10.0.9.jar%2355!/:?]
	at cpw.mods.modlauncher.TransformingClassLoader.maybeTransformClassBytes(TransformingClassLoader.java:50) ~[modlauncher-10.0.9.jar%2355!/:?]
	at cpw.mods.cl.ModuleClassLoader.readerToClass(ModuleClassLoader.java:113) ~[securejarhandler-2.1.10.jar:?]
	at cpw.mods.cl.ModuleClassLoader.lambda$findClass$15(ModuleClassLoader.java:219) ~[securejarhandler-2.1.10.jar:?]
	at cpw.mods.cl.ModuleClassLoader.loadFromModule(ModuleClassLoader.java:229) ~[securejarhandler-2.1.10.jar:?]
	at cpw.mods.cl.ModuleClassLoader.findClass(ModuleClassLoader.java:219) ~[securejarhandler-2.1.10.jar:?]
	at java.lang.ClassLoader.loadClass(ClassLoader.java:637) ~[?:?]
	at java.lang.Class.forName(Class.java:545) ~[?:?]
	at net.minecraftforge.fml.loading.ImmediateWindowHandler$DummyProvider.lambda$updateModuleReads$1(ImmediateWindowHandler.java:145) ~[fmlloader-1.20.1-47.3.7.jar%2369!/:1.0]
	at java.util.Optional.map(Optional.java:260) ~[?:?]
	at net.minecraftforge.fml.loading.ImmediateWindowHandler$DummyProvider.updateModuleReads(ImmediateWindowHandler.java:145) ~[fmlloader-1.20.1-47.3.7.jar%2369!/:1.0]
	at net.minecraftforge.fml.loading.ImmediateWindowHandler.acceptGameLayer(ImmediateWindowHandler.java:71) ~[fmlloader-1.20.1-47.3.7.jar%2369!/:1.0]
	at net.minecraftforge.fml.loading.FMLLoader.beforeStart(FMLLoader.java:207) ~[fmlloader-1.20.1-47.3.7.jar%2369!/:1.0]
	at net.minecraftforge.fml.loading.targets.CommonLaunchHandler.launchService(CommonLaunchHandler.java:92) ~[fmlloader-1.20.1-47.3.7.jar%2369!/:?]
	at cpw.mods.modlauncher.LaunchServiceHandlerDecorator.launch(LaunchServiceHandlerDecorator.java:30) ~[modlauncher-10.0.9.jar%2355!/:?]
	at cpw.mods.modlauncher.LaunchServiceHandler.launch(LaunchServiceHandler.java:53) ~[modlauncher-10.0.9.jar%2355!/:?]
	at cpw.mods.modlauncher.LaunchServiceHandler.launch(LaunchServiceHandler.java:71) ~[modlauncher-10.0.9.jar%2355!/:?]
	at cpw.mods.modlauncher.Launcher.run(Launcher.java:108) ~[modlauncher-10.0.9.jar%2355!/:?]
	at cpw.mods.modlauncher.Launcher.main(Launcher.java:78) ~[modlauncher-10.0.9.jar%2355!/:?]
	at cpw.mods.modlauncher.BootstrapLaunchConsumer.accept(BootstrapLaunchConsumer.java:26) ~[modlauncher-10.0.9.jar%2355!/:?]
	at cpw.mods.modlauncher.BootstrapLaunchConsumer.accept(BootstrapLaunchConsumer.java:23) ~[modlauncher-10.0.9.jar%2355!/:?]
	at cpw.mods.bootstraplauncher.BootstrapLauncher.main(BootstrapLauncher.java:141) ~[bootstraplauncher-1.1.2.jar:?]
[26Feb2025 04:52:31.402] [main/WARN] [mixin/]: Error loading class: sereneseasons/season/RandomUpdateHandler (java.lang.ClassNotFoundException: sereneseasons.season.RandomUpdateHandler)
[26Feb2025 04:52:31.402] [main/WARN] [mixin/]: @Mixin target sereneseasons.season.RandomUpdateHandler was not found snowrealmagic.mixins.json:sereneseasons.RandomUpdateHandlerMixin
[26Feb2025 04:52:31.518] [main/INFO] [net.minecraftforge.coremod.CoreMod.placebo/COREMODLOG]: Patching IForgeItemStack#getEnchantmentLevel
[26Feb2025 04:52:31.526] [main/INFO] [net.minecraftforge.coremod.CoreMod.placebo/COREMODLOG]: Patching IForgeItemStack#getEnchantmentLevel
[26Feb2025 04:52:31.592] [main/ERROR] [net.minecraftforge.fml.loading.RuntimeDistCleaner/DISTXFORM]: Attempted to load class net/minecraft/client/renderer/block/model/BlockModel for invalid dist DEDICATED_SERVER
[26Feb2025 04:52:31.593] [main/WARN] [mixin/]: Error loading class: net/minecraft/client/renderer/block/model/BlockModel (java.lang.RuntimeException: Attempted to load class net/minecraft/client/renderer/block/model/BlockModel for invalid dist DEDICATED_SERVER)
[26Feb2025 04:52:31.594] [main/WARN] [mixin/]: @Mixin target net.minecraft.client.renderer.block.model.BlockModel was not found META-INF/mixin/nebs.mixins.json:BlockModelMixin
[26Feb2025 04:52:31.800] [main/INFO] [dev.uncandango.alltheleaks.AllTheLeaks/]: Skipping issue ItemStackCreationStatistics from mod jei as it's dev only!
[26Feb2025 04:52:31.801] [main/INFO] [dev.uncandango.alltheleaks.AllTheLeaks/]: Class dev.uncandango.alltheleaks.leaks.common.mods.travelersbackpack.UntrackedIssue001 will NOT be loaded as mod travelersbackpack is not present
[26Feb2025 04:52:31.801] [main/INFO] [dev.uncandango.alltheleaks.AllTheLeaks/]: Class dev.uncandango.alltheleaks.leaks.common.mods.toolbelt.UntrackedIssue001 will NOT be loaded as mod toolbelt is not present
[26Feb2025 04:52:31.801] [main/INFO] [dev.uncandango.alltheleaks.AllTheLeaks/]: Class dev.uncandango.alltheleaks.leaks.common.mods.tfcthermaldeposits.UntrackedIssue001 will NOT be loaded as mod tfcthermaldeposits is not present
[26Feb2025 04:52:31.801] [main/INFO] [dev.uncandango.alltheleaks.AllTheLeaks/]: Class dev.uncandango.alltheleaks.leaks.common.mods.smallships.UntrackedIssue001 will NOT be loaded as mod smallships is not present
[26Feb2025 04:52:31.802] [main/INFO] [dev.uncandango.alltheleaks.AllTheLeaks/]: Class dev.uncandango.alltheleaks.leaks.common.mods.railcraft.UntrackedIssue001 will NOT be loaded as mod railcraft is not present
[26Feb2025 04:52:31.802] [main/INFO] [dev.uncandango.alltheleaks.AllTheLeaks/]: Class dev.uncandango.alltheleaks.leaks.common.mods.pneumaticcraft.UntrackedIssue001 will NOT be loaded as mod pneumaticcraft is not present
[26Feb2025 04:52:31.802] [main/INFO] [dev.uncandango.alltheleaks.AllTheLeaks/]: Class dev.uncandango.alltheleaks.leaks.common.mods.occultism.UntrackedIssue001 will NOT be loaded as mod occultism is not present
[26Feb2025 04:52:31.803] [main/INFO] [dev.uncandango.alltheleaks.AllTheLeaks/]: Class dev.uncandango.alltheleaks.leaks.common.mods.minecraft.UntrackedIssue002 will be loaded as it matches versions: 1.20.1 in 1.20.1
[26Feb2025 04:52:31.803] [main/INFO] [dev.uncandango.alltheleaks.AllTheLeaks/]: Mixins added to allowed list: [main.EntityTickListMixin]
[26Feb2025 04:52:31.804] [main/INFO] [dev.uncandango.alltheleaks.AllTheLeaks/]: Class dev.uncandango.alltheleaks.leaks.common.mods.minecraft.UntrackedIssue001 will be loaded as it matches versions: 1.20.1 in 1.20.1
[26Feb2025 04:52:31.804] [main/INFO] [dev.uncandango.alltheleaks.AllTheLeaks/]: Class dev.uncandango.alltheleaks.leaks.common.mods.irons_spellbooks.UntrackedIssue001 will NOT be loaded as mod irons_spellbooks is not present
[26Feb2025 04:52:31.804] [main/INFO] [dev.uncandango.alltheleaks.AllTheLeaks/]: Class dev.uncandango.alltheleaks.leaks.common.mods.forge.UntrackedIssue003 will be loaded as it matches versions: 47.3.7 in [47.2,)
[26Feb2025 04:52:31.805] [main/INFO] [dev.uncandango.alltheleaks.AllTheLeaks/]: Class dev.uncandango.alltheleaks.leaks.common.mods.forge.UntrackedIssue002 will be loaded as it matches versions: 47.3.7 in [47.2,)
[26Feb2025 04:52:31.805] [main/INFO] [dev.uncandango.alltheleaks.AllTheLeaks/]: Mixins added to allowed list: [accessor.FakePlayerNetHandlerAccessor, accessor.ConnectionAccessor]
[26Feb2025 04:52:31.805] [main/INFO] [dev.uncandango.alltheleaks.AllTheLeaks/]: Class dev.uncandango.alltheleaks.leaks.common.mods.forge.UntrackedIssue001 will be loaded as it matches versions: 47.3.7 in [47.2,)
[26Feb2025 04:52:31.805] [main/INFO] [dev.uncandango.alltheleaks.AllTheLeaks/]: Mixins added to allowed list: [main.ServerPlayerMixin, main.PlayerListMixin]
[26Feb2025 04:52:31.805] [main/INFO] [dev.uncandango.alltheleaks.AllTheLeaks/]: Class dev.uncandango.alltheleaks.leaks.common.mods.forbidden_arcanus.UntrackedIssue001 will NOT be loaded as mod forbidden_arcanus is not present
[26Feb2025 04:52:31.806] [main/INFO] [dev.uncandango.alltheleaks.AllTheLeaks/]: Class dev.uncandango.alltheleaks.leaks.common.mods.curios.UntrackedIssue001 will be loaded as it matches versions: 5.11.1+1.20.1 in [5.9.1,)
[26Feb2025 04:52:31.806] [main/INFO] [dev.uncandango.alltheleaks.AllTheLeaks/]: Mixins added to allowed list: [main.CuriosEventHandlerMixin]
[26Feb2025 04:52:31.806] [main/INFO] [dev.uncandango.alltheleaks.AllTheLeaks/]: Class dev.uncandango.alltheleaks.leaks.common.mods.createaddition.UntrackedIssue001 will NOT be loaded as mod createaddition is not present
[26Feb2025 04:52:31.806] [main/INFO] [dev.uncandango.alltheleaks.AllTheLeaks/]: Class dev.uncandango.alltheleaks.leaks.common.mods.create.UntrackedIssue001 will be loaded as it matches versions: 0.5.1.j in [0.5.1.c,)
[26Feb2025 04:52:31.806] [main/INFO] [dev.uncandango.alltheleaks.AllTheLeaks/]: Mixins added to allowed list: [accessor.ExtendoGripItemAccessor]
[26Feb2025 04:52:31.806] [main/INFO] [dev.uncandango.alltheleaks.AllTheLeaks/]: Class dev.uncandango.alltheleaks.leaks.common.mods.citadel.UntrackedIssue001 will be loaded as it matches versions: 2.6.1 in [2.5.4,)
[26Feb2025 04:52:31.807] [main/INFO] [dev.uncandango.alltheleaks.AllTheLeaks/]: Class dev.uncandango.alltheleaks.leaks.common.mods.betterf3.UntrackedIssue001 will be loaded as it matches versions: 7.0.2 in [7.0.2,)
[26Feb2025 04:52:31.807] [main/INFO] [dev.uncandango.alltheleaks.AllTheLeaks/]: Mixins added to allowed list: [main.LocationModuleMixin]
[26Feb2025 04:52:31.807] [main/INFO] [dev.uncandango.alltheleaks.AllTheLeaks/]: Class dev.uncandango.alltheleaks.leaks.common.mods.badpackets.UntrackedIssue001 will NOT be loaded as mod badpackets is not present
[26Feb2025 04:52:31.807] [main/INFO] [dev.uncandango.alltheleaks.AllTheLeaks/]: Class dev.uncandango.alltheleaks.leaks.common.mods.ars_nouveau.UntrackedIssue002 will NOT be loaded as mod ars_nouveau is not present
[26Feb2025 04:52:31.808] [main/INFO] [dev.uncandango.alltheleaks.AllTheLeaks/]: Class dev.uncandango.alltheleaks.leaks.common.mods.ars_nouveau.UntrackedIssue001 will NOT be loaded as mod ars_nouveau is not present
[26Feb2025 04:52:31.808] [main/INFO] [dev.uncandango.alltheleaks.AllTheLeaks/]: Class dev.uncandango.alltheleaks.leaks.common.mods.architectury.UntrackedIssue001 will be loaded as it matches versions: 9.2.14 in [9.0.8,)
[26Feb2025 04:52:31.808] [main/INFO] [dev.uncandango.alltheleaks.AllTheLeaks/]: Class dev.uncandango.alltheleaks.leaks.common.mods.aether.UntrackedIssue001 will NOT be loaded as mod aether is not present
[26Feb2025 04:52:31.808] [main/INFO] [dev.uncandango.alltheleaks.AllTheLeaks/]: Class dev.uncandango.alltheleaks.leaks.common.mods.ae2wtlib.UntrackedIssue001 will NOT be loaded as mod ae2wtlib is not present
[26Feb2025 04:52:31.809] [main/INFO] [dev.uncandango.alltheleaks.AllTheLeaks/]: Skipping issue [untracked] from mod twilightforest as it is client side only!
[26Feb2025 04:52:31.809] [main/INFO] [dev.uncandango.alltheleaks.AllTheLeaks/]: Skipping issue [untracked] from mod travelersbackpack as it is client side only!
[26Feb2025 04:52:31.809] [main/INFO] [dev.uncandango.alltheleaks.AllTheLeaks/]: Skipping issue [untracked] from mod tombstone as it is client side only!
[26Feb2025 04:52:31.809] [main/INFO] [dev.uncandango.alltheleaks.AllTheLeaks/]: Skipping issue [untracked] from mod pneumaticcraft as it is client side only!
[26Feb2025 04:52:31.810] [main/INFO] [dev.uncandango.alltheleaks.AllTheLeaks/]: Skipping issue [untracked] from mod nuclearcraft as it is client side only!
[26Feb2025 04:52:31.810] [main/INFO] [dev.uncandango.alltheleaks.AllTheLeaks/]: Skipping issue [untracked] from mod mousetweaks as it is client side only!
[26Feb2025 04:52:31.810] [main/INFO] [dev.uncandango.alltheleaks.AllTheLeaks/]: Skipping issue [untracked] from mod minecraft as it is client side only!
[26Feb2025 04:52:31.811] [main/INFO] [dev.uncandango.alltheleaks.AllTheLeaks/]: Skipping issue [untracked] from mod minecraft as mod modernfix is present!
[26Feb2025 04:52:31.811] [main/INFO] [dev.uncandango.alltheleaks.AllTheLeaks/]: Skipping issue [untracked] from mod minecolonies as it is client side only!
[26Feb2025 04:52:31.811] [main/INFO] [dev.uncandango.alltheleaks.AllTheLeaks/]: Skipping issue [untracked] from mod ldlib as it is client side only!
[26Feb2025 04:52:31.812] [main/INFO] [dev.uncandango.alltheleaks.AllTheLeaks/]: Skipping issue [untracked] from mod journeymap as it is client side only!
[26Feb2025 04:52:31.812] [main/INFO] [dev.uncandango.alltheleaks.AllTheLeaks/]: Skipping issue [untracked] from mod jeresources as it is client side only!
[26Feb2025 04:52:31.812] [main/INFO] [dev.uncandango.alltheleaks.AllTheLeaks/]: Skipping issue [untracked] from mod jei as it is client side only!
[26Feb2025 04:52:31.813] [main/INFO] [dev.uncandango.alltheleaks.AllTheLeaks/]: Skipping issue [untracked] from mod jei as it is client side only!
[26Feb2025 04:52:31.813] [main/INFO] [dev.uncandango.alltheleaks.AllTheLeaks/]: Skipping issue [untracked] from mod irons_spellbooks as it is client side only!
[26Feb2025 04:52:31.813] [main/INFO] [dev.uncandango.alltheleaks.AllTheLeaks/]: Skipping issue [untracked] from mod iceberg as it is client side only!
[26Feb2025 04:52:31.814] [main/INFO] [dev.uncandango.alltheleaks.AllTheLeaks/]: Skipping issue [untracked] from mod iceberg as it is client side only!
[26Feb2025 04:52:31.814] [main/INFO] [dev.uncandango.alltheleaks.AllTheLeaks/]: Skipping issue [untracked] from mod iceberg as it is client side only!
[26Feb2025 04:52:31.815] [main/INFO] [dev.uncandango.alltheleaks.AllTheLeaks/]: Skipping issue [untracked] from mod geckolib as it is client side only!
[26Feb2025 04:52:31.816] [main/INFO] [dev.uncandango.alltheleaks.AllTheLeaks/]: Skipping issue [untracked] from mod ftblibrary as it is client side only!
[26Feb2025 04:52:31.816] [main/INFO] [dev.uncandango.alltheleaks.AllTheLeaks/]: Skipping issue [untracked] from mod flywheel as it is client side only!
[26Feb2025 04:52:31.816] [main/INFO] [dev.uncandango.alltheleaks.AllTheLeaks/]: Skipping issue [untracked] from mod findme as it is client side only!
[26Feb2025 04:52:31.817] [main/INFO] [dev.uncandango.alltheleaks.AllTheLeaks/]: Skipping issue [untracked] from mod emi_loot as it is client side only!
[26Feb2025 04:52:31.817] [main/INFO] [dev.uncandango.alltheleaks.AllTheLeaks/]: Skipping issue [untracked] from mod emi as it is client side only!
[26Feb2025 04:52:31.818] [main/INFO] [dev.uncandango.alltheleaks.AllTheLeaks/]: Skipping issue [untracked] from mod easy_villagers as it is client side only!
[26Feb2025 04:52:31.818] [main/INFO] [dev.uncandango.alltheleaks.AllTheLeaks/]: Skipping issue [untracked] from mod difficultylock as it is client side only!
[26Feb2025 04:52:31.818] [main/INFO] [dev.uncandango.alltheleaks.AllTheLeaks/]: Skipping issue [untracked] from mod cyclopscore as it is client side only!
[26Feb2025 04:52:31.819] [main/INFO] [dev.uncandango.alltheleaks.AllTheLeaks/]: Skipping issue [untracked] from mod corpse as it is client side only!
[26Feb2025 04:52:31.820] [main/INFO] [dev.uncandango.alltheleaks.AllTheLeaks/]: Skipping issue [untracked] from mod blue_skies as it is client side only!
[26Feb2025 04:52:31.821] [main/INFO] [dev.uncandango.alltheleaks.AllTheLeaks/]: Skipping issue [untracked] from mod badpackets as it is client side only!
[26Feb2025 04:52:31.821] [main/INFO] [dev.uncandango.alltheleaks.AllTheLeaks/]: Skipping issue [untracked] from mod ae2wtlib as it is client side only!
[26Feb2025 04:52:31.821] [main/INFO] [dev.uncandango.alltheleaks.AllTheLeaks/]: Skipping issue [untracked] from mod ae2wtlib as it is client side only!
[26Feb2025 04:52:31.821] [main/INFO] [dev.uncandango.alltheleaks.AllTheLeaks/]: Class dev.uncandango.alltheleaks.fix.common.mods.modernfix.CancelRLMixin will be loaded as it matches versions: 5.20.2+mc1.20.1 in [5.0.0,)
[26Feb2025 04:52:31.822] [main/INFO] [dev.uncandango.alltheleaks.AllTheLeaks/]: Mixins added to cancel list: [org.embeddedt.modernfix.common.mixin.perf.deduplicate_location.MixinResourceLocation]
[26Feb2025 04:52:31.826] [main/INFO] [dev.uncandango.alltheleaks.AllTheLeaks/]: Skipping feature ResourceLocation Deduplication from mod minecraft as it's feature flag is not activated!
[26Feb2025 04:52:31.826] [main/INFO] [dev.uncandango.alltheleaks.AllTheLeaks/]: Skipping feature Ingredient Deduplication from mod minecraft as it's feature flag is not activated!
[26Feb2025 04:52:31.826] [main/INFO] [dev.uncandango.alltheleaks.AllTheLeaks/]: Skipping feature Prevent Search Ignored Items from mod jei as it's feature flag is not activated!
[26Feb2025 04:52:31.924] [main/INFO] [com.cupboard.Cupboard/]: Loaded config for: structureessentials.json
[26Feb2025 04:52:31.980] [main/WARN] [mixin/]: Error loading class: net/minecraft/client/multiplayer/resolver/ServerAddressResolver (java.lang.ClassNotFoundException: net.minecraft.client.multiplayer.resolver.ServerAddressResolver)
[26Feb2025 04:52:31.980] [main/WARN] [mixin/]: @Mixin target net.minecraft.client.multiplayer.resolver.ServerAddressResolver was not found fastipping.mixins.json:AddressResolverMixin
[26Feb2025 04:52:32.472] [main/WARN] [mixin/]: Error loading class: vazkii/quark/addons/oddities/inventory/BackpackMenu (java.lang.ClassNotFoundException: vazkii.quark.addons.oddities.inventory.BackpackMenu)
[26Feb2025 04:52:32.473] [main/WARN] [mixin/]: Error loading class: net/minecraft/client/gui/screens/inventory/CraftingScreen (java.lang.ClassNotFoundException: net.minecraft.client.gui.screens.inventory.CraftingScreen)
[26Feb2025 04:52:32.475] [main/WARN] [mixin/]: @Mixin target net.minecraft.client.gui.screens.inventory.CraftingScreen was not found fastbench.mixins.json:MixinCraftingScreen
[26Feb2025 04:52:32.629] [main/ERROR] [net.minecraftforge.fml.loading.RuntimeDistCleaner/DISTXFORM]: Attempted to load class net/minecraft/client/MouseHandler for invalid dist DEDICATED_SERVER
[26Feb2025 04:52:32.629] [main/WARN] [mixin/]: Error loading class: net/minecraft/client/MouseHandler (java.lang.RuntimeException: Attempted to load class net/minecraft/client/MouseHandler for invalid dist DEDICATED_SERVER)
[26Feb2025 04:52:32.629] [main/WARN] [mixin/]: @Mixin target net.minecraft.client.MouseHandler was not found fabric-screen-api-v1.mixins.json:MouseMixin
[26Feb2025 04:52:32.631] [main/ERROR] [net.minecraftforge.fml.loading.RuntimeDistCleaner/DISTXFORM]: Attempted to load class net/minecraft/client/gui/screens/Screen for invalid dist DEDICATED_SERVER
[26Feb2025 04:52:32.631] [main/WARN] [mixin/]: Error loading class: net/minecraft/client/gui/screens/Screen (java.lang.RuntimeException: Attempted to load class net/minecraft/client/gui/screens/Screen for invalid dist DEDICATED_SERVER)
[26Feb2025 04:52:32.631] [main/WARN] [mixin/]: @Mixin target net.minecraft.client.gui.screens.Screen was not found fabric-screen-api-v1.mixins.json:ScreenAccessor
[26Feb2025 04:52:32.735] [main/WARN] [mixin/]: Error loading class: mezz/jei/library/plugins/vanilla/InventoryEffectRendererGuiHandler (java.lang.ClassNotFoundException: mezz.jei.library.plugins.vanilla.InventoryEffectRendererGuiHandler)
[26Feb2025 04:52:32.736] [main/WARN] [mixin/]: @Mixin target mezz.jei.library.plugins.vanilla.InventoryEffectRendererGuiHandler was not found stylisheffects.common.mixins.json:integration.jei.InventoryEffectRendererGuiHandlerMixin
[26Feb2025 04:52:32.910] [main/INFO] [com.cupboard.Cupboard/]: Loaded config for: recipeessentials.json
[26Feb2025 04:52:32.942] [main/WARN] [mixin/]: Error loading class: com/tiviacz/travelersbackpack/util/BackpackUtils (java.lang.ClassNotFoundException: com.tiviacz.travelersbackpack.util.BackpackUtils)
[26Feb2025 04:52:32.942] [main/WARN] [mixin/]: @Mixin target com.tiviacz.travelersbackpack.util.BackpackUtils was not found soulbound.mixins.json:BackpackUtilsMixin
[26Feb2025 04:52:32.950] [main/ERROR] [net.minecraftforge.fml.loading.RuntimeDistCleaner/DISTXFORM]: Attempted to load class net/minecraft/client/gui/screens/Screen for invalid dist DEDICATED_SERVER
[26Feb2025 04:52:32.951] [main/WARN] [mixin/]: Error loading class: net/minecraft/client/gui/screens/Screen (java.lang.RuntimeException: Attempted to load class net/minecraft/client/gui/screens/Screen for invalid dist DEDICATED_SERVER)
[26Feb2025 04:52:32.951] [main/WARN] [mixin/]: @Mixin target net.minecraft.client.gui.screens.Screen was not found relics.mixins.json:ScreenMixin
[26Feb2025 04:52:33.120] [main/WARN] [mixin/]: Error loading class: net/minecraft/client/renderer/entity/PhantomRenderer (java.lang.ClassNotFoundException: net.minecraft.client.renderer.entity.PhantomRenderer)
[26Feb2025 04:52:33.120] [main/WARN] [mixin/]: @Mixin target net.minecraft.client.renderer.entity.PhantomRenderer was not found mixins.deeperdarker.json:PhantomRendererMixin
[26Feb2025 04:52:33.847] [main/INFO] [MixinExtras|Service/]: Initializing MixinExtras via com.llamalad7.mixinextras.service.MixinExtrasServiceImpl(version=0.4.1).
[26Feb2025 04:52:34.269] [main/INFO] [mixin/]: Mixing server.MixinDedicatedServer from mixins/common/nochatreports.mixins.json into net.minecraft.server.dedicated.DedicatedServer
[26Feb2025 04:52:34.343] [main/INFO] [Smooth Boot (Reloaded)/]: Smooth Boot (Reloaded) config initialized
[26Feb2025 04:52:34.446] [main/WARN] [mixin/]: Static binding violation: PRIVATE @Overwrite method m_216202_ in modernfix-forge.mixins.json:perf.tag_id_caching.TagOrElementLocationMixin cannot reduce visibiliy of PUBLIC target method, visibility will be upgraded.
[26Feb2025 04:52:34.831] [main/INFO] [net.minecraft.server.Bootstrap/]: ModernFix reached bootstrap stage (38.14 s after launch)
[26Feb2025 04:52:35.002] [main/INFO] [mixin/]: Mixing common.MixinFriendlyByteBuf from mixins/common/nochatreports.mixins.json into net.minecraft.network.FriendlyByteBuf
[26Feb2025 04:52:35.003] [main/INFO] [mixin/]: Renaming synthetic method lambda$onWriteJsonWithCodec$1(Ljava/lang/Object;Ljava/lang/String;)Lio/netty/handler/codec/EncoderException; to mdcb323d$lambda$onWriteJsonWithCodec$1$0 in mixins/common/nochatreports.mixins.json:common.MixinFriendlyByteBuf
[26Feb2025 04:52:35.003] [main/INFO] [mixin/]: Renaming synthetic method lambda$onReadJsonWithCodec$0(Ljava/lang/String;)Lio/netty/handler/codec/DecoderException; to mdcb323d$lambda$onReadJsonWithCodec$0$1 in mixins/common/nochatreports.mixins.json:common.MixinFriendlyByteBuf
[26Feb2025 04:52:35.068] [main/WARN] [mixin/]: @Final field delegatesByName:Ljava/util/Map; in modernfix-forge.mixins.json:perf.forge_registry_alloc.ForgeRegistryMixin should be final
[26Feb2025 04:52:35.068] [main/WARN] [mixin/]: @Final field delegatesByValue:Ljava/util/Map; in modernfix-forge.mixins.json:perf.forge_registry_alloc.ForgeRegistryMixin should be final
[26Feb2025 04:52:35.617] [main/INFO] [ModernFix/]: Injecting BlockStateBase cache population hook into getNeighborPathNodeType from com.abdelaziz.canary.mixin.ai.pathing.BlockStateBaseMixin
[26Feb2025 04:52:35.617] [main/INFO] [ModernFix/]: Injecting BlockStateBase cache population hook into getPathNodeType from com.abdelaziz.canary.mixin.ai.pathing.BlockStateBaseMixin
[26Feb2025 04:52:36.086] [main/INFO] [net.minecraftforge.coremod.CoreMod.placebo/COREMODLOG]: Patching IForgeItemStack#getEnchantmentLevel
[26Feb2025 04:52:36.087] [main/INFO] [net.minecraftforge.coremod.CoreMod.placebo/COREMODLOG]: Patching IForgeItemStack#getEnchantmentLevel
[26Feb2025 04:52:36.378] [main/WARN] [mixin/]: @Inject(@At("INVOKE")) Shift.BY=1 on crittersandcompanions.mixins.json:LivingEntityMixin::handler$dch000$onDie exceeds the maximum allowed value: 0. Increase the value of maxShiftBy to suppress this warning.
[26Feb2025 04:52:38.197] [main/INFO] [net.minecraft.server.Bootstrap/]: Vanilla bootstrap took 3361 milliseconds
[26Feb2025 04:52:38.635] [main/INFO] [net.minecraftforge.coremod.CoreMod.placebo/COREMODLOG]: Patching IForgeItemStack#getEnchantmentLevel
[26Feb2025 04:52:38.636] [main/INFO] [net.minecraftforge.coremod.CoreMod.placebo/COREMODLOG]: Patching IForgeItemStack#getEnchantmentLevel
[26Feb2025 04:52:38.872] [main/WARN] [mixin/]: @Final field f_58656_:Lnet/minecraft/world/inventory/ContainerData; in better_beacons-common.mixins.json:block_entity.BeaconBlockEntityMixin should be final
[26Feb2025 04:52:38.875] [main/WARN] [mixin/]: @Final field f_58646_:[[Lnet/minecraft/world/effect/MobEffect; in better_beacons-common.mixins.json:block_entity.BeaconBlockEntityMixin should be final
[26Feb2025 04:52:38.875] [main/WARN] [mixin/]: @Final field f_58647_:Ljava/util/Set; in better_beacons-common.mixins.json:block_entity.BeaconBlockEntityMixin should be final
[26Feb2025 04:52:38.877] [main/WARN] [mixin/]: @Inject(@At("INVOKE")) Shift.BY=2 on better_beacons-common.mixins.json:block_entity.BeaconBlockEntityMixin::handler$elg000$bb_applyTertiaryEffects exceeds the maximum allowed value: 0. Increase the value of maxShiftBy to suppress this warning.
[26Feb2025 04:52:40.666] [main/WARN] [mixin/]: @Final field f_26027_:Lnet/minecraft/world/entity/ai/targeting/TargetingConditions; in guardvillagers.mixins.json:DefendVillageGoalGolemMixin should be final
[26Feb2025 04:52:40.925] [main/WARN] [mixin/]: Method overwrite conflict for m_7380_ in supplementaries-common.mixins.json:StrayMixin, previously written by net.jadenxgamer.netherexp.mixin.entity.StrayMixin. Skipping method.
[26Feb2025 04:52:40.925] [main/WARN] [mixin/]: Method overwrite conflict for m_7378_ in supplementaries-common.mixins.json:StrayMixin, previously written by net.jadenxgamer.netherexp.mixin.entity.StrayMixin. Skipping method.
[26Feb2025 04:52:41.531] [main/INFO] [mixin/]: Mixing server.MixinServerGamePacketListenerImpl from mixins/common/nochatreports.mixins.json into net.minecraft.server.network.ServerGamePacketListenerImpl
[26Feb2025 04:52:42.539] [main/WARN] [mixin/]: Mixin alexscaves.mixins.json:SwampHutPieceMixin has multiple constructors, (Lnet/minecraft/world/level/levelgen/structure/pieces/StructurePieceType;IIIIIILnet/minecraft/core/Direction;)V was selected

[26Feb2025 04:52:42.638] [main/WARN] [mixin/]: @ModifyConstant conflict. Skipping dungeonnowloading.forge.mixins.json:forge.structures.StructurePoolMixin->@ModifyConstant::dungeonnowloading_increaseWeightLimit(I)I with priority 1000, already redirected by yungsapi_forge.mixins.json:IncreaseStructureWeightLimitMixinForge->@ModifyConstant::yungsapi_increaseWeightLimit(I)I with priority 1000
[26Feb2025 04:52:42.756] [main/ERROR] [net.minecraftforge.coremod.transformer.CoreModBaseTransformer/COREMOD]: Error occurred applying transform of coremod coremods/field_to_method.js function biome
java.lang.IllegalStateException: Field f_47437_ is not private and an instance field
	at net.minecraftforge.coremod.api.ASMAPI.redirectFieldToMethod(ASMAPI.java:270) ~[coremods-5.1.6.jar%2354!/:?]
	at org.openjdk.nashorn.internal.scripts.Script$Recompilation$73$292A$\^eval\_.initializeCoreMod#transformer(<eval>:11) ~[?:?]
	at org.openjdk.nashorn.internal.runtime.ScriptFunctionData.invoke(ScriptFunctionData.java:648) ~[nashorn-core-15.3.jar%2366!/:?]
	at org.openjdk.nashorn.internal.runtime.ScriptFunction.invoke(ScriptFunction.java:513) ~[nashorn-core-15.3.jar%2366!/:?]
	at org.openjdk.nashorn.internal.runtime.ScriptRuntime.apply(ScriptRuntime.java:520) ~[nashorn-core-15.3.jar%2366!/:?]
	at org.openjdk.nashorn.api.scripting.ScriptObjectMirror.call(ScriptObjectMirror.java:111) ~[nashorn-core-15.3.jar%2366!/:?]
	at net.minecraftforge.coremod.NashornFactory.lambda$getFunction$0(NashornFactory.java:22) ~[coremods-5.1.6.jar%2354!/:5.1.6]
	at net.minecraftforge.coremod.transformer.CoreModClassTransformer.runCoremod(CoreModClassTransformer.java:22) ~[coremods-5.1.6.jar%2354!/:?]
	at net.minecraftforge.coremod.transformer.CoreModClassTransformer.runCoremod(CoreModClassTransformer.java:14) ~[coremods-5.1.6.jar%2354!/:?]
	at net.minecraftforge.coremod.transformer.CoreModBaseTransformer.transform(CoreModBaseTransformer.java:42) ~[coremods-5.1.6.jar%2354!/:?]
	at cpw.mods.modlauncher.TransformerHolder.transform(TransformerHolder.java:41) ~[modlauncher-10.0.9.jar%2355!/:?]
	at cpw.mods.modlauncher.ClassTransformer.performVote(ClassTransformer.java:179) ~[modlauncher-10.0.9.jar%2355!/:?]
	at cpw.mods.modlauncher.ClassTransformer.transform(ClassTransformer.java:117) ~[modlauncher-10.0.9.jar%2355!/:?]
	at cpw.mods.modlauncher.TransformingClassLoader.maybeTransformClassBytes(TransformingClassLoader.java:50) ~[modlauncher-10.0.9.jar%2355!/:?]
	at cpw.mods.cl.ModuleClassLoader.readerToClass(ModuleClassLoader.java:113) ~[securejarhandler-2.1.10.jar:?]
	at cpw.mods.cl.ModuleClassLoader.lambda$findClass$15(ModuleClassLoader.java:219) ~[securejarhandler-2.1.10.jar:?]
	at cpw.mods.cl.ModuleClassLoader.loadFromModule(ModuleClassLoader.java:229) ~[securejarhandler-2.1.10.jar:?]
	at cpw.mods.cl.ModuleClassLoader.findClass(ModuleClassLoader.java:219) ~[securejarhandler-2.1.10.jar:?]
	at cpw.mods.cl.ModuleClassLoader.loadClass(ModuleClassLoader.java:135) ~[securejarhandler-2.1.10.jar:?]
	at java.lang.ClassLoader.loadClass(ClassLoader.java:525) ~[?:?]
	at net.minecraft.world.level.biome.FixedBiomeSource.<clinit>(FixedBiomeSource.java:17) ~[server-1.20.1-20230612.114412-srg.jar%23859!/:?]
	at net.minecraft.world.level.biome.BiomeSources.m_220586_(BiomeSources.java:8) ~[server-1.20.1-20230612.114412-srg.jar%23859!/:?]
	at net.minecraft.core.registries.BuiltInRegistries.m_258029_(BuiltInRegistries.java:448) ~[server-1.20.1-20230612.114412-srg.jar%23859!/:?]
	at net.minecraft.core.registries.BuiltInRegistries.m_258037_(BuiltInRegistries.java:462) ~[server-1.20.1-20230612.114412-srg.jar%23859!/:?]
	at java.util.LinkedHashMap.forEach(LinkedHashMap.java:721) ~[?:?]
	at net.minecraft.core.registries.BuiltInRegistries.m_257453_(BuiltInRegistries.java:461) ~[server-1.20.1-20230612.114412-srg.jar%23859!/:?]
	at net.minecraft.core.registries.BuiltInRegistries.m_257498_(BuiltInRegistries.java:455) ~[server-1.20.1-20230612.114412-srg.jar%23859!/:?]
	at net.minecraft.server.Bootstrap.m_135870_(Bootstrap.java:55) ~[server-1.20.1-20230612.114412-srg.jar%23859!/:?]
	at net.minecraft.server.Main.main(Main.java:121) ~[server-1.20.1-20230612.114412-srg.jar%23859!/:?]
	at jdk.internal.reflect.NativeMethodAccessorImpl.invoke0(Native Method) ~[?:?]
	at jdk.internal.reflect.NativeMethodAccessorImpl.invoke(NativeMethodAccessorImpl.java:77) ~[?:?]
	at jdk.internal.reflect.DelegatingMethodAccessorImpl.invoke(DelegatingMethodAccessorImpl.java:43) ~[?:?]
	at java.lang.reflect.Method.invoke(Method.java:569) ~[?:?]
	at net.minecraftforge.fml.loading.targets.CommonLaunchHandler.runTarget(CommonLaunchHandler.java:111) ~[fmlloader-1.20.1-47.3.7.jar%2369!/:?]
	at net.minecraftforge.fml.loading.targets.CommonLaunchHandler.serverService(CommonLaunchHandler.java:103) ~[fmlloader-1.20.1-47.3.7.jar%2369!/:?]
	at net.minecraftforge.fml.loading.targets.CommonServerLaunchHandler.lambda$makeService$0(CommonServerLaunchHandler.java:27) ~[fmlloader-1.20.1-47.3.7.jar%2369!/:?]
	at cpw.mods.modlauncher.LaunchServiceHandlerDecorator.launch(LaunchServiceHandlerDecorator.java:30) ~[modlauncher-10.0.9.jar%2355!/:?]
	at cpw.mods.modlauncher.LaunchServiceHandler.launch(LaunchServiceHandler.java:53) ~[modlauncher-10.0.9.jar%2355!/:?]
	at cpw.mods.modlauncher.LaunchServiceHandler.launch(LaunchServiceHandler.java:71) ~[modlauncher-10.0.9.jar%2355!/:?]
	at cpw.mods.modlauncher.Launcher.run(Launcher.java:108) ~[modlauncher-10.0.9.jar%2355!/:?]
	at cpw.mods.modlauncher.Launcher.main(Launcher.java:78) ~[modlauncher-10.0.9.jar%2355!/:?]
	at cpw.mods.modlauncher.BootstrapLaunchConsumer.accept(BootstrapLaunchConsumer.java:26) ~[modlauncher-10.0.9.jar%2355!/:?]
	at cpw.mods.modlauncher.BootstrapLaunchConsumer.accept(BootstrapLaunchConsumer.java:23) ~[modlauncher-10.0.9.jar%2355!/:?]
	at cpw.mods.bootstraplauncher.BootstrapLauncher.main(BootstrapLauncher.java:141) ~[bootstraplauncher-1.1.2.jar:?]
[26Feb2025 04:52:42.759] [main/WARN] [mixin/]: Static binding violation: PRIVATE @Overwrite method m_47505_ in modernfix-common.mixins.json:perf.remove_biome_temperature_cache.BiomeMixin cannot reduce visibiliy of PUBLIC target method, visibility will be upgraded.
[26Feb2025 04:52:42.760] [main/WARN] [mixin/]: Method overwrite conflict for m_47505_ in saturn.mixins.json:leaks.biome_temperature_cache.BiomeMixin, previously written by org.embeddedt.modernfix.common.mixin.perf.remove_biome_temperature_cache.BiomeMixin. Skipping method.
[26Feb2025 04:52:43.204] [main/INFO] [org.groovymc.gml.internal.ModExtensionLoader/]: Skipping extension class org.groovymc.cgl.api.extension.client.MinecraftExtensions: it requires dist CLIENT, but we're running on DEDICATED_SERVER
[26Feb2025 04:52:43.910] [modloading-worker-0/INFO] [mixin/]: Mixing server.MixinPlayerList from mixins/common/nochatreports.mixins.json into net.minecraft.server.players.PlayerList
[26Feb2025 04:52:44.597] [modloading-worker-0/INFO] [gml/]: Initialised GML mod. Version: 4.0.9
[26Feb2025 04:52:44.780] [modloading-worker-0/INFO] [noisium/]: Loading Noisium.
[26Feb2025 04:52:44.849] [modloading-worker-0/INFO] [insane96mcp.insanelib.InsaneLib/]: Found (COMMON) InsaneLib Feature class insane96mcp.enhancedai.modules.witch.WitchFleeTarget
[26Feb2025 04:52:44.857] [modloading-worker-0/INFO] [insane96mcp.insanelib.InsaneLib/]: Found (COMMON) InsaneLib Feature class insane96mcp.enhancedai.modules.witch.throwing.WitchPotionThrowing
[26Feb2025 04:52:44.859] [modloading-worker-0/INFO] [insane96mcp.insanelib.InsaneLib/]: Found (COMMON) InsaneLib Feature class insane96mcp.enhancedai.modules.witch.ThirstyWitches
[26Feb2025 04:52:44.860] [modloading-worker-0/INFO] [insane96mcp.insanelib.InsaneLib/]: Found (COMMON) InsaneLib Feature class insane96mcp.enhancedai.modules.witch.darkart.DarkArtWitch
[26Feb2025 04:52:44.880] [modloading-worker-0/INFO] [insane96mcp.insanelib.InsaneLib/]: Found (COMMON) InsaneLib Feature class insane96mcp.enhancedai.modules.warden.Warden
[26Feb2025 04:52:44.881] [modloading-worker-0/INFO] [insane96mcp.insanelib.InsaneLib/]: Found (COMMON) InsaneLib Feature class insane96mcp.enhancedai.modules.villager.VillagerAttacking
[26Feb2025 04:52:44.894] [modloading-worker-0/INFO] [insane96mcp.insanelib.InsaneLib/]: Found (COMMON) InsaneLib Feature class insane96mcp.enhancedai.modules.spider.webber.ThrowingWeb
[26Feb2025 04:52:44.906] [modloading-worker-0/INFO] [insane96mcp.insanelib.InsaneLib/]: Found (COMMON) InsaneLib Feature class insane96mcp.enhancedai.modules.spider.Misc
[26Feb2025 04:52:44.909] [modloading-worker-0/INFO] [insane96mcp.insanelib.InsaneLib/]: Found (COMMON) InsaneLib Feature class insane96mcp.enhancedai.modules.slime.Slimes
[26Feb2025 04:52:44.910] [modloading-worker-0/INFO] [insane96mcp.insanelib.InsaneLib/]: Found (COMMON) InsaneLib Feature class insane96mcp.enhancedai.modules.skeleton.WitherSkeletons
[26Feb2025 04:52:44.912] [modloading-worker-0/INFO] [insane96mcp.insanelib.InsaneLib/]: Found (COMMON) InsaneLib Feature class insane96mcp.enhancedai.modules.skeleton.SkeletonFleeTarget
[26Feb2025 04:52:44.913] [modloading-worker-0/INFO] [insane96mcp.insanelib.InsaneLib/]: Found (COMMON) InsaneLib Feature class insane96mcp.enhancedai.modules.skeleton.shoot.SkeletonShoot
[26Feb2025 04:52:44.915] [modloading-worker-0/INFO] [insane96mcp.insanelib.InsaneLib/]: Found (COMMON) InsaneLib Feature class insane96mcp.enhancedai.modules.shulker.ShulkerBullets
[26Feb2025 04:52:44.915] [modloading-worker-0/INFO] [insane96mcp.insanelib.InsaneLib/]: Found (COMMON) InsaneLib Feature class insane96mcp.enhancedai.modules.shulker.shulkerattack.ShulkerAttack
[26Feb2025 04:52:44.922] [modloading-worker-0/INFO] [insane96mcp.insanelib.InsaneLib/]: Found (COMMON) InsaneLib Feature class insane96mcp.enhancedai.modules.shulker.ShulkerArmor
[26Feb2025 04:52:44.923] [modloading-worker-0/INFO] [insane96mcp.insanelib.InsaneLib/]: Found (COMMON) InsaneLib Feature class insane96mcp.enhancedai.modules.pets.Wolves
[26Feb2025 04:52:44.925] [modloading-worker-0/INFO] [insane96mcp.insanelib.InsaneLib/]: Found (COMMON) InsaneLib Feature class insane96mcp.enhancedai.modules.pets.snowgolem.SnowGolems
[26Feb2025 04:52:44.928] [modloading-worker-0/INFO] [insane96mcp.insanelib.InsaneLib/]: Found (COMMON) InsaneLib Feature class insane96mcp.enhancedai.modules.pets.IronGolems
[26Feb2025 04:52:44.931] [modloading-worker-0/INFO] [insane96mcp.insanelib.InsaneLib/]: Found (COMMON) InsaneLib Feature class insane96mcp.enhancedai.modules.mobs.WardenInteractions
[26Feb2025 04:52:44.945] [modloading-worker-0/INFO] [insane96mcp.insanelib.InsaneLib/]: Found (COMMON) InsaneLib Feature class insane96mcp.enhancedai.modules.mobs.targeting.Targeting
[26Feb2025 04:52:44.974] [modloading-worker-0/INFO] [insane96mcp.insanelib.InsaneLib/]: Found (COMMON) InsaneLib Feature class insane96mcp.enhancedai.modules.mobs.Spawning
[26Feb2025 04:52:44.975] [modloading-worker-0/INFO] [insane96mcp.insanelib.InsaneLib/]: Found (COMMON) InsaneLib Feature class insane96mcp.enhancedai.modules.mobs.riding.Riding
[26Feb2025 04:52:44.986] [modloading-worker-0/INFO] [insane96mcp.insanelib.InsaneLib/]: Found (COMMON) InsaneLib Feature class insane96mcp.enhancedai.modules.mobs.pearler.PearlerMobs
[26Feb2025 04:52:44.988] [modloading-worker-0/INFO] [insane96mcp.insanelib.InsaneLib/]: Found (COMMON) InsaneLib Feature class insane96mcp.enhancedai.modules.mobs.OpenDoors
[26Feb2025 04:52:44.989] [modloading-worker-0/INFO] [insane96mcp.insanelib.InsaneLib/]: Found (COMMON) InsaneLib Feature class insane96mcp.enhancedai.modules.mobs.movement.Movement
[26Feb2025 04:52:44.991] [modloading-worker-0/INFO] [insane96mcp.insanelib.InsaneLib/]: Found (COMMON) InsaneLib Feature class insane96mcp.enhancedai.modules.mobs.miner.MinerMobs
[26Feb2025 04:52:44.994] [modloading-worker-0/INFO] [insane96mcp.insanelib.InsaneLib/]: Found (COMMON) InsaneLib Feature class insane96mcp.enhancedai.modules.mobs.MeleeAttacking
[26Feb2025 04:52:44.995] [modloading-worker-0/INFO] [insane96mcp.insanelib.InsaneLib/]: Found (COMMON) InsaneLib Feature class insane96mcp.enhancedai.modules.mobs.leap.Leap
[26Feb2025 04:52:45.004] [modloading-worker-0/INFO] [insane96mcp.insanelib.InsaneLib/]: Found (COMMON) InsaneLib Feature class insane96mcp.enhancedai.modules.mobs.Jump
[26Feb2025 04:52:45.007] [modloading-worker-0/INFO] [insane96mcp.insanelib.InsaneLib/]: Found (COMMON) InsaneLib Feature class insane96mcp.enhancedai.modules.mobs.ItemDisruption
[26Feb2025 04:52:45.008] [modloading-worker-0/INFO] [insane96mcp.insanelib.InsaneLib/]: Found (COMMON) InsaneLib Feature class insane96mcp.enhancedai.modules.mobs.flee.Flee
[26Feb2025 04:52:45.012] [modloading-worker-0/INFO] [insane96mcp.insanelib.InsaneLib/]: Found (COMMON) InsaneLib Feature class insane96mcp.enhancedai.modules.mobs.fisher.FisherMobs
[26Feb2025 04:52:45.016] [modloading-worker-0/INFO] [insane96mcp.insanelib.InsaneLib/]: Found (COMMON) InsaneLib Feature class insane96mcp.enhancedai.modules.mobs.breakanger.BreakAnger
[26Feb2025 04:52:45.042] [modloading-worker-0/INFO] [insane96mcp.insanelib.InsaneLib/]: Found (COMMON) InsaneLib Feature class insane96mcp.enhancedai.modules.mobs.BitingMobs
[26Feb2025 04:52:45.044] [modloading-worker-0/INFO] [insane96mcp.insanelib.InsaneLib/]: Found (COMMON) InsaneLib Feature class insane96mcp.enhancedai.modules.mobs.avoidexplosion.AvoidExplosions
[26Feb2025 04:52:45.048] [modloading-worker-0/INFO] [insane96mcp.insanelib.InsaneLib/]: Found (COMMON) InsaneLib Feature class insane96mcp.enhancedai.modules.mobs.anticheese.AntiCheese
[26Feb2025 04:52:45.053] [modloading-worker-0/INFO] [insane96mcp.insanelib.InsaneLib/]: Found (COMMON) InsaneLib Feature class insane96mcp.enhancedai.modules.illager.shoot.PillagerShoot
[26Feb2025 04:52:45.067] [modloading-worker-0/INFO] [insane96mcp.insanelib.InsaneLib/]: Found (COMMON) InsaneLib Feature class insane96mcp.enhancedai.modules.illager.RavagerFeature
[26Feb2025 04:52:45.068] [modloading-worker-0/INFO] [insane96mcp.insanelib.InsaneLib/]: Found (COMMON) InsaneLib Feature class insane96mcp.enhancedai.modules.illager.PillagerFleeTarget
[26Feb2025 04:52:45.072] [modloading-worker-0/INFO] [insane96mcp.insanelib.InsaneLib/]: Found (COMMON) InsaneLib Feature class insane96mcp.enhancedai.modules.ghast.GhastShoot
[26Feb2025 04:52:45.080] [modloading-worker-0/INFO] [insane96mcp.insanelib.InsaneLib/]: Found (COMMON) InsaneLib Feature class insane96mcp.enhancedai.modules.enderman.getoverhere.GetOverHere
[26Feb2025 04:52:45.082] [modloading-worker-0/INFO] [insane96mcp.insanelib.InsaneLib/]: Found (COMMON) InsaneLib Feature class insane96mcp.enhancedai.modules.drowned.DrownedSwimming
[26Feb2025 04:52:45.089] [modloading-worker-0/INFO] [insane96mcp.insanelib.InsaneLib/]: Found (COMMON) InsaneLib Feature class insane96mcp.enhancedai.modules.creeper.CreeperSwell
[26Feb2025 04:52:45.113] [modloading-worker-0/INFO] [insane96mcp.insanelib.InsaneLib/]: Found (COMMON) InsaneLib Feature class insane96mcp.enhancedai.modules.bugs.silverfish.SilverfishFeature
[26Feb2025 04:52:45.120] [modloading-worker-0/INFO] [insane96mcp.insanelib.InsaneLib/]: Found (COMMON) InsaneLib Feature class insane96mcp.enhancedai.modules.blaze.BlazeAttack
[26Feb2025 04:52:45.129] [modloading-worker-0/INFO] [insane96mcp.insanelib.InsaneLib/]: Found (COMMON) InsaneLib Feature class insane96mcp.enhancedai.modules.animal.NotTemptedAnimals
[26Feb2025 04:52:45.139] [modloading-worker-0/INFO] [insane96mcp.insanelib.InsaneLib/]: Found (COMMON) InsaneLib Feature class insane96mcp.enhancedai.modules.animal.AnimalsGroupFlee
[26Feb2025 04:52:45.140] [modloading-worker-0/INFO] [Puzzles Lib/]: Constructing common components for enchantinginfuser:main
[26Feb2025 04:52:45.143] [modloading-worker-0/INFO] [insane96mcp.insanelib.InsaneLib/]: Found (COMMON) InsaneLib Feature class insane96mcp.enhancedai.modules.animal.AnimalScaredAttack
[26Feb2025 04:52:45.314] [modloading-worker-0/INFO] [com.dannbrown.deltaboxlib.DeltaboxLib/]: deltaboxlib has started!
[26Feb2025 04:52:45.320] [modloading-worker-0/INFO] [Puzzles Lib/]: Constructing common components for visualworkbench:main
[26Feb2025 04:52:45.388] [modloading-worker-0/INFO] [com.jtorleonstudios.libraryferret.LibraryFerret/]: Initialize mod Library Ferret
[26Feb2025 04:52:45.408] [modloading-worker-0/INFO] [com.jtorleonstudios.libraryferret.LibraryFerret/]: Initialized mod Library Ferret
[26Feb2025 04:52:45.491] [modloading-worker-0/INFO] [com.leclowndu93150.corpsecurioscompat.Main/]: Hello from Corpse Curios Compat!
[26Feb2025 04:52:45.822] [modloading-worker-0/INFO] [Dungeon Now Loading/]: Hello Forge world!
[26Feb2025 04:52:45.823] [modloading-worker-0/INFO] [necronomicon/]: Necronomicon Initialized
[26Feb2025 04:52:45.827] [modloading-worker-0/INFO] [necronomicon/]: File exists, reading config for elocindev.necronomicon.NecronomiconConfig.
[26Feb2025 04:52:45.828] [modloading-worker-0/INFO] [necronomicon/]: Config for elocindev.necronomicon.NecronomiconConfig read successfully.
[26Feb2025 04:52:45.836] [modloading-worker-0/INFO] [necronomicon/]: there is a brick about to fall through your roof at terminal velocity
[26Feb2025 04:52:46.074] [modloading-worker-0/ERROR] [me.ichun.mods.ding.common.Ding/]: You are loading Ding on a server. Ding is a client only mod!
[26Feb2025 04:52:46.139] [modloading-worker-0/INFO] [com.dannbrown.palegardenbackport.ModContent/]: palegardenbackport has started!
[26Feb2025 04:52:46.181] [modloading-worker-0/INFO] [terrablender/]: Registered region minecraft:overworld to index 0 for type OVERWORLD
[26Feb2025 04:52:46.181] [modloading-worker-0/INFO] [terrablender/]: Registered region minecraft:nether to index 0 for type NETHER
[26Feb2025 04:52:46.184] [modloading-worker-0/INFO] [terrablender/]: Registered region palegardenbackport:overworld to index 1 for type OVERWORLD
[26Feb2025 04:52:46.300] [modloading-worker-0/INFO] [Puzzles Lib/]: Constructing common components for completionistsindex:main
[26Feb2025 04:52:46.383] [modloading-worker-0/INFO] [insane96mcp.insanelib.InsaneLib/]: Found (COMMON) InsaneLib Feature class insane96mcp.insanelib.module.base.TagsFeature
[26Feb2025 04:52:46.395] [modloading-worker-0/INFO] [BowInfinityFix/]: Fix Registered!
[26Feb2025 04:52:46.397] [modloading-worker-0/INFO] [insane96mcp.insanelib.InsaneLib/]: Found (COMMON) InsaneLib Feature class insane96mcp.insanelib.module.base.FixFeature
[26Feb2025 04:52:46.402] [modloading-worker-0/INFO] [insane96mcp.insanelib.InsaneLib/]: Found (COMMON) InsaneLib Feature class insane96mcp.insanelib.module.base.BaseFeature
[26Feb2025 04:52:46.403] [modloading-worker-0/INFO] [insane96mcp.insanelib.InsaneLib/]: Found (COMMON) InsaneLib Feature class insane96mcp.insanelib.module.base.AEC3DFeature
[26Feb2025 04:52:46.528] [modloading-worker-0/INFO] [Bookshelf/]: Fixing MC-151457. Crafting remainder for minecraft:pufferfish_bucket is now minecraft:bucket.
[26Feb2025 04:52:46.530] [modloading-worker-0/INFO] [Bookshelf/]: Fixing MC-151457. Crafting remainder for minecraft:salmon_bucket is now minecraft:bucket.
[26Feb2025 04:52:46.530] [modloading-worker-0/INFO] [Bookshelf/]: Fixing MC-151457. Crafting remainder for minecraft:cod_bucket is now minecraft:bucket.
[26Feb2025 04:52:46.531] [modloading-worker-0/INFO] [Bookshelf/]: Fixing MC-151457. Crafting remainder for minecraft:tropical_fish_bucket is now minecraft:bucket.
[26Feb2025 04:52:46.532] [modloading-worker-0/INFO] [Bookshelf/]: Fixing MC-151457. Crafting remainder for minecraft:axolotl_bucket is now minecraft:bucket.
[26Feb2025 04:52:46.532] [modloading-worker-0/INFO] [Bookshelf/]: Fixing MC-151457. Crafting remainder for minecraft:powder_snow_bucket is now minecraft:bucket.
[26Feb2025 04:52:46.533] [modloading-worker-0/INFO] [Bookshelf/]: Fixing MC-151457. Crafting remainder for minecraft:tadpole_bucket is now minecraft:bucket.
[26Feb2025 04:52:46.705] [modloading-worker-0/INFO] [de.keksuccino.melody.Melody/]: [MELODY] Disabling Melody since it's loaded server-side.
[26Feb2025 04:52:46.801] [modloading-worker-0/INFO] [de.keksuccino.konkrete.Konkrete/]: [KONKRETE] Successfully initialized!
[26Feb2025 04:52:46.801] [modloading-worker-0/INFO] [de.keksuccino.konkrete.Konkrete/]: [KONKRETE] Server-side libs ready to use!
[26Feb2025 04:52:46.802] [modloading-worker-0/INFO] [me.fallenbreath.fastipping.FastIpPingMod/]: ping & connect fast!
[26Feb2025 04:52:46.905] [modloading-worker-0/ERROR] [me.ichun.mods.dogslie.common.LetSleepingDogsLie/]: You are loading Let Sleeping Dogs Lie on a server. Let Sleeping Dogs Lie is a client only mod!
[26Feb2025 04:52:47.015] [modloading-worker-0/INFO] [com.cupboard.Cupboard/]: Loaded config for: memorysettings.json
[26Feb2025 04:52:47.016] [modloading-worker-0/WARN] [com.memorysettings.config.CommonConfiguration/]: You have more memory allocated(12288mb) than recommended for this pack, the maximum is: 8500mb.
The recommended amount for your system is: 6995 mb.

[26Feb2025 04:52:47.170] [modloading-worker-0/INFO] [com.cupboard.Cupboard/]: Loaded config for: cupboard.json
[26Feb2025 04:52:47.235] [modloading-worker-0/INFO] [voidscape/]: Starting Donator Handler
[26Feb2025 04:52:47.242] [Voidscape Donator Loader/INFO] [voidscape/]: Loading donor data
[26Feb2025 04:52:47.439] [Voidscape Donator Loader/ERROR] [voidscape/]: Could not load donor data
[26Feb2025 04:52:47.825] [modloading-worker-0/INFO] [Puzzles Lib/]: Constructing common components for easymagic:main
[26Feb2025 04:52:47.857] [modloading-worker-0/ERROR] [net.minecraftforge.eventbus.EventSubclassTransformer/EVENTBUS]: Could not find parent net/minecraft/client/renderer/entity/layers/RenderLayer for class com/obscuria/obscureapi/client/renderer/PatreonLayer in classloader cpw.mods.modlauncher.TransformingClassLoader@425376cc on thread Thread[modloading-worker-0,5,main]
[26Feb2025 04:52:47.857] [modloading-worker-0/ERROR] [net.minecraftforge.eventbus.EventSubclassTransformer/EVENTBUS]: An error occurred building event handler
java.lang.ClassNotFoundException: net.minecraft.client.renderer.entity.layers.RenderLayer
	at cpw.mods.cl.ModuleClassLoader.loadClass(ModuleClassLoader.java:141) ~[securejarhandler-2.1.10.jar:?]
	at java.lang.ClassLoader.loadClass(ClassLoader.java:525) ~[?:?]
	at net.minecraftforge.eventbus.EventSubclassTransformer.buildEvents(EventSubclassTransformer.java:97) ~[eventbus-6.0.5.jar%2352!/:?]
	at net.minecraftforge.eventbus.EventSubclassTransformer.transform(EventSubclassTransformer.java:48) ~[eventbus-6.0.5.jar%2352!/:?]
	at net.minecraftforge.eventbus.EventBusEngine.processClass(EventBusEngine.java:26) ~[eventbus-6.0.5.jar%2352!/:?]
	at net.minecraftforge.eventbus.service.ModLauncherService.processClassWithFlags(ModLauncherService.java:32) ~[eventbus-6.0.5.jar%2352!/:6.0.5+6.0.5+master.eb8e549b]
	at cpw.mods.modlauncher.LaunchPluginHandler.offerClassNodeToPlugins(LaunchPluginHandler.java:88) ~[modlauncher-10.0.9.jar%2355!/:?]
	at cpw.mods.modlauncher.ClassTransformer.transform(ClassTransformer.java:120) ~[modlauncher-10.0.9.jar%2355!/:?]
	at cpw.mods.modlauncher.TransformingClassLoader.maybeTransformClassBytes(TransformingClassLoader.java:50) ~[modlauncher-10.0.9.jar%2355!/:?]
	at cpw.mods.cl.ModuleClassLoader.readerToClass(ModuleClassLoader.java:113) ~[securejarhandler-2.1.10.jar:?]
	at cpw.mods.cl.ModuleClassLoader.lambda$findClass$15(ModuleClassLoader.java:219) ~[securejarhandler-2.1.10.jar:?]
	at cpw.mods.cl.ModuleClassLoader.loadFromModule(ModuleClassLoader.java:229) ~[securejarhandler-2.1.10.jar:?]
	at cpw.mods.cl.ModuleClassLoader.findClass(ModuleClassLoader.java:219) ~[securejarhandler-2.1.10.jar:?]
	at cpw.mods.cl.ModuleClassLoader.loadClass(ModuleClassLoader.java:135) ~[securejarhandler-2.1.10.jar:?]
	at java.lang.ClassLoader.loadClass(ClassLoader.java:525) ~[?:?]
	at java.lang.ClassLoader.defineClass0(Native Method) ~[?:?]
	at java.lang.System$2.defineClass(System.java:2324) ~[?:?]
	at java.lang.invoke.MethodHandles$Lookup$ClassDefiner.defineClass(MethodHandles.java:2439) ~[?:?]
	at java.lang.invoke.MethodHandles$Lookup$ClassDefiner.defineClassAsLookup(MethodHandles.java:2420) ~[?:?]
	at java.lang.invoke.MethodHandles$Lookup.defineHiddenClass(MethodHandles.java:2127) ~[?:?]
	at java.lang.invoke.InnerClassLambdaMetafactory.generateInnerClass(InnerClassLambdaMetafactory.java:407) ~[?:?]
	at java.lang.invoke.InnerClassLambdaMetafactory.spinInnerClass(InnerClassLambdaMetafactory.java:315) ~[?:?]
	at java.lang.invoke.InnerClassLambdaMetafactory.buildCallSite(InnerClassLambdaMetafactory.java:228) ~[?:?]
	at java.lang.invoke.LambdaMetafactory.metafactory(LambdaMetafactory.java:341) ~[?:?]
	at java.lang.invoke.BootstrapMethodInvoker.invoke(BootstrapMethodInvoker.java:134) ~[?:?]
	at java.lang.invoke.CallSite.makeSite(CallSite.java:315) ~[?:?]
	at java.lang.invoke.MethodHandleNatives.linkCallSiteImpl(MethodHandleNatives.java:281) ~[?:?]
	at java.lang.invoke.MethodHandleNatives.linkCallSite(MethodHandleNatives.java:271) ~[?:?]
	at com.obscuria.obscureapi.client.renderer.PatreonLayer$Mode.<clinit>(PatreonLayer.java:55) ~[obscure_api-15.jar%23733!/:com.obscuria]
	at com.obscuria.obscureapi.ObscureAPIConfig$Client.<clinit>(ObscureAPIConfig.java:28) ~[obscure_api-15.jar%23733!/:com.obscuria]
	at com.obscuria.obscureapi.ObscureAPIConfig.register(ObscureAPIConfig.java:46) ~[obscure_api-15.jar%23733!/:com.obscuria]
	at com.obscuria.obscureapi.ObscureAPI.<init>(ObscureAPI.java:69) ~[obscure_api-15.jar%23733!/:com.obscuria]
	at jdk.internal.reflect.NativeConstructorAccessorImpl.newInstance0(Native Method) ~[?:?]
	at jdk.internal.reflect.NativeConstructorAccessorImpl.newInstance(NativeConstructorAccessorImpl.java:77) ~[?:?]
	at jdk.internal.reflect.DelegatingConstructorAccessorImpl.newInstance(DelegatingConstructorAccessorImpl.java:45) ~[?:?]
	at java.lang.reflect.Constructor.newInstanceWithCaller(Constructor.java:500) ~[?:?]
	at java.lang.reflect.Constructor.newInstance(Constructor.java:481) ~[?:?]
	at net.minecraftforge.fml.javafmlmod.FMLModContainer.constructMod(FMLModContainer.java:70) ~[javafmllanguage-1.20.1-47.3.7.jar%23861!/:?]
	at net.minecraftforge.fml.ModContainer.lambda$buildTransitionHandler$4(ModContainer.java:124) ~[fmlcore-1.20.1-47.3.7.jar%23860!/:?]
	at java.util.concurrent.CompletableFuture$AsyncRun.run(CompletableFuture.java:1804) ~[?:?]
	at java.util.concurrent.CompletableFuture$AsyncRun.exec(CompletableFuture.java:1796) ~[?:?]
	at java.util.concurrent.ForkJoinTask.doExec(ForkJoinTask.java:373) ~[?:?]
	at java.util.concurrent.ForkJoinPool$WorkQueue.topLevelExec(ForkJoinPool.java:1182) ~[?:?]
	at java.util.concurrent.ForkJoinPool.scan(ForkJoinPool.java:1655) ~[?:?]
	at java.util.concurrent.ForkJoinPool.runWorker(ForkJoinPool.java:1622) ~[?:?]
	at java.util.concurrent.ForkJoinWorkerThread.run(ForkJoinWorkerThread.java:165) ~[?:?]
[26Feb2025 04:52:47.859] [modloading-worker-0/ERROR] [net.minecraftforge.fml.loading.RuntimeDistCleaner/DISTXFORM]: Attempted to load class com/obscuria/obscureapi/client/renderer/PatreonLayer for invalid dist DEDICATED_SERVER
[26Feb2025 04:52:48.019] [modloading-worker-0/INFO] [dev.architectury.networking.forge.NetworkManagerImpl/]: Registering C2S receiver with id architectury:sync_ids
[26Feb2025 04:52:48.019] [modloading-worker-0/INFO] [dev.architectury.networking.forge.NetworkManagerImpl/]: Registering C2S receiver with id artifacts:networking_channel/42a7ad70b1cc371599a0eff744096b8a
[26Feb2025 04:52:48.022] [modloading-worker-0/INFO] [dev.architectury.networking.forge.NetworkManagerImpl/]: Registering C2S receiver with id artifacts:networking_channel/74a5e841822a3a87854ae896a33430d6
[26Feb2025 04:52:48.027] [modloading-worker-0/INFO] [dev.architectury.networking.forge.NetworkManagerImpl/]: Registering C2S receiver with id artifacts:networking_channel/eb3d1e2748533430848cadf0f37c7e9c
[26Feb2025 04:52:48.029] [modloading-worker-0/INFO] [dev.architectury.networking.forge.NetworkManagerImpl/]: Registering C2S receiver with id artifacts:networking_channel/91c8520f19f93b3e8b6a727568e194ab
[26Feb2025 04:52:48.031] [modloading-worker-0/INFO] [dev.architectury.networking.forge.NetworkManagerImpl/]: Registering C2S receiver with id artifacts:networking_channel/8c2784d778293fd482ed84b8aa5fedb9
[26Feb2025 04:52:48.033] [modloading-worker-0/INFO] [dev.architectury.networking.forge.NetworkManagerImpl/]: Registering C2S receiver with id artifacts:networking_channel/ea038224ea783d40b2863f52239e2604
[26Feb2025 04:52:48.034] [modloading-worker-0/INFO] [dev.architectury.networking.forge.NetworkManagerImpl/]: Registering C2S receiver with id artifacts:networking_channel/97ad64b7ecaf33209991c4f031501a58
[26Feb2025 04:52:48.268] [modloading-worker-0/INFO] [Every Compat/]: Loaded EveryCompat Create Module
[26Feb2025 04:52:48.268] [modloading-worker-0/INFO] [Every Compat/]: Loaded EveryCompat Decorative Blocks Module
[26Feb2025 04:52:48.268] [modloading-worker-0/INFO] [Every Compat/]: Loaded EveryCompat Friendsandfoes Module
[26Feb2025 04:52:48.269] [modloading-worker-0/INFO] [Every Compat/]: Loaded EveryCompat Farmersdelight Module
[26Feb2025 04:52:48.269] [modloading-worker-0/INFO] [Every Compat/]: Loaded EveryCompat Valhelsia Furniture Module
[26Feb2025 04:52:48.269] [modloading-worker-0/INFO] [Every Compat/]: Loaded EveryCompat Storagedrawers Module
[26Feb2025 04:52:48.350] [modloading-worker-0/INFO] [snownee.kiwi.Kiwi/INIT]: Processing 6 KiwiModule annotations
[26Feb2025 04:52:48.360] [modloading-worker-0/ERROR] [toastcontrol/]: Running on a dedicated server, disabling mod.
[26Feb2025 04:52:48.459] [modloading-worker-0/INFO] [coroutil/]: forge loader environment detected
[26Feb2025 04:52:48.705] [modloading-worker-0/INFO] [de.keksuccino.fancymenu.FancyMenu/]: [FANCYMENU] Loading v3.3.2 in server-side mode on FORGE!
[26Feb2025 04:52:48.851] [modloading-worker-0/INFO] [me.treyruffy.betterf3.BetterF3Forge/]: [BetterF3] Starting...
[26Feb2025 04:52:48.853] [modloading-worker-0/WARN] [me.treyruffy.betterf3.BetterF3Forge/]: [BetterF3] Not supported on dedicated server!
[26Feb2025 04:52:48.878] [modloading-worker-0/ERROR] [BadOptimizations/]: BadOptimizations is a client-only mod, this will have no effect on a server.
[26Feb2025 04:52:48.884] [modloading-worker-0/INFO] [Puzzles Lib/]: Constructing common components for overflowingbars:main
[26Feb2025 04:52:48.897] [modloading-worker-0/INFO] [org.infernalstudios.secondchanceforge.SecondChanceForge/]: Second Chance: Sound Events Registered!
[26Feb2025 04:52:48.922] [modloading-worker-0/INFO] [Puzzles Lib/]: Constructing common components for easyanvils:main
[26Feb2025 04:52:49.111] [modloading-worker-0/INFO] [MaxHealthFix/]: Loaded maxhealthfix for Forge.
[26Feb2025 04:52:49.122] [modloading-worker-0/WARN] [net.minecraftforge.common.ForgeConfigSpec/CORE]: Configuration file /workspaces/max/servidor_minecraft/config/guardvillagers-common.toml is not correct. Correcting
[26Feb2025 04:52:49.325] [modloading-worker-0/INFO] [io.wispforest.lmft.LMFTCommon/]: [LMFT]: Loaded Config File!
[26Feb2025 04:52:49.377] [modloading-worker-0/INFO] [Puzzles Lib/]: Constructing common components for easyshulkerboxes:main
[26Feb2025 04:52:49.585] [modloading-worker-0/INFO] [Puzzles Lib/]: Constructing common components for stylisheffects:main
[26Feb2025 04:52:49.645] [modloading-worker-0/INFO] [Puzzles Lib/]: Constructing common components for puzzlesapi:iteminteractions
[26Feb2025 04:52:49.728] [modloading-worker-0/INFO] [Puzzles Lib/]: Constructing common components for puzzlesapi:slotcycling
[26Feb2025 04:52:49.736] [modloading-worker-0/INFO] [Puzzles Lib/]: Constructing common components for puzzlesapi:limitlesscontainers
[26Feb2025 04:52:49.773] [modloading-worker-0/INFO] [Puzzles Lib/]: Constructing common components for puzzlesapi:statues
[26Feb2025 04:52:49.809] [modloading-worker-0/INFO] [Puzzles Lib/]: Constructing common components for universalbonemeal:main
[26Feb2025 04:52:49.821] [modloading-worker-0/INFO] [Puzzles Lib/]: Constructing common components for stoneworks:main
[26Feb2025 04:52:49.882] [modloading-worker-0/INFO] [invtweaks/]: Registered 2 network packets
[26Feb2025 04:52:49.969] [modloading-worker-0/WARN] [fallingleaves/]: Falling Leaves is a client only mod and should be removed from the mods list
[26Feb2025 04:52:50.017] [modloading-worker-0/INFO] [net.minecraftforge.common.ForgeMod/FORGEMOD]: Forge mod loading, version 47.3.7, for MC 1.20.1 with MCP 20230612.114412
[26Feb2025 04:52:50.018] [modloading-worker-0/INFO] [net.minecraftforge.common.MinecraftForge/FORGE]: MinecraftForge v47.3.7 Initialized
[26Feb2025 04:52:50.070] [modloading-worker-0/INFO] [de.keksuccino.drippyloadingscreen.DrippyLoadingScreen/]: [DRIPPY LOADING SCREEN] Loading v3.0.9 in server-side mode on FORGE!
[26Feb2025 04:52:50.107] [modloading-worker-0/INFO] [NoChatReports/]: KONNICHIWA ZA WARUDO!
[26Feb2025 04:52:50.108] [modloading-worker-0/INFO] [NoChatReports/]: Default JVM text encoding is: UTF-8
[26Feb2025 04:52:50.110] [modloading-worker-0/INFO] [NoChatReports/]: Reading config file NoChatReports/NCR-Common.json...
[26Feb2025 04:52:50.111] [modloading-worker-0/INFO] [NoChatReports/]: Writing config file NoChatReports/NCR-Common.json...
[26Feb2025 04:52:50.118] [modloading-worker-0/INFO] [thedarkcolour.kotlinforforge.test.KotlinForForge/]: Kotlin For Forge Enabled!
[26Feb2025 04:52:50.121] [modloading-worker-0/INFO] [seriousplayeranimations/]: Loading up some Serious Animations.
[26Feb2025 04:52:50.223] [modloading-worker-0/INFO] [Puzzles Lib/]: Constructing common components for leavemybarsalone:main
[26Feb2025 04:52:50.243] [modloading-worker-0/WARN] [Visuality/]: Visuality is installed on a dedicated server, skip loading...
[26Feb2025 04:52:50.224] [modloading-worker-0/ERROR] [org.arbor.extrasounds.ExtraSounds/]: [ExtraSounds] Unexpected error has caught
java.lang.NullPointerException: Cannot invoke "Object.getClass()" because the return value of "java.lang.reflect.Field.get(Object)" is null
	at org.arbor.extrasounds.ExtraSounds.initCategoryLoader(ExtraSounds.java:136) ~[extrasounds-1.20.1-forge-1.3.jar%23614!/:?]
	at org.arbor.extrasounds.ExtraSounds.<init>(ExtraSounds.java:64) ~[extrasounds-1.20.1-forge-1.3.jar%23614!/:?]
	at jdk.internal.reflect.NativeConstructorAccessorImpl.newInstance0(Native Method) ~[?:?]
	at jdk.internal.reflect.NativeConstructorAccessorImpl.newInstance(NativeConstructorAccessorImpl.java:77) ~[?:?]
	at jdk.internal.reflect.DelegatingConstructorAccessorImpl.newInstance(DelegatingConstructorAccessorImpl.java:45) ~[?:?]
	at java.lang.reflect.Constructor.newInstanceWithCaller(Constructor.java:500) ~[?:?]
	at java.lang.reflect.Constructor.newInstance(Constructor.java:481) ~[?:?]
	at net.minecraftforge.fml.javafmlmod.FMLModContainer.constructMod(FMLModContainer.java:70) ~[javafmllanguage-1.20.1-47.3.7.jar%23861!/:?]
	at net.minecraftforge.fml.ModContainer.lambda$buildTransitionHandler$4(ModContainer.java:124) ~[fmlcore-1.20.1-47.3.7.jar%23860!/:?]
	at java.util.concurrent.CompletableFuture$AsyncRun.run(CompletableFuture.java:1804) ~[?:?]
	at java.util.concurrent.CompletableFuture$AsyncRun.exec(CompletableFuture.java:1796) ~[?:?]
	at java.util.concurrent.ForkJoinTask.doExec(ForkJoinTask.java:373) ~[?:?]
	at java.util.concurrent.ForkJoinPool$WorkQueue.topLevelExec(ForkJoinPool.java:1182) ~[?:?]
	at java.util.concurrent.ForkJoinPool.scan(ForkJoinPool.java:1655) ~[?:?]
	at java.util.concurrent.ForkJoinPool.runWorker(ForkJoinPool.java:1622) ~[?:?]
	at java.util.concurrent.ForkJoinWorkerThread.run(ForkJoinWorkerThread.java:165) ~[?:?]
[26Feb2025 04:52:50.288] [modloading-worker-0/INFO] [Puzzles Lib/]: Constructing common components for puzzleslib:main
[26Feb2025 04:52:50.520] [modloading-worker-0/INFO] [ModernFix/]: Bypassed Mojang DFU
[26Feb2025 04:52:50.521] [modloading-worker-0/INFO] [ModernFix/]: Instantiating Mojang DFU
[26Feb2025 04:52:50.648] [modloading-worker-0/INFO] [plus.dragons.createdragonlib.DragonLib/]: Create: Dragon Lib 1.4.3 has initialized, ready to support your Create add-ons!
[26Feb2025 04:52:51.285] [modloading-worker-0/INFO] [Collective/]: Loading Collective version 7.87.
[26Feb2025 04:52:52.298] [modloading-worker-0/INFO] [dev.architectury.networking.forge.NetworkManagerImpl/]: Registering C2S receiver with id ftblibrary:edit_nbt_response
[26Feb2025 04:52:52.311] [modloading-worker-0/INFO] [dev.architectury.networking.forge.NetworkManagerImpl/]: Registering C2S receiver with id ftbteams:open_gui
[26Feb2025 04:52:52.313] [modloading-worker-0/INFO] [dev.architectury.networking.forge.NetworkManagerImpl/]: Registering C2S receiver with id ftbteams:update_settings
[26Feb2025 04:52:52.315] [modloading-worker-0/INFO] [dev.architectury.networking.forge.NetworkManagerImpl/]: Registering C2S receiver with id ftbteams:send_message
[26Feb2025 04:52:52.317] [modloading-worker-0/INFO] [dev.architectury.networking.forge.NetworkManagerImpl/]: Registering C2S receiver with id ftbteams:create_party
[26Feb2025 04:52:52.321] [modloading-worker-0/INFO] [dev.architectury.networking.forge.NetworkManagerImpl/]: Registering C2S receiver with id ftbteams:player_gui_operation
[26Feb2025 04:52:52.332] [modloading-worker-0/INFO] [dev.architectury.networking.forge.NetworkManagerImpl/]: Registering C2S receiver with id ftbchunks:request_map_data
[26Feb2025 04:52:52.336] [modloading-worker-0/INFO] [dev.architectury.networking.forge.NetworkManagerImpl/]: Registering C2S receiver with id ftbchunks:share_waypoint
[26Feb2025 04:52:52.344] [modloading-worker-0/INFO] [dev.architectury.networking.forge.NetworkManagerImpl/]: Registering C2S receiver with id ftbchunks:request_chunk_change
[26Feb2025 04:52:52.350] [modloading-worker-0/INFO] [dev.architectury.networking.forge.NetworkManagerImpl/]: Registering C2S receiver with id ftbchunks:teleport_from_map
[26Feb2025 04:52:52.355] [modloading-worker-0/INFO] [dev.architectury.networking.forge.NetworkManagerImpl/]: Registering C2S receiver with id ftbchunks:sync_tx
[26Feb2025 04:52:52.371] [modloading-worker-0/INFO] [dev.architectury.networking.forge.NetworkManagerImpl/]: Registering C2S receiver with id ftbchunks:update_force_load_expiry
[26Feb2025 04:52:52.372] [modloading-worker-0/INFO] [dev.architectury.networking.forge.NetworkManagerImpl/]: Registering C2S receiver with id ftbchunks:server_config_request
[26Feb2025 04:52:52.503] [modloading-worker-0/INFO] [dev.architectury.networking.forge.NetworkManagerImpl/]: Registering C2S receiver with id biomemakeover:cl_complete_quest
[26Feb2025 04:52:52.504] [modloading-worker-0/INFO] [dev.architectury.networking.forge.NetworkManagerImpl/]: Registering C2S receiver with id biomemakeover:update_dir_data
[26Feb2025 04:52:52.527] [modloading-worker-0/INFO] [dev.architectury.networking.forge.NetworkManagerImpl/]: Registering C2S receiver with id ftbquests:submit_task
[26Feb2025 04:52:52.528] [modloading-worker-0/INFO] [dev.architectury.networking.forge.NetworkManagerImpl/]: Registering C2S receiver with id ftbquests:claim_reward
[26Feb2025 04:52:52.535] [modloading-worker-0/INFO] [dev.architectury.networking.forge.NetworkManagerImpl/]: Registering C2S receiver with id ftbquests:get_emergency_items
[26Feb2025 04:52:52.536] [modloading-worker-0/INFO] [dev.architectury.networking.forge.NetworkManagerImpl/]: Registering C2S receiver with id ftbquests:claim_all_rewards
[26Feb2025 04:52:52.537] [modloading-worker-0/INFO] [dev.architectury.networking.forge.NetworkManagerImpl/]: Registering C2S receiver with id ftbquests:claim_choice_reward
[26Feb2025 04:52:52.540] [modloading-worker-0/INFO] [dev.architectury.networking.forge.NetworkManagerImpl/]: Registering C2S receiver with id ftbquests:toggle_pinned
[26Feb2025 04:52:52.547] [modloading-worker-0/INFO] [dev.architectury.networking.forge.NetworkManagerImpl/]: Registering C2S receiver with id ftbquests:toggle_chapter_pinned
[26Feb2025 04:52:52.549] [modloading-worker-0/INFO] [dev.architectury.networking.forge.NetworkManagerImpl/]: Registering C2S receiver with id ftbquests:toggle_editing_mode
[26Feb2025 04:52:52.550] [modloading-worker-0/INFO] [dev.architectury.networking.forge.NetworkManagerImpl/]: Registering C2S receiver with id ftbquests:force_save
[26Feb2025 04:52:52.551] [modloading-worker-0/INFO] [dev.architectury.networking.forge.NetworkManagerImpl/]: Registering C2S receiver with id ftbquests:set_custom_image
[26Feb2025 04:52:52.561] [modloading-worker-0/INFO] [dev.architectury.networking.forge.NetworkManagerImpl/]: Registering C2S receiver with id ftbquests:task_screen_config_resp
[26Feb2025 04:52:52.566] [modloading-worker-0/INFO] [dev.architectury.networking.forge.NetworkManagerImpl/]: Registering C2S receiver with id ftbquests:change_progress
[26Feb2025 04:52:52.567] [modloading-worker-0/INFO] [dev.architectury.networking.forge.NetworkManagerImpl/]: Registering C2S receiver with id ftbquests:create_object
[26Feb2025 04:52:52.570] [modloading-worker-0/INFO] [dev.architectury.networking.forge.NetworkManagerImpl/]: Registering C2S receiver with id ftbquests:create_task_at
[26Feb2025 04:52:52.574] [modloading-worker-0/INFO] [dev.architectury.networking.forge.NetworkManagerImpl/]: Registering C2S receiver with id ftbquests:delete_object
[26Feb2025 04:52:52.579] [modloading-worker-0/INFO] [dev.architectury.networking.forge.NetworkManagerImpl/]: Registering C2S receiver with id ftbquests:edit_object
[26Feb2025 04:52:52.583] [modloading-worker-0/INFO] [KubeJS/]: Loaded common.properties
[26Feb2025 04:52:52.582] [modloading-worker-0/INFO] [dev.architectury.networking.forge.NetworkManagerImpl/]: Registering C2S receiver with id ftbquests:move_chapter
[26Feb2025 04:52:52.585] [modloading-worker-0/INFO] [KubeJS/]: Loaded dev.properties
[26Feb2025 04:52:52.589] [modloading-worker-0/INFO] [dev.architectury.networking.forge.NetworkManagerImpl/]: Registering C2S receiver with id ftbquests:move_quest
[26Feb2025 04:52:52.591] [modloading-worker-0/INFO] [dev.architectury.networking.forge.NetworkManagerImpl/]: Registering C2S receiver with id ftbquests:change_chapter_group
[26Feb2025 04:52:52.599] [modloading-worker-0/INFO] [dev.architectury.networking.forge.NetworkManagerImpl/]: Registering C2S receiver with id ftbquests:move_chapter_group
[26Feb2025 04:52:52.600] [modloading-worker-0/INFO] [KubeJS/]: Looking for KubeJS plugins...
[26Feb2025 04:52:52.626] [modloading-worker-0/INFO] [dev.architectury.networking.forge.NetworkManagerImpl/]: Registering C2S receiver with id ftbquests:copy_quest
[26Feb2025 04:52:52.627] [modloading-worker-0/INFO] [KubeJS/]: Found plugin source kubejs
[26Feb2025 04:52:52.629] [modloading-worker-0/INFO] [dev.architectury.networking.forge.NetworkManagerImpl/]: Registering C2S receiver with id ftbquests:copy_chapter_image
[26Feb2025 04:52:52.629] [modloading-worker-0/INFO] [dev.architectury.networking.forge.NetworkManagerImpl/]: Registering C2S receiver with id ftbquests:sync_structures_request
[26Feb2025 04:52:52.630] [modloading-worker-0/INFO] [dev.architectury.networking.forge.NetworkManagerImpl/]: Registering C2S receiver with id ftbquests:request_team_data
[26Feb2025 04:52:52.640] [modloading-worker-0/WARN] [KubeJS/]: Plugin dev.latvian.mods.kubejs.forge.BuiltinKubeJSForgeClientPlugin does not load on server side, skipping
[26Feb2025 04:52:52.641] [modloading-worker-0/WARN] [KubeJS/]: Plugin dev.latvian.mods.kubejs.integration.forge.gamestages.GameStagesIntegration does not have required mod gamestages loaded, skipping
[26Feb2025 04:52:52.646] [modloading-worker-0/INFO] [KubeJS/]: Found plugin source ftbxmodcompat
[26Feb2025 04:52:52.652] [modloading-worker-0/WARN] [KubeJS/]: Plugin dev.ftb.mods.ftbxmodcompat.ftbfiltersystem.kubejs.FFSKubeJSPlugin does not have required mod ftbfiltersystem loaded, skipping
[26Feb2025 04:52:52.659] [modloading-worker-0/INFO] [KubeJS/]: Found plugin source kubejs_create
[26Feb2025 04:52:52.743] [modloading-worker-0/INFO] [ping-wheel/]: [Ping-Wheel] Init
[26Feb2025 04:52:52.747] [modloading-worker-0/INFO] [ping-wheel/]: [Ping-Wheel] Loaded ServerConfig(defaultChannelMode=auto, playerTrackingEnabled=true, msToRegenerate=1000, rateLimit=5)
[26Feb2025 04:52:52.824] [modloading-worker-0/INFO] [KubeJS/]: Found plugin source morejs
[26Feb2025 04:52:52.826] [modloading-worker-0/INFO] [KubeJS/]: Found plugin source lootjs
[26Feb2025 04:52:52.829] [modloading-worker-0/INFO] [KubeJS/]: Done in 229.0 ms
[26Feb2025 04:52:52.978] [modloading-worker-0/INFO] [com.scouter.netherdepthsupgrade.modcompat.FarmersDelightCompat/]: Setting up compat for Farmers Delight
[26Feb2025 04:52:52.998] [modloading-worker-0/INFO] [FTB XMod Compat/]: [FTB Quests] Enabled KubeJS integration
[26Feb2025 04:52:53.001] [modloading-worker-0/INFO] [FTB XMod Compat/]: [FTB Chunks] Enabled KubeJS integration
[26Feb2025 04:52:53.466] [modloading-worker-0/INFO] [Rhino Script Remapper/]: Loading Rhino Minecraft remapper...
[26Feb2025 04:52:53.470] [modloading-worker-0/INFO] [dev.latvian.mods.rhino.mod.util.RhinoProperties/]: Rhino properties loaded.
[26Feb2025 04:52:53.476] [modloading-worker-0/INFO] [Rhino Script Remapper/]: Loading mappings for 1.20.1
[26Feb2025 04:52:53.591] [modloading-worker-0/INFO] [Rhino Script Remapper/]: Done in 0.124 s
[26Feb2025 04:52:54.177] [modloading-worker-0/INFO] [KubeJS Startup/]: example.js#5: Hello, World! (Loaded startup scripts)
[26Feb2025 04:52:54.179] [modloading-worker-0/INFO] [KubeJS Startup/]: Loaded script startup_scripts:example.js in 0.097 s
[26Feb2025 04:52:54.186] [modloading-worker-0/INFO] [KubeJS Startup/]: Loaded 1/1 KubeJS startup scripts in 0.588 s with 0 errors and 0 warnings
[26Feb2025 04:52:54.336] [modloading-worker-0/INFO] [dev.architectury.networking.forge.NetworkManagerImpl/]: Registering C2S receiver with id kubejs:send_data_from_client
[26Feb2025 04:52:54.348] [modloading-worker-0/INFO] [dev.architectury.networking.forge.NetworkManagerImpl/]: Registering C2S receiver with id kubejs:first_click
[26Feb2025 04:52:54.370] [modloading-worker-0/INFO] [be.florens.expandability.ExpandAbility/]: ExpandAbility here, who dis?
[26Feb2025 04:52:54.612] [modloading-worker-0/INFO] [YetAnotherConfigLib/]: Deserializing YACLConfig from '/workspaces/max/servidor_minecraft/config/yacl.json5'
[26Feb2025 04:52:54.920] [modloading-worker-0/INFO] [mixin/]: Mixing common.MixinServerStatus from mixins/common/nochatreports.mixins.json into net.minecraft.network.protocol.status.ServerStatus
[26Feb2025 04:52:56.028] [main/INFO] [snownee.kiwi.Kiwi/INIT]: Module [snowrealmagic:core] initialized
[26Feb2025 04:52:56.030] [main/INFO] [snownee.kiwi.Kiwi/INIT]: 		block: 7, block_entity_type: 2, entity_type: 1, loot_pool_entry_type: 1
[26Feb2025 04:52:56.030] [main/INFO] [snownee.kiwi.Kiwi/INIT]: Module [kiwi:block_templates] initialized
[26Feb2025 04:52:56.031] [main/INFO] [snownee.kiwi.Kiwi/INIT]: Module [kiwi:block_components] initialized
[26Feb2025 04:52:56.031] [main/INFO] [snownee.kiwi.Kiwi/INIT]: Module [kiwi:data] initialized
[26Feb2025 04:52:56.031] [main/INFO] [snownee.kiwi.Kiwi/INIT]: 		recipe_serializer: 3
[26Feb2025 04:52:56.032] [main/INFO] [snownee.kiwi.Kiwi/INIT]: Module [kiwi:item_templates] initialized
[26Feb2025 04:52:56.365] [main/WARN] [net.minecraftforge.registries.ForgeRegistry/REGISTRIES]: Registry minecraft:sound_event: The object net.minecraft.sounds.SoundEvent@4b608ae6 has been registered twice for the same name treechop:chop_wood.
[26Feb2025 04:52:57.670] [main/WARN] [dev.architectury.registry.registries.forge.RegistrarManagerImpl/]: Registry entry listened Registry Entry [minecraft:block / biomemakeover:willowing_branches] was not realized!
[26Feb2025 04:52:57.670] [main/WARN] [dev.architectury.registry.registries.forge.RegistrarManagerImpl/]: Registry entry listened Registry Entry [minecraft:block / biomemakeover:blighted_balsa_fence] was not realized!
[26Feb2025 04:52:57.670] [main/WARN] [dev.architectury.registry.registries.forge.RegistrarManagerImpl/]: Registry entry listened Registry Entry [minecraft:block / biomemakeover:green_glowshroom_brick_wall] was not realized!
[26Feb2025 04:52:57.671] [main/WARN] [dev.architectury.registry.registries.forge.RegistrarManagerImpl/]: Registry entry listened Registry Entry [minecraft:block / biomemakeover:mycelium_roots] was not realized!
[26Feb2025 04:52:57.671] [main/WARN] [dev.architectury.registry.registries.forge.RegistrarManagerImpl/]: Registry entry listened Registry Entry [minecraft:block / biomemakeover:medium_illunite_bud] was not realized!
[26Feb2025 04:52:57.671] [main/WARN] [dev.architectury.registry.registries.forge.RegistrarManagerImpl/]: Registry entry listened Registry Entry [minecraft:block / biomemakeover:ancient_oak_fence] was not realized!
[26Feb2025 04:52:57.671] [main/WARN] [dev.architectury.registry.registries.forge.RegistrarManagerImpl/]: Registry entry listened Registry Entry [minecraft:block / biomemakeover:blighted_balsa_wall_hanging_sign] was not realized!
[26Feb2025 04:52:57.671] [main/WARN] [dev.architectury.registry.registries.forge.RegistrarManagerImpl/]: Registry entry listened Registry Entry [minecraft:block / biomemakeover:orange_terracotta_brick_stairs] was not realized!
[26Feb2025 04:52:57.671] [main/WARN] [dev.architectury.registry.registries.forge.RegistrarManagerImpl/]: Registry entry listened Registry Entry [minecraft:block / biomemakeover:crude_cladding_block] was not realized!
[26Feb2025 04:52:57.671] [main/WARN] [dev.architectury.registry.registries.forge.RegistrarManagerImpl/]: Registry entry listened Registry Entry [minecraft:block / biomemakeover:poltergeist] was not realized!
[26Feb2025 04:52:57.671] [main/WARN] [dev.architectury.registry.registries.forge.RegistrarManagerImpl/]: Registry entry listened Registry Entry [minecraft:block / biomemakeover:cracked_dried_peat_brick_slab] was not realized!
[26Feb2025 04:52:57.671] [main/WARN] [dev.architectury.registry.registries.forge.RegistrarManagerImpl/]: Registry entry listened Registry Entry [minecraft:block / biomemakeover:light_blue_terracotta_brick_slab] was not realized!
[26Feb2025 04:52:57.671] [main/WARN] [dev.architectury.registry.registries.forge.RegistrarManagerImpl/]: Registry entry listened Registry Entry [minecraft:block / biomemakeover:pink_terracotta_brick_stairs] was not realized!
[26Feb2025 04:52:57.671] [main/WARN] [dev.architectury.registry.registries.forge.RegistrarManagerImpl/]: Registry entry listened Registry Entry [minecraft:block / biomemakeover:blighted_cobblestone] was not realized!
[26Feb2025 04:52:57.671] [main/WARN] [dev.architectury.registry.registries.forge.RegistrarManagerImpl/]: Registry entry listened Registry Entry [minecraft:block / biomemakeover:brown_terracotta_bricks] was not realized!
[26Feb2025 04:52:57.671] [main/WARN] [dev.architectury.registry.registries.forge.RegistrarManagerImpl/]: Registry entry listened Registry Entry [minecraft:block / biomemakeover:blighted_balsa_fence_gate] was not realized!
[26Feb2025 04:52:57.672] [main/WARN] [dev.architectury.registry.registries.forge.RegistrarManagerImpl/]: Registry entry listened Registry Entry [minecraft:block / biomemakeover:ancient_oak_stairs] was not realized!
[26Feb2025 04:52:57.672] [main/WARN] [dev.architectury.registry.registries.forge.RegistrarManagerImpl/]: Registry entry listened Registry Entry [minecraft:block / biomemakeover:orange_glowshroom_block] was not realized!
[26Feb2025 04:52:57.672] [main/WARN] [dev.architectury.registry.registries.forge.RegistrarManagerImpl/]: Registry entry listened Registry Entry [minecraft:block / biomemakeover:gray_terracotta_brick_slab] was not realized!
[26Feb2025 04:52:57.672] [main/WARN] [dev.architectury.registry.registries.forge.RegistrarManagerImpl/]: Registry entry listened Registry Entry [minecraft:block / biomemakeover:swamp_cypress_sapling] was not realized!
[26Feb2025 04:52:57.672] [main/WARN] [dev.architectury.registry.registries.forge.RegistrarManagerImpl/]: Registry entry listened Registry Entry [minecraft:block / biomemakeover:ancient_oak_wall_hanging_sign] was not realized!
[26Feb2025 04:52:57.672] [main/WARN] [dev.architectury.registry.registries.forge.RegistrarManagerImpl/]: Registry entry listened Registry Entry [minecraft:block / biomemakeover:large_illunite_bud] was not realized!
[26Feb2025 04:52:57.672] [main/WARN] [dev.architectury.registry.registries.forge.RegistrarManagerImpl/]: Registry entry listened Registry Entry [minecraft:block / biomemakeover:lime_terracotta_brick_slab] was not realized!
[26Feb2025 04:52:57.672] [main/WARN] [dev.architectury.registry.registries.forge.RegistrarManagerImpl/]: Registry entry listened Registry Entry [minecraft:block / biomemakeover:cracked_brick_slab] was not realized!
[26Feb2025 04:52:57.672] [main/WARN] [dev.architectury.registry.registries.forge.RegistrarManagerImpl/]: Registry entry listened Registry Entry [minecraft:block / biomemakeover:yellow_terracotta_brick_slab] was not realized!
[26Feb2025 04:52:57.673] [main/WARN] [dev.architectury.registry.registries.forge.RegistrarManagerImpl/]: Registry entry listened Registry Entry [minecraft:block / biomemakeover:dried_peat_bricks_slab] was not realized!
[26Feb2025 04:52:57.673] [main/WARN] [dev.architectury.registry.registries.forge.RegistrarManagerImpl/]: Registry entry listened Registry Entry [minecraft:block / biomemakeover:glowshroom_stem_brick_slab] was not realized!
[26Feb2025 04:52:57.673] [main/WARN] [dev.architectury.registry.registries.forge.RegistrarManagerImpl/]: Registry entry listened Registry Entry [minecraft:block / biomemakeover:blighted_balsa_wood] was not realized!
[26Feb2025 04:52:57.673] [main/WARN] [dev.architectury.registry.registries.forge.RegistrarManagerImpl/]: Registry entry listened Registry Entry [minecraft:block / biomemakeover:swamp_cypress_button] was not realized!
[26Feb2025 04:52:57.673] [main/WARN] [dev.architectury.registry.registries.forge.RegistrarManagerImpl/]: Registry entry listened Registry Entry [minecraft:block / biomemakeover:orange_glowshroom_brick] was not realized!
[26Feb2025 04:52:57.673] [main/WARN] [dev.architectury.registry.registries.forge.RegistrarManagerImpl/]: Registry entry listened Registry Entry [minecraft:block / biomemakeover:terracotta_brick_wall] was not realized!
[26Feb2025 04:52:57.673] [main/WARN] [dev.architectury.registry.registries.forge.RegistrarManagerImpl/]: Registry entry listened Registry Entry [minecraft:block / biomemakeover:pink_terracotta_brick_wall] was not realized!
[26Feb2025 04:52:57.673] [main/WARN] [dev.architectury.registry.registries.forge.RegistrarManagerImpl/]: Registry entry listened Registry Entry [minecraft:block / biomemakeover:potted_ancient_oak_sapling] was not realized!
[26Feb2025 04:52:57.673] [main/WARN] [dev.architectury.registry.registries.forge.RegistrarManagerImpl/]: Registry entry listened Registry Entry [minecraft:block / biomemakeover:purple_glowshroom_brick_stairs] was not realized!
[26Feb2025 04:52:57.673] [main/WARN] [dev.architectury.registry.registries.forge.RegistrarManagerImpl/]: Registry entry listened Registry Entry [minecraft:block / biomemakeover:swamp_cypress_fence_gate] was not realized!
[26Feb2025 04:52:57.673] [main/WARN] [dev.architectury.registry.registries.forge.RegistrarManagerImpl/]: Registry entry listened Registry Entry [minecraft:block / biomemakeover:green_glowshroom_block] was not realized!
[26Feb2025 04:52:57.673] [main/WARN] [dev.architectury.registry.registries.forge.RegistrarManagerImpl/]: Registry entry listened Registry Entry [minecraft:block / biomemakeover:buttonbush] was not realized!
[26Feb2025 04:52:57.674] [main/WARN] [dev.architectury.registry.registries.forge.RegistrarManagerImpl/]: Registry entry listened Registry Entry [minecraft:block / biomemakeover:marigold] was not realized!
[26Feb2025 04:52:57.674] [main/WARN] [dev.architectury.registry.registries.forge.RegistrarManagerImpl/]: Registry entry listened Registry Entry [minecraft:block / biomemakeover:ancient_oak_sign] was not realized!
[26Feb2025 04:52:57.674] [main/WARN] [dev.architectury.registry.registries.forge.RegistrarManagerImpl/]: Registry entry listened Registry Entry [minecraft:block / biomemakeover:stripped_swamp_cypress_log] was not realized!
[26Feb2025 04:52:57.674] [main/WARN] [dev.architectury.registry.registries.forge.RegistrarManagerImpl/]: Registry entry listened Registry Entry [minecraft:block / biomemakeover:reed_thatch_slab] was not realized!
[26Feb2025 04:52:57.674] [main/WARN] [dev.architectury.registry.registries.forge.RegistrarManagerImpl/]: Registry entry listened Registry Entry [minecraft:block / biomemakeover:swamp_cypress_sign] was not realized!
[26Feb2025 04:52:57.674] [main/WARN] [dev.architectury.registry.registries.forge.RegistrarManagerImpl/]: Registry entry listened Registry Entry [minecraft:block / biomemakeover:orange_terracotta_brick_slab] was not realized!
[26Feb2025 04:52:57.674] [main/WARN] [dev.architectury.registry.registries.forge.RegistrarManagerImpl/]: Registry entry listened Registry Entry [minecraft:block / biomemakeover:glowshroom_stem_brick_stairs] was not realized!
[26Feb2025 04:52:57.674] [main/WARN] [dev.architectury.registry.registries.forge.RegistrarManagerImpl/]: Registry entry listened Registry Entry [minecraft:block / biomemakeover:purple_terracotta_brick_wall] was not realized!
[26Feb2025 04:52:57.674] [main/WARN] [dev.architectury.registry.registries.forge.RegistrarManagerImpl/]: Registry entry listened Registry Entry [minecraft:block / biomemakeover:cyan_terracotta_brick_wall] was not realized!
[26Feb2025 04:52:57.674] [main/WARN] [dev.architectury.registry.registries.forge.RegistrarManagerImpl/]: Registry entry listened Registry Entry [minecraft:block / biomemakeover:brown_mushroom_brick_wall] was not realized!
[26Feb2025 04:52:57.674] [main/WARN] [dev.architectury.registry.registries.forge.RegistrarManagerImpl/]: Registry entry listened Registry Entry [minecraft:block / biomemakeover:mushroom_stem_brick] was not realized!
[26Feb2025 04:52:57.674] [main/WARN] [dev.architectury.registry.registries.forge.RegistrarManagerImpl/]: Registry entry listened Registry Entry [minecraft:block / biomemakeover:willow_wall_hanging_sign] was not realized!
[26Feb2025 04:52:57.674] [main/WARN] [dev.architectury.registry.registries.forge.RegistrarManagerImpl/]: Registry entry listened Registry Entry [minecraft:block / biomemakeover:stripped_swamp_cypress_wood] was not realized!
[26Feb2025 04:52:57.675] [main/WARN] [dev.architectury.registry.registries.forge.RegistrarManagerImpl/]: Registry entry listened Registry Entry [minecraft:block / biomemakeover:ancient_oak_hanging_sign] was not realized!
[26Feb2025 04:52:57.675] [main/WARN] [dev.architectury.registry.registries.forge.RegistrarManagerImpl/]: Registry entry listened Registry Entry [minecraft:block / biomemakeover:mesmerite] was not realized!
[26Feb2025 04:52:57.675] [main/WARN] [dev.architectury.registry.registries.forge.RegistrarManagerImpl/]: Registry entry listened Registry Entry [minecraft:block / biomemakeover:cyan_terracotta_brick_stairs] was not realized!
[26Feb2025 04:52:57.675] [main/WARN] [dev.architectury.registry.registries.forge.RegistrarManagerImpl/]: Registry entry listened Registry Entry [minecraft:block / biomemakeover:willow_leaves] was not realized!
[26Feb2025 04:52:57.675] [main/WARN] [dev.architectury.registry.registries.forge.RegistrarManagerImpl/]: Registry entry listened Registry Entry [minecraft:block / biomemakeover:mossy_dried_peat_brick_slab] was not realized!
[26Feb2025 04:52:57.675] [main/WARN] [dev.architectury.registry.registries.forge.RegistrarManagerImpl/]: Registry entry listened Registry Entry [minecraft:block / biomemakeover:potted_willow_sapling] was not realized!
[26Feb2025 04:52:57.675] [main/WARN] [dev.architectury.registry.registries.forge.RegistrarManagerImpl/]: Registry entry listened Registry Entry [minecraft:block / biomemakeover:willow_door] was not realized!
[26Feb2025 04:52:57.675] [main/WARN] [dev.architectury.registry.registries.forge.RegistrarManagerImpl/]: Registry entry listened Registry Entry [minecraft:block / biomemakeover:willow_fence] was not realized!
[26Feb2025 04:52:57.675] [main/WARN] [dev.architectury.registry.registries.forge.RegistrarManagerImpl/]: Registry entry listened Registry Entry [minecraft:block / biomemakeover:dried_peat_bricks_stairs] was not realized!
[26Feb2025 04:52:57.675] [main/WARN] [dev.architectury.registry.registries.forge.RegistrarManagerImpl/]: Registry entry listened Registry Entry [minecraft:block / biomemakeover:green_terracotta_brick_slab] was not realized!
[26Feb2025 04:52:57.676] [main/WARN] [dev.architectury.registry.registries.forge.RegistrarManagerImpl/]: Registry entry listened Registry Entry [minecraft:block / biomemakeover:barrel_cactus] was not realized!
[26Feb2025 04:52:57.676] [main/WARN] [dev.architectury.registry.registries.forge.RegistrarManagerImpl/]: Registry entry listened Registry Entry [minecraft:block / biomemakeover:reed] was not realized!
[26Feb2025 04:52:57.676] [main/WARN] [dev.architectury.registry.registries.forge.RegistrarManagerImpl/]: Registry entry listened Registry Entry [minecraft:block / biomemakeover:cyan_terracotta_bricks] was not realized!
[26Feb2025 04:52:57.676] [main/WARN] [dev.architectury.registry.registries.forge.RegistrarManagerImpl/]: Registry entry listened Registry Entry [minecraft:block / biomemakeover:red_mushroom_brick_wall] was not realized!
[26Feb2025 04:52:57.676] [main/WARN] [dev.architectury.registry.registries.forge.RegistrarManagerImpl/]: Registry entry listened Registry Entry [minecraft:block / biomemakeover:green_glowshroom] was not realized!
[26Feb2025 04:52:57.676] [main/WARN] [dev.architectury.registry.registries.forge.RegistrarManagerImpl/]: Registry entry listened Registry Entry [minecraft:block / biomemakeover:cracked_dried_peat_bricks] was not realized!
[26Feb2025 04:52:57.676] [main/WARN] [dev.architectury.registry.registries.forge.RegistrarManagerImpl/]: Registry entry listened Registry Entry [minecraft:block / biomemakeover:saguaro_cactus] was not realized!
[26Feb2025 04:52:57.676] [main/WARN] [dev.architectury.registry.registries.forge.RegistrarManagerImpl/]: Registry entry listened Registry Entry [minecraft:block / biomemakeover:mushroom_stem_brick_slab] was not realized!
[26Feb2025 04:52:57.676] [main/WARN] [dev.architectury.registry.registries.forge.RegistrarManagerImpl/]: Registry entry listened Registry Entry [minecraft:block / biomemakeover:blighted_balsa_sapling] was not realized!
[26Feb2025 04:52:57.676] [main/WARN] [dev.architectury.registry.registries.forge.RegistrarManagerImpl/]: Registry entry listened Registry Entry [minecraft:block / biomemakeover:yellow_terracotta_bricks] was not realized!
[26Feb2025 04:52:57.676] [main/WARN] [dev.architectury.registry.registries.forge.RegistrarManagerImpl/]: Registry entry listened Registry Entry [minecraft:block / biomemakeover:ancient_oak_trapdoor] was not realized!
[26Feb2025 04:52:57.677] [main/WARN] [dev.architectury.registry.registries.forge.RegistrarManagerImpl/]: Registry entry listened Registry Entry [minecraft:block / biomemakeover:swamp_cypress_wall_sign] was not realized!
[26Feb2025 04:52:57.677] [main/WARN] [dev.architectury.registry.registries.forge.RegistrarManagerImpl/]: Registry entry listened Registry Entry [minecraft:block / biomemakeover:white_terracotta_brick_slab] was not realized!
[26Feb2025 04:52:57.677] [main/WARN] [dev.architectury.registry.registries.forge.RegistrarManagerImpl/]: Registry entry listened Registry Entry [minecraft:block / biomemakeover:orange_glowshroom] was not realized!
[26Feb2025 04:52:57.677] [main/WARN] [dev.architectury.registry.registries.forge.RegistrarManagerImpl/]: Registry entry listened Registry Entry [minecraft:block / biomemakeover:light_gray_terracotta_brick_slab] was not realized!
[26Feb2025 04:52:57.677] [main/WARN] [dev.architectury.registry.registries.forge.RegistrarManagerImpl/]: Registry entry listened Registry Entry [minecraft:block / biomemakeover:mycelium_sprouts] was not realized!
[26Feb2025 04:52:57.677] [main/WARN] [dev.architectury.registry.registries.forge.RegistrarManagerImpl/]: Registry entry listened Registry Entry [minecraft:block / biomemakeover:willow_trapdoor] was not realized!
[26Feb2025 04:52:57.677] [main/WARN] [dev.architectury.registry.registries.forge.RegistrarManagerImpl/]: Registry entry listened Registry Entry [minecraft:block / biomemakeover:blighted_balsa_leaves] was not realized!
[26Feb2025 04:52:57.677] [main/WARN] [dev.architectury.registry.registries.forge.RegistrarManagerImpl/]: Registry entry listened Registry Entry [minecraft:block / biomemakeover:willow_pressure_plate] was not realized!
[26Feb2025 04:52:57.677] [main/WARN] [dev.architectury.registry.registries.forge.RegistrarManagerImpl/]: Registry entry listened Registry Entry [minecraft:block / biomemakeover:swamp_cypress_pressure_plate] was not realized!
[26Feb2025 04:52:57.677] [main/WARN] [dev.architectury.registry.registries.forge.RegistrarManagerImpl/]: Registry entry listened Registry Entry [minecraft:block / biomemakeover:budding_illunite] was not realized!
[26Feb2025 04:52:57.677] [main/WARN] [dev.architectury.registry.registries.forge.RegistrarManagerImpl/]: Registry entry listened Registry Entry [minecraft:block / biomemakeover:orange_glowshroom_brick_slab] was not realized!
[26Feb2025 04:52:57.678] [main/WARN] [dev.architectury.registry.registries.forge.RegistrarManagerImpl/]: Registry entry listened Registry Entry [minecraft:block / biomemakeover:orange_terracotta_bricks] was not realized!
[26Feb2025 04:52:57.678] [main/WARN] [dev.architectury.registry.registries.forge.RegistrarManagerImpl/]: Registry entry listened Registry Entry [minecraft:block / biomemakeover:suspicious_red_sand] was not realized!
[26Feb2025 04:52:57.678] [main/WARN] [dev.architectury.registry.registries.forge.RegistrarManagerImpl/]: Registry entry listened Registry Entry [minecraft:block / biomemakeover:green_terracotta_bricks] was not realized!
[26Feb2025 04:52:57.678] [main/WARN] [dev.architectury.registry.registries.forge.RegistrarManagerImpl/]: Registry entry listened Registry Entry [minecraft:block / biomemakeover:purple_terracotta_brick_slab] was not realized!
[26Feb2025 04:52:57.678] [main/WARN] [dev.architectury.registry.registries.forge.RegistrarManagerImpl/]: Registry entry listened Registry Entry [minecraft:block / biomemakeover:magenta_terracotta_brick_slab] was not realized!
[26Feb2025 04:52:57.678] [main/WARN] [dev.architectury.registry.registries.forge.RegistrarManagerImpl/]: Registry entry listened Registry Entry [minecraft:block / biomemakeover:ancient_oak_log] was not realized!
[26Feb2025 04:52:57.678] [main/WARN] [dev.architectury.registry.registries.forge.RegistrarManagerImpl/]: Registry entry listened Registry Entry [minecraft:block / biomemakeover:cyan_terracotta_brick_slab] was not realized!
[26Feb2025 04:52:57.678] [main/WARN] [dev.architectury.registry.registries.forge.RegistrarManagerImpl/]: Registry entry listened Registry Entry [minecraft:block / biomemakeover:directional_data] was not realized!
[26Feb2025 04:52:57.678] [main/WARN] [dev.architectury.registry.registries.forge.RegistrarManagerImpl/]: Registry entry listened Registry Entry [minecraft:block / biomemakeover:polished_mesmerite_slab] was not realized!
[26Feb2025 04:52:57.678] [main/WARN] [dev.architectury.registry.registries.forge.RegistrarManagerImpl/]: Registry entry listened Registry Entry [minecraft:block / biomemakeover:blighted_balsa_button] was not realized!
[26Feb2025 04:52:57.678] [main/WARN] [dev.architectury.registry.registries.forge.RegistrarManagerImpl/]: Registry entry listened Registry Entry [minecraft:block / biomemakeover:potted_mycelium_roots] was not realized!
[26Feb2025 04:52:57.678] [main/WARN] [dev.architectury.registry.registries.forge.RegistrarManagerImpl/]: Registry entry listened Registry Entry [minecraft:block / biomemakeover:swamp_cypress_leaves] was not realized!
[26Feb2025 04:52:57.679] [main/WARN] [dev.architectury.registry.registries.forge.RegistrarManagerImpl/]: Registry entry listened Registry Entry [minecraft:block / biomemakeover:green_terracotta_brick_wall] was not realized!
[26Feb2025 04:52:57.679] [main/WARN] [dev.architectury.registry.registries.forge.RegistrarManagerImpl/]: Registry entry listened Registry Entry [minecraft:block / biomemakeover:lightning_bug_bottle] was not realized!
[26Feb2025 04:52:57.679] [main/WARN] [dev.architectury.registry.registries.forge.RegistrarManagerImpl/]: Registry entry listened Registry Entry [minecraft:block / biomemakeover:rootling_crop] was not realized!
[26Feb2025 04:52:57.679] [main/WARN] [dev.architectury.registry.registries.forge.RegistrarManagerImpl/]: Registry entry listened Registry Entry [minecraft:block / biomemakeover:ancient_oak_leaves] was not realized!
[26Feb2025 04:52:57.679] [main/WARN] [dev.architectury.registry.registries.forge.RegistrarManagerImpl/]: Registry entry listened Registry Entry [minecraft:block / biomemakeover:light_gray_terracotta_brick_wall] was not realized!
[26Feb2025 04:52:57.679] [main/WARN] [dev.architectury.registry.registries.forge.RegistrarManagerImpl/]: Registry entry listened Registry Entry [minecraft:block / biomemakeover:blighted_balsa_sign] was not realized!
[26Feb2025 04:52:57.679] [main/WARN] [dev.architectury.registry.registries.forge.RegistrarManagerImpl/]: Registry entry listened Registry Entry [minecraft:block / biomemakeover:red_mushroom_brick_stairs] was not realized!
[26Feb2025 04:52:57.679] [main/WARN] [dev.architectury.registry.registries.forge.RegistrarManagerImpl/]: Registry entry listened Registry Entry [minecraft:block / biomemakeover:light_blue_terracotta_brick_stairs] was not realized!
[26Feb2025 04:52:57.679] [main/WARN] [dev.architectury.registry.registries.forge.RegistrarManagerImpl/]: Registry entry listened Registry Entry [minecraft:block / biomemakeover:blighted_stone_bricks_slab] was not realized!
[26Feb2025 04:52:57.679] [main/WARN] [dev.architectury.registry.registries.forge.RegistrarManagerImpl/]: Registry entry listened Registry Entry [minecraft:block / biomemakeover:mossy_dried_peat_brick_stairs] was not realized!
[26Feb2025 04:52:57.679] [main/WARN] [dev.architectury.registry.registries.forge.RegistrarManagerImpl/]: Registry entry listened Registry Entry [minecraft:block / biomemakeover:white_terracotta_bricks] was not realized!
[26Feb2025 04:52:57.679] [main/WARN] [dev.architectury.registry.registries.forge.RegistrarManagerImpl/]: Registry entry listened Registry Entry [minecraft:block / biomemakeover:red_terracotta_bricks] was not realized!
[26Feb2025 04:52:57.679] [main/WARN] [dev.architectury.registry.registries.forge.RegistrarManagerImpl/]: Registry entry listened Registry Entry [minecraft:block / biomemakeover:blighted_balsa_stairs] was not realized!
[26Feb2025 04:52:57.679] [main/WARN] [dev.architectury.registry.registries.forge.RegistrarManagerImpl/]: Registry entry listened Registry Entry [minecraft:block / biomemakeover:stripped_willow_log] was not realized!
[26Feb2025 04:52:57.680] [main/WARN] [dev.architectury.registry.registries.forge.RegistrarManagerImpl/]: Registry entry listened Registry Entry [minecraft:block / biomemakeover:blue_terracotta_bricks] was not realized!
[26Feb2025 04:52:57.680] [main/WARN] [dev.architectury.registry.registries.forge.RegistrarManagerImpl/]: Registry entry listened Registry Entry [minecraft:block / biomemakeover:stripped_blighted_balsa_wood] was not realized!
[26Feb2025 04:52:57.680] [main/WARN] [dev.architectury.registry.registries.forge.RegistrarManagerImpl/]: Registry entry listened Registry Entry [minecraft:block / biomemakeover:water_lily] was not realized!
[26Feb2025 04:52:57.680] [main/WARN] [dev.architectury.registry.registries.forge.RegistrarManagerImpl/]: Registry entry listened Registry Entry [minecraft:block / biomemakeover:barrel_cactus_flowered] was not realized!
[26Feb2025 04:52:57.680] [main/WARN] [dev.architectury.registry.registries.forge.RegistrarManagerImpl/]: Registry entry listened Registry Entry [minecraft:block / biomemakeover:brown_mushroom_brick_stairs] was not realized!
[26Feb2025 04:52:57.680] [main/WARN] [dev.architectury.registry.registries.forge.RegistrarManagerImpl/]: Registry entry listened Registry Entry [minecraft:block / biomemakeover:pink_terracotta_brick_slab] was not realized!
[26Feb2025 04:52:57.680] [main/WARN] [dev.architectury.registry.registries.forge.RegistrarManagerImpl/]: Registry entry listened Registry Entry [minecraft:block / biomemakeover:blighted_balsa_pressure_plate] was not realized!
[26Feb2025 04:52:57.680] [main/WARN] [dev.architectury.registry.registries.forge.RegistrarManagerImpl/]: Registry entry listened Registry Entry [minecraft:block / biomemakeover:willow_wood] was not realized!
[26Feb2025 04:52:57.680] [main/WARN] [dev.architectury.registry.registries.forge.RegistrarManagerImpl/]: Registry entry listened Registry Entry [minecraft:block / biomemakeover:willow_button] was not realized!
[26Feb2025 04:52:57.680] [main/WARN] [dev.architectury.registry.registries.forge.RegistrarManagerImpl/]: Registry entry listened Registry Entry [minecraft:block / biomemakeover:swamp_cypress_wood] was not realized!
[26Feb2025 04:52:57.680] [main/WARN] [dev.architectury.registry.registries.forge.RegistrarManagerImpl/]: Registry entry listened Registry Entry [minecraft:block / biomemakeover:blighted_balsa_hanging_sign] was not realized!
[26Feb2025 04:52:57.680] [main/WARN] [dev.architectury.registry.registries.forge.RegistrarManagerImpl/]: Registry entry listened Registry Entry [minecraft:block / biomemakeover:magenta_terracotta_bricks] was not realized!
[26Feb2025 04:52:57.680] [main/WARN] [dev.architectury.registry.registries.forge.RegistrarManagerImpl/]: Registry entry listened Registry Entry [minecraft:block / biomemakeover:willow_fence_gate] was not realized!
[26Feb2025 04:52:57.681] [main/WARN] [dev.architectury.registry.registries.forge.RegistrarManagerImpl/]: Registry entry listened Registry Entry [minecraft:block / biomemakeover:itching_ivy] was not realized!
[26Feb2025 04:52:57.681] [main/WARN] [dev.architectury.registry.registries.forge.RegistrarManagerImpl/]: Registry entry listened Registry Entry [minecraft:block / biomemakeover:red_terracotta_brick_stairs] was not realized!
[26Feb2025 04:52:57.681] [main/WARN] [dev.architectury.registry.registries.forge.RegistrarManagerImpl/]: Registry entry listened Registry Entry [minecraft:block / biomemakeover:paydirt] was not realized!
[26Feb2025 04:52:57.681] [main/WARN] [dev.architectury.registry.registries.forge.RegistrarManagerImpl/]: Registry entry listened Registry Entry [minecraft:block / biomemakeover:willow_stairs] was not realized!
[26Feb2025 04:52:57.681] [main/WARN] [dev.architectury.registry.registries.forge.RegistrarManagerImpl/]: Registry entry listened Registry Entry [minecraft:block / biomemakeover:potted_wild_mushrooms] was not realized!
[26Feb2025 04:52:57.681] [main/WARN] [dev.architectury.registry.registries.forge.RegistrarManagerImpl/]: Registry entry listened Registry Entry [minecraft:block / biomemakeover:pink_terracotta_bricks] was not realized!
[26Feb2025 04:52:57.681] [main/WARN] [dev.architectury.registry.registries.forge.RegistrarManagerImpl/]: Registry entry listened Registry Entry [minecraft:block / biomemakeover:gray_terracotta_brick_stairs] was not realized!
[26Feb2025 04:52:57.681] [main/WARN] [dev.architectury.registry.registries.forge.RegistrarManagerImpl/]: Registry entry listened Registry Entry [minecraft:block / biomemakeover:potted_barrel_cactus] was not realized!
[26Feb2025 04:52:57.681] [main/WARN] [dev.architectury.registry.registries.forge.RegistrarManagerImpl/]: Registry entry listened Registry Entry [minecraft:block / biomemakeover:blighted_balsa_trapdoor] was not realized!
[26Feb2025 04:52:57.681] [main/WARN] [dev.architectury.registry.registries.forge.RegistrarManagerImpl/]: Registry entry listened Registry Entry [minecraft:block / biomemakeover:red_terracotta_brick_slab] was not realized!
[26Feb2025 04:52:57.682] [main/WARN] [dev.architectury.registry.registries.forge.RegistrarManagerImpl/]: Registry entry listened Registry Entry [minecraft:block / biomemakeover:swamp_cypress_fence] was not realized!
[26Feb2025 04:52:57.682] [main/WARN] [dev.architectury.registry.registries.forge.RegistrarManagerImpl/]: Registry entry listened Registry Entry [minecraft:block / biomemakeover:foxglove] was not realized!
[26Feb2025 04:52:57.682] [main/WARN] [dev.architectury.registry.registries.forge.RegistrarManagerImpl/]: Registry entry listened Registry Entry [minecraft:block / biomemakeover:brown_terracotta_brick_slab] was not realized!
[26Feb2025 04:52:57.682] [main/WARN] [dev.architectury.registry.registries.forge.RegistrarManagerImpl/]: Registry entry listened Registry Entry [minecraft:block / biomemakeover:small_lily_pad] was not realized!
[26Feb2025 04:52:57.682] [main/WARN] [dev.architectury.registry.registries.forge.RegistrarManagerImpl/]: Registry entry listened Registry Entry [minecraft:block / biomemakeover:magenta_terracotta_brick_stairs] was not realized!
[26Feb2025 04:52:57.682] [main/WARN] [dev.architectury.registry.registries.forge.RegistrarManagerImpl/]: Registry entry listened Registry Entry [minecraft:block / biomemakeover:potted_flowered_barrel_cactus] was not realized!
[26Feb2025 04:52:57.682] [main/WARN] [dev.architectury.registry.registries.forge.RegistrarManagerImpl/]: Registry entry listened Registry Entry [minecraft:block / biomemakeover:purple_glowshroom] was not realized!
[26Feb2025 04:52:57.682] [main/WARN] [dev.architectury.registry.registries.forge.RegistrarManagerImpl/]: Registry entry listened Registry Entry [minecraft:block / biomemakeover:swamp_cypress_planks] was not realized!
[26Feb2025 04:52:57.682] [main/WARN] [dev.architectury.registry.registries.forge.RegistrarManagerImpl/]: Registry entry listened Registry Entry [minecraft:block / biomemakeover:blighted_cobblestone_slab] was not realized!
[26Feb2025 04:52:57.683] [main/WARN] [dev.architectury.registry.registries.forge.RegistrarManagerImpl/]: Registry entry listened Registry Entry [minecraft:block / biomemakeover:terracotta_brick_slab] was not realized!
[26Feb2025 04:52:57.683] [main/WARN] [dev.architectury.registry.registries.forge.RegistrarManagerImpl/]: Registry entry listened Registry Entry [minecraft:block / biomemakeover:light_gray_terracotta_bricks] was not realized!
[26Feb2025 04:52:57.683] [main/WARN] [dev.architectury.registry.registries.forge.RegistrarManagerImpl/]: Registry entry listened Registry Entry [minecraft:block / biomemakeover:stripped_blighted_balsa_log] was not realized!
[26Feb2025 04:52:57.683] [main/WARN] [dev.architectury.registry.registries.forge.RegistrarManagerImpl/]: Registry entry listened Registry Entry [minecraft:block / biomemakeover:mushroom_stem_brick_stairs] was not realized!
[26Feb2025 04:52:57.683] [main/WARN] [dev.architectury.registry.registries.forge.RegistrarManagerImpl/]: Registry entry listened Registry Entry [minecraft:block / biomemakeover:mossy_peat] was not realized!
[26Feb2025 04:52:57.683] [main/WARN] [dev.architectury.registry.registries.forge.RegistrarManagerImpl/]: Registry entry listened Registry Entry [minecraft:block / biomemakeover:swamp_cypress_slab] was not realized!
[26Feb2025 04:52:57.683] [main/WARN] [dev.architectury.registry.registries.forge.RegistrarManagerImpl/]: Registry entry listened Registry Entry [minecraft:block / biomemakeover:stripped_ancient_oak_log] was not realized!
[26Feb2025 04:52:57.683] [main/WARN] [dev.architectury.registry.registries.forge.RegistrarManagerImpl/]: Registry entry listened Registry Entry [minecraft:block / biomemakeover:yellow_terracotta_brick_stairs] was not realized!
[26Feb2025 04:52:57.683] [main/WARN] [dev.architectury.registry.registries.forge.RegistrarManagerImpl/]: Registry entry listened Registry Entry [minecraft:block / biomemakeover:black_terracotta_brick_wall] was not realized!
[26Feb2025 04:52:57.683] [main/WARN] [dev.architectury.registry.registries.forge.RegistrarManagerImpl/]: Registry entry listened Registry Entry [minecraft:block / biomemakeover:purple_glowshroom_brick_slab] was not realized!
[26Feb2025 04:52:57.684] [main/WARN] [dev.architectury.registry.registries.forge.RegistrarManagerImpl/]: Registry entry listened Registry Entry [minecraft:block / biomemakeover:willow_planks] was not realized!
[26Feb2025 04:52:57.684] [main/WARN] [dev.architectury.registry.registries.forge.RegistrarManagerImpl/]: Registry entry listened Registry Entry [minecraft:block / biomemakeover:potted_blighted_balsa_sapling] was not realized!
[26Feb2025 04:52:57.684] [main/WARN] [dev.architectury.registry.registries.forge.RegistrarManagerImpl/]: Registry entry listened Registry Entry [minecraft:block / biomemakeover:potted_purple_glowshroom] was not realized!
[26Feb2025 04:52:57.684] [main/WARN] [dev.architectury.registry.registries.forge.RegistrarManagerImpl/]: Registry entry listened Registry Entry [minecraft:block / biomemakeover:green_glowshroom_brick_stairs] was not realized!
[26Feb2025 04:52:57.684] [main/WARN] [dev.architectury.registry.registries.forge.RegistrarManagerImpl/]: Registry entry listened Registry Entry [minecraft:block / biomemakeover:white_terracotta_brick_wall] was not realized!
[26Feb2025 04:52:57.684] [main/WARN] [dev.architectury.registry.registries.forge.RegistrarManagerImpl/]: Registry entry listened Registry Entry [minecraft:block / biomemakeover:swamp_cypress_hanging_sign] was not realized!
[26Feb2025 04:52:57.684] [main/WARN] [dev.architectury.registry.registries.forge.RegistrarManagerImpl/]: Registry entry listened Registry Entry [minecraft:block / biomemakeover:polished_mesmerite] was not realized!
[26Feb2025 04:52:57.684] [main/WARN] [dev.architectury.registry.registries.forge.RegistrarManagerImpl/]: Registry entry listened Registry Entry [minecraft:block / biomemakeover:blighted_cobblestone_wall] was not realized!
[26Feb2025 04:52:57.684] [main/WARN] [dev.architectury.registry.registries.forge.RegistrarManagerImpl/]: Registry entry listened Registry Entry [minecraft:block / biomemakeover:brown_mushroom_brick] was not realized!
[26Feb2025 04:52:57.685] [main/WARN] [dev.architectury.registry.registries.forge.RegistrarManagerImpl/]: Registry entry listened Registry Entry [minecraft:block / biomemakeover:swamp_cypress_log] was not realized!
[26Feb2025 04:52:57.686] [main/WARN] [dev.architectury.registry.registries.forge.RegistrarManagerImpl/]: Registry entry listened Registry Entry [minecraft:block / biomemakeover:swamp_cypress_trapdoor] was not realized!
[26Feb2025 04:52:57.686] [main/WARN] [dev.architectury.registry.registries.forge.RegistrarManagerImpl/]: Registry entry listened Registry Entry [minecraft:block / biomemakeover:potted_saguaro_cactus] was not realized!
[26Feb2025 04:52:57.686] [main/WARN] [dev.architectury.registry.registries.forge.RegistrarManagerImpl/]: Registry entry listened Registry Entry [minecraft:block / biomemakeover:swamp_cypress_stairs] was not realized!
[26Feb2025 04:52:57.686] [main/WARN] [dev.architectury.registry.registries.forge.RegistrarManagerImpl/]: Registry entry listened Registry Entry [minecraft:block / biomemakeover:lime_terracotta_bricks] was not realized!
[26Feb2025 04:52:57.686] [main/WARN] [dev.architectury.registry.registries.forge.RegistrarManagerImpl/]: Registry entry listened Registry Entry [minecraft:block / biomemakeover:small_illunite_bud] was not realized!
[26Feb2025 04:52:57.686] [main/WARN] [dev.architectury.registry.registries.forge.RegistrarManagerImpl/]: Registry entry listened Registry Entry [minecraft:block / biomemakeover:polished_mesmerite_stairs] was not realized!
[26Feb2025 04:52:57.686] [main/WARN] [dev.architectury.registry.registries.forge.RegistrarManagerImpl/]: Registry entry listened Registry Entry [minecraft:block / biomemakeover:blighted_balsa_log] was not realized!
[26Feb2025 04:52:57.687] [main/WARN] [dev.architectury.registry.registries.forge.RegistrarManagerImpl/]: Registry entry listened Registry Entry [minecraft:block / biomemakeover:potted_orange_glowshroom] was not realized!
[26Feb2025 04:52:57.687] [main/WARN] [dev.architectury.registry.registries.forge.RegistrarManagerImpl/]: Registry entry listened Registry Entry [minecraft:block / biomemakeover:black_thistle] was not realized!
[26Feb2025 04:52:57.687] [main/WARN] [dev.architectury.registry.registries.forge.RegistrarManagerImpl/]: Registry entry listened Registry Entry [minecraft:block / biomemakeover:mossy_dried_peat_brick_wall] was not realized!
[26Feb2025 04:52:57.687] [main/WARN] [dev.architectury.registry.registries.forge.RegistrarManagerImpl/]: Registry entry listened Registry Entry [minecraft:block / biomemakeover:red_terracotta_brick_wall] was not realized!
[26Feb2025 04:52:57.687] [main/WARN] [dev.architectury.registry.registries.forge.RegistrarManagerImpl/]: Registry entry listened Registry Entry [minecraft:block / biomemakeover:white_terracotta_brick_stairs] was not realized!
[26Feb2025 04:52:57.687] [main/WARN] [dev.architectury.registry.registries.forge.RegistrarManagerImpl/]: Registry entry listened Registry Entry [minecraft:block / biomemakeover:cladded_stone] was not realized!
[26Feb2025 04:52:57.687] [main/WARN] [dev.architectury.registry.registries.forge.RegistrarManagerImpl/]: Registry entry listened Registry Entry [minecraft:block / biomemakeover:green_glowshroom_brick_slab] was not realized!
[26Feb2025 04:52:57.688] [main/WARN] [dev.architectury.registry.registries.forge.RegistrarManagerImpl/]: Registry entry listened Registry Entry [minecraft:block / biomemakeover:light_gray_terracotta_brick_stairs] was not realized!
[26Feb2025 04:52:57.688] [main/WARN] [dev.architectury.registry.registries.forge.RegistrarManagerImpl/]: Registry entry listened Registry Entry [minecraft:block / biomemakeover:ancient_oak_wall_sign] was not realized!
[26Feb2025 04:52:57.688] [main/WARN] [dev.architectury.registry.registries.forge.RegistrarManagerImpl/]: Registry entry listened Registry Entry [minecraft:block / biomemakeover:ancient_oak_slab] was not realized!
[26Feb2025 04:52:57.688] [main/WARN] [dev.architectury.registry.registries.forge.RegistrarManagerImpl/]: Registry entry listened Registry Entry [minecraft:block / biomemakeover:willow_wall_sign] was not realized!
[26Feb2025 04:52:57.689] [main/WARN] [dev.architectury.registry.registries.forge.RegistrarManagerImpl/]: Registry entry listened Registry Entry [minecraft:block / biomemakeover:ancient_oak_sapling] was not realized!
[26Feb2025 04:52:57.689] [main/WARN] [dev.architectury.registry.registries.forge.RegistrarManagerImpl/]: Registry entry listened Registry Entry [minecraft:block / biomemakeover:blighted_stone_bricks_stairs] was not realized!
[26Feb2025 04:52:57.689] [main/WARN] [dev.architectury.registry.registries.forge.RegistrarManagerImpl/]: Registry entry listened Registry Entry [minecraft:block / biomemakeover:blue_terracotta_brick_wall] was not realized!
[26Feb2025 04:52:57.689] [main/WARN] [dev.architectury.registry.registries.forge.RegistrarManagerImpl/]: Registry entry listened Registry Entry [minecraft:block / biomemakeover:ancient_oak_door] was not realized!
[26Feb2025 04:52:57.689] [main/WARN] [dev.architectury.registry.registries.forge.RegistrarManagerImpl/]: Registry entry listened Registry Entry [minecraft:block / biomemakeover:terracotta_brick_stairs] was not realized!
[26Feb2025 04:52:57.689] [main/WARN] [dev.architectury.registry.registries.forge.RegistrarManagerImpl/]: Registry entry listened Registry Entry [minecraft:block / biomemakeover:willow_sapling] was not realized!
[26Feb2025 04:52:57.689] [main/WARN] [dev.architectury.registry.registries.forge.RegistrarManagerImpl/]: Registry entry listened Registry Entry [minecraft:block / biomemakeover:reed_thatch] was not realized!
[26Feb2025 04:52:57.689] [main/WARN] [dev.architectury.registry.registries.forge.RegistrarManagerImpl/]: Registry entry listened Registry Entry [minecraft:block / biomemakeover:mesmerite_wall] was not realized!
[26Feb2025 04:52:57.689] [main/WARN] [dev.architectury.registry.registries.forge.RegistrarManagerImpl/]: Registry entry listened Registry Entry [minecraft:block / biomemakeover:ancient_oak_button] was not realized!
[26Feb2025 04:52:57.689] [main/WARN] [dev.architectury.registry.registries.forge.RegistrarManagerImpl/]: Registry entry listened Registry Entry [minecraft:block / biomemakeover:ancient_oak_fence_gate] was not realized!
[26Feb2025 04:52:57.690] [main/WARN] [dev.architectury.registry.registries.forge.RegistrarManagerImpl/]: Registry entry listened Registry Entry [minecraft:block / biomemakeover:blighted_balsa_slab] was not realized!
[26Feb2025 04:52:57.690] [main/WARN] [dev.architectury.registry.registries.forge.RegistrarManagerImpl/]: Registry entry listened Registry Entry [minecraft:block / biomemakeover:cattail] was not realized!
[26Feb2025 04:52:57.690] [main/WARN] [dev.architectury.registry.registries.forge.RegistrarManagerImpl/]: Registry entry listened Registry Entry [minecraft:block / biomemakeover:illunite_block] was not realized!
[26Feb2025 04:52:57.690] [main/WARN] [dev.architectury.registry.registries.forge.RegistrarManagerImpl/]: Registry entry listened Registry Entry [minecraft:block / biomemakeover:light_blue_terracotta_brick_wall] was not realized!
[26Feb2025 04:52:57.690] [main/WARN] [dev.architectury.registry.registries.forge.RegistrarManagerImpl/]: Registry entry listened Registry Entry [minecraft:block / biomemakeover:tall_red_mushroom] was not realized!
[26Feb2025 04:52:57.690] [main/WARN] [dev.architectury.registry.registries.forge.RegistrarManagerImpl/]: Registry entry listened Registry Entry [minecraft:block / biomemakeover:swamp_cypress_door] was not realized!
[26Feb2025 04:52:57.690] [main/WARN] [dev.architectury.registry.registries.forge.RegistrarManagerImpl/]: Registry entry listened Registry Entry [minecraft:block / biomemakeover:yellow_terracotta_brick_wall] was not realized!
[26Feb2025 04:52:57.690] [main/WARN] [dev.architectury.registry.registries.forge.RegistrarManagerImpl/]: Registry entry listened Registry Entry [minecraft:block / biomemakeover:willow_sign] was not realized!
[26Feb2025 04:52:57.690] [main/WARN] [dev.architectury.registry.registries.forge.RegistrarManagerImpl/]: Registry entry listened Registry Entry [minecraft:block / biomemakeover:cracked_bricks] was not realized!
[26Feb2025 04:52:57.690] [main/WARN] [dev.architectury.registry.registries.forge.RegistrarManagerImpl/]: Registry entry listened Registry Entry [minecraft:block / biomemakeover:cracked_brick_wall] was not realized!
[26Feb2025 04:52:57.690] [main/WARN] [dev.architectury.registry.registries.forge.RegistrarManagerImpl/]: Registry entry listened Registry Entry [minecraft:block / biomemakeover:blighted_balsa_wall_sign] was not realized!
[26Feb2025 04:52:57.690] [main/WARN] [dev.architectury.registry.registries.forge.RegistrarManagerImpl/]: Registry entry listened Registry Entry [minecraft:block / biomemakeover:mushroom_stem_brick_wall] was not realized!
[26Feb2025 04:52:57.691] [main/WARN] [dev.architectury.registry.registries.forge.RegistrarManagerImpl/]: Registry entry listened Registry Entry [minecraft:block / biomemakeover:red_mushroom_brick] was not realized!
[26Feb2025 04:52:57.691] [main/WARN] [dev.architectury.registry.registries.forge.RegistrarManagerImpl/]: Registry entry listened Registry Entry [minecraft:block / biomemakeover:illunite_cluster] was not realized!
[26Feb2025 04:52:57.691] [main/WARN] [dev.architectury.registry.registries.forge.RegistrarManagerImpl/]: Registry entry listened Registry Entry [minecraft:block / biomemakeover:dried_peat_bricks_wall] was not realized!
[26Feb2025 04:52:57.691] [main/WARN] [dev.architectury.registry.registries.forge.RegistrarManagerImpl/]: Registry entry listened Registry Entry [minecraft:block / biomemakeover:stripped_willow_wood] was not realized!
[26Feb2025 04:52:57.691] [main/WARN] [dev.architectury.registry.registries.forge.RegistrarManagerImpl/]: Registry entry listened Registry Entry [minecraft:block / biomemakeover:cracked_dried_peat_brick_wall] was not realized!
[26Feb2025 04:52:57.691] [main/WARN] [dev.architectury.registry.registries.forge.RegistrarManagerImpl/]: Registry entry listened Registry Entry [minecraft:block / biomemakeover:orange_terracotta_brick_wall] was not realized!
[26Feb2025 04:52:57.691] [main/WARN] [dev.architectury.registry.registries.forge.RegistrarManagerImpl/]: Registry entry listened Registry Entry [minecraft:block / biomemakeover:swamp_cypress_wall_hanging_sign] was not realized!
[26Feb2025 04:52:57.691] [main/WARN] [dev.architectury.registry.registries.forge.RegistrarManagerImpl/]: Registry entry listened Registry Entry [minecraft:block / biomemakeover:mesmerite_slab] was not realized!
[26Feb2025 04:52:57.691] [main/WARN] [dev.architectury.registry.registries.forge.RegistrarManagerImpl/]: Registry entry listened Registry Entry [minecraft:block / biomemakeover:magenta_terracotta_brick_wall] was not realized!
[26Feb2025 04:52:57.691] [main/WARN] [dev.architectury.registry.registries.forge.RegistrarManagerImpl/]: Registry entry listened Registry Entry [minecraft:block / biomemakeover:dried_peat] was not realized!
[26Feb2025 04:52:57.691] [main/WARN] [dev.architectury.registry.registries.forge.RegistrarManagerImpl/]: Registry entry listened Registry Entry [minecraft:block / biomemakeover:tall_brown_mushroom] was not realized!
[26Feb2025 04:52:57.691] [main/WARN] [dev.architectury.registry.registries.forge.RegistrarManagerImpl/]: Registry entry listened Registry Entry [minecraft:block / biomemakeover:peat_farmland] was not realized!
[26Feb2025 04:52:57.692] [main/WARN] [dev.architectury.registry.registries.forge.RegistrarManagerImpl/]: Registry entry listened Registry Entry [minecraft:block / biomemakeover:blighted_cobblestone_stairs] was not realized!
[26Feb2025 04:52:57.692] [main/WARN] [dev.architectury.registry.registries.forge.RegistrarManagerImpl/]: Registry entry listened Registry Entry [minecraft:block / biomemakeover:brown_mushroom_brick_slab] was not realized!
[26Feb2025 04:52:57.692] [main/WARN] [dev.architectury.registry.registries.forge.RegistrarManagerImpl/]: Registry entry listened Registry Entry [minecraft:block / biomemakeover:blighted_stone_bricks] was not realized!
[26Feb2025 04:52:57.692] [main/WARN] [dev.architectury.registry.registries.forge.RegistrarManagerImpl/]: Registry entry listened Registry Entry [minecraft:block / biomemakeover:black_terracotta_brick_stairs] was not realized!
[26Feb2025 04:52:57.692] [main/WARN] [dev.architectury.registry.registries.forge.RegistrarManagerImpl/]: Registry entry listened Registry Entry [minecraft:block / biomemakeover:green_terracotta_brick_stairs] was not realized!
[26Feb2025 04:52:57.692] [main/WARN] [dev.architectury.registry.registries.forge.RegistrarManagerImpl/]: Registry entry listened Registry Entry [minecraft:block / biomemakeover:blue_terracotta_brick_slab] was not realized!
[26Feb2025 04:52:57.692] [main/WARN] [dev.architectury.registry.registries.forge.RegistrarManagerImpl/]: Registry entry listened Registry Entry [minecraft:block / biomemakeover:glowshroom_stem_brick] was not realized!
[26Feb2025 04:52:57.692] [main/WARN] [dev.architectury.registry.registries.forge.RegistrarManagerImpl/]: Registry entry listened Registry Entry [minecraft:block / biomemakeover:mesmerite_stairs] was not realized!
[26Feb2025 04:52:57.692] [main/WARN] [dev.architectury.registry.registries.forge.RegistrarManagerImpl/]: Registry entry listened Registry Entry [minecraft:block / biomemakeover:terracotta_bricks] was not realized!
[26Feb2025 04:52:57.692] [main/WARN] [dev.architectury.registry.registries.forge.RegistrarManagerImpl/]: Registry entry listened Registry Entry [minecraft:block / biomemakeover:purple_terracotta_bricks] was not realized!
[26Feb2025 04:52:57.692] [main/WARN] [dev.architectury.registry.registries.forge.RegistrarManagerImpl/]: Registry entry listened Registry Entry [minecraft:block / biomemakeover:blighted_balsa_planks] was not realized!
[26Feb2025 04:52:57.692] [main/WARN] [dev.architectury.registry.registries.forge.RegistrarManagerImpl/]: Registry entry listened Registry Entry [minecraft:block / biomemakeover:cracked_brick_stairs] was not realized!
[26Feb2025 04:52:57.693] [main/WARN] [dev.architectury.registry.registries.forge.RegistrarManagerImpl/]: Registry entry listened Registry Entry [minecraft:block / biomemakeover:red_mushroom_brick_slab] was not realized!
[26Feb2025 04:52:57.693] [main/WARN] [dev.architectury.registry.registries.forge.RegistrarManagerImpl/]: Registry entry listened Registry Entry [minecraft:block / biomemakeover:willow_slab] was not realized!
[26Feb2025 04:52:57.693] [main/WARN] [dev.architectury.registry.registries.forge.RegistrarManagerImpl/]: Registry entry listened Registry Entry [minecraft:block / biomemakeover:ancient_oak_pressure_plate] was not realized!
[26Feb2025 04:52:57.693] [main/WARN] [dev.architectury.registry.registries.forge.RegistrarManagerImpl/]: Registry entry listened Registry Entry [minecraft:block / biomemakeover:potted_swamp_cypress_sapling] was not realized!
[26Feb2025 04:52:57.693] [main/WARN] [dev.architectury.registry.registries.forge.RegistrarManagerImpl/]: Registry entry listened Registry Entry [minecraft:block / biomemakeover:orange_glowshroom_brick_stairs] was not realized!
[26Feb2025 04:52:57.693] [main/WARN] [dev.architectury.registry.registries.forge.RegistrarManagerImpl/]: Registry entry listened Registry Entry [minecraft:block / biomemakeover:moth_blossom] was not realized!
[26Feb2025 04:52:57.693] [main/WARN] [dev.architectury.registry.registries.forge.RegistrarManagerImpl/]: Registry entry listened Registry Entry [minecraft:block / biomemakeover:blighted_balsa_door] was not realized!
[26Feb2025 04:52:57.693] [main/WARN] [dev.architectury.registry.registries.forge.RegistrarManagerImpl/]: Registry entry listened Registry Entry [minecraft:block / biomemakeover:orange_glowshroom_brick_wall] was not realized!
[26Feb2025 04:52:57.693] [main/WARN] [dev.architectury.registry.registries.forge.RegistrarManagerImpl/]: Registry entry listened Registry Entry [minecraft:block / biomemakeover:purple_terracotta_brick_stairs] was not realized!
[26Feb2025 04:52:57.693] [main/WARN] [dev.architectury.registry.registries.forge.RegistrarManagerImpl/]: Registry entry listened Registry Entry [minecraft:block / biomemakeover:purple_glowshroom_block] was not realized!
[26Feb2025 04:52:57.693] [main/WARN] [dev.architectury.registry.registries.forge.RegistrarManagerImpl/]: Registry entry listened Registry Entry [minecraft:block / biomemakeover:stripped_ancient_oak_wood] was not realized!
[26Feb2025 04:52:57.694] [main/WARN] [dev.architectury.registry.registries.forge.RegistrarManagerImpl/]: Registry entry listened Registry Entry [minecraft:block / biomemakeover:light_blue_terracotta_bricks] was not realized!
[26Feb2025 04:52:57.694] [main/WARN] [dev.architectury.registry.registries.forge.RegistrarManagerImpl/]: Registry entry listened Registry Entry [minecraft:block / biomemakeover:glowshroom_stem] was not realized!
[26Feb2025 04:52:57.694] [main/WARN] [dev.architectury.registry.registries.forge.RegistrarManagerImpl/]: Registry entry listened Registry Entry [minecraft:block / biomemakeover:altar] was not realized!
[26Feb2025 04:52:57.694] [main/WARN] [dev.architectury.registry.registries.forge.RegistrarManagerImpl/]: Registry entry listened Registry Entry [minecraft:block / biomemakeover:polished_mesmerite_wall] was not realized!
[26Feb2025 04:52:57.694] [main/WARN] [dev.architectury.registry.registries.forge.RegistrarManagerImpl/]: Registry entry listened Registry Entry [minecraft:block / biomemakeover:blue_terracotta_brick_stairs] was not realized!
[26Feb2025 04:52:57.694] [main/WARN] [dev.architectury.registry.registries.forge.RegistrarManagerImpl/]: Registry entry listened Registry Entry [minecraft:block / biomemakeover:mossy_dried_peat_bricks] was not realized!
[26Feb2025 04:52:57.694] [main/WARN] [dev.architectury.registry.registries.forge.RegistrarManagerImpl/]: Registry entry listened Registry Entry [minecraft:block / biomemakeover:wild_mushrooms] was not realized!
[26Feb2025 04:52:57.694] [main/WARN] [dev.architectury.registry.registries.forge.RegistrarManagerImpl/]: Registry entry listened Registry Entry [minecraft:block / biomemakeover:lime_terracotta_brick_stairs] was not realized!
[26Feb2025 04:52:57.694] [main/WARN] [dev.architectury.registry.registries.forge.RegistrarManagerImpl/]: Registry entry listened Registry Entry [minecraft:block / biomemakeover:potted_green_glowshroom] was not realized!
[26Feb2025 04:52:57.694] [main/WARN] [dev.architectury.registry.registries.forge.RegistrarManagerImpl/]: Registry entry listened Registry Entry [minecraft:block / biomemakeover:purple_glowshroom_brick] was not realized!
[26Feb2025 04:52:57.694] [main/WARN] [dev.architectury.registry.registries.forge.RegistrarManagerImpl/]: Registry entry listened Registry Entry [minecraft:block / biomemakeover:reed_thatch_stairs] was not realized!
[26Feb2025 04:52:57.694] [main/WARN] [dev.architectury.registry.registries.forge.RegistrarManagerImpl/]: Registry entry listened Registry Entry [minecraft:block / biomemakeover:blighted_stone_bricks_wall] was not realized!
[26Feb2025 04:52:57.694] [main/WARN] [dev.architectury.registry.registries.forge.RegistrarManagerImpl/]: Registry entry listened Registry Entry [minecraft:block / biomemakeover:gray_terracotta_brick_wall] was not realized!
[26Feb2025 04:52:57.695] [main/WARN] [dev.architectury.registry.registries.forge.RegistrarManagerImpl/]: Registry entry listened Registry Entry [minecraft:block / biomemakeover:brown_terracotta_brick_wall] was not realized!
[26Feb2025 04:52:57.695] [main/WARN] [dev.architectury.registry.registries.forge.RegistrarManagerImpl/]: Registry entry listened Registry Entry [minecraft:block / biomemakeover:dried_peat_bricks] was not realized!
[26Feb2025 04:52:57.695] [main/WARN] [dev.architectury.registry.registries.forge.RegistrarManagerImpl/]: Registry entry listened Registry Entry [minecraft:block / biomemakeover:gray_terracotta_bricks] was not realized!
[26Feb2025 04:52:57.695] [main/WARN] [dev.architectury.registry.registries.forge.RegistrarManagerImpl/]: Registry entry listened Registry Entry [minecraft:block / biomemakeover:purple_glowshroom_brick_wall] was not realized!
[26Feb2025 04:52:57.695] [main/WARN] [dev.architectury.registry.registries.forge.RegistrarManagerImpl/]: Registry entry listened Registry Entry [minecraft:block / biomemakeover:black_terracotta_bricks] was not realized!
[26Feb2025 04:52:57.695] [main/WARN] [dev.architectury.registry.registries.forge.RegistrarManagerImpl/]: Registry entry listened Registry Entry [minecraft:block / biomemakeover:cracked_dried_peat_brick_stairs] was not realized!
[26Feb2025 04:52:57.695] [main/WARN] [dev.architectury.registry.registries.forge.RegistrarManagerImpl/]: Registry entry listened Registry Entry [minecraft:block / biomemakeover:green_glowshroom_brick] was not realized!
[26Feb2025 04:52:57.696] [main/WARN] [dev.architectury.registry.registries.forge.RegistrarManagerImpl/]: Registry entry listened Registry Entry [minecraft:block / biomemakeover:ancient_oak_planks] was not realized!
[26Feb2025 04:52:57.697] [main/WARN] [dev.architectury.registry.registries.forge.RegistrarManagerImpl/]: Registry entry listened Registry Entry [minecraft:block / biomemakeover:brown_terracotta_brick_stairs] was not realized!
[26Feb2025 04:52:57.697] [main/WARN] [dev.architectury.registry.registries.forge.RegistrarManagerImpl/]: Registry entry listened Registry Entry [minecraft:block / biomemakeover:black_terracotta_brick_slab] was not realized!
[26Feb2025 04:52:57.697] [main/WARN] [dev.architectury.registry.registries.forge.RegistrarManagerImpl/]: Registry entry listened Registry Entry [minecraft:block / biomemakeover:willow_hanging_sign] was not realized!
[26Feb2025 04:52:57.697] [main/WARN] [dev.architectury.registry.registries.forge.RegistrarManagerImpl/]: Registry entry listened Registry Entry [minecraft:block / biomemakeover:glowshroom_stem_brick_wall] was not realized!
[26Feb2025 04:52:57.697] [main/WARN] [dev.architectury.registry.registries.forge.RegistrarManagerImpl/]: Registry entry listened Registry Entry [minecraft:block / biomemakeover:willow_log] was not realized!
[26Feb2025 04:52:57.697] [main/WARN] [dev.architectury.registry.registries.forge.RegistrarManagerImpl/]: Registry entry listened Registry Entry [minecraft:block / biomemakeover:peat] was not realized!
[26Feb2025 04:52:57.697] [main/WARN] [dev.architectury.registry.registries.forge.RegistrarManagerImpl/]: Registry entry listened Registry Entry [minecraft:block / biomemakeover:ivy] was not realized!
[26Feb2025 04:52:57.697] [main/WARN] [dev.architectury.registry.registries.forge.RegistrarManagerImpl/]: Registry entry listened Registry Entry [minecraft:block / biomemakeover:ancient_oak_wood] was not realized!
[26Feb2025 04:52:57.697] [main/WARN] [dev.architectury.registry.registries.forge.RegistrarManagerImpl/]: Registry entry listened Registry Entry [minecraft:block / biomemakeover:lime_terracotta_brick_wall] was not realized!
[26Feb2025 04:52:58.861] [main/WARN] [dev.architectury.registry.registries.forge.RegistrarManagerImpl/]: Registry entry listened Registry Entry [minecraft:block / biomemakeover:willowing_branches] was not realized!
[26Feb2025 04:52:58.861] [main/WARN] [dev.architectury.registry.registries.forge.RegistrarManagerImpl/]: Registry entry listened Registry Entry [minecraft:block / biomemakeover:blighted_balsa_fence] was not realized!
[26Feb2025 04:52:58.861] [main/WARN] [dev.architectury.registry.registries.forge.RegistrarManagerImpl/]: Registry entry listened Registry Entry [minecraft:block / biomemakeover:green_glowshroom_brick_wall] was not realized!
[26Feb2025 04:52:58.861] [main/WARN] [dev.architectury.registry.registries.forge.RegistrarManagerImpl/]: Registry entry listened Registry Entry [minecraft:block / biomemakeover:mycelium_roots] was not realized!
[26Feb2025 04:52:58.861] [main/WARN] [dev.architectury.registry.registries.forge.RegistrarManagerImpl/]: Registry entry listened Registry Entry [minecraft:block / biomemakeover:medium_illunite_bud] was not realized!
[26Feb2025 04:52:58.861] [main/WARN] [dev.architectury.registry.registries.forge.RegistrarManagerImpl/]: Registry entry listened Registry Entry [minecraft:block / biomemakeover:ancient_oak_fence] was not realized!
[26Feb2025 04:52:58.861] [main/WARN] [dev.architectury.registry.registries.forge.RegistrarManagerImpl/]: Registry entry listened Registry Entry [minecraft:block / biomemakeover:blighted_balsa_wall_hanging_sign] was not realized!
[26Feb2025 04:52:58.862] [main/WARN] [dev.architectury.registry.registries.forge.RegistrarManagerImpl/]: Registry entry listened Registry Entry [minecraft:block / biomemakeover:orange_terracotta_brick_stairs] was not realized!
[26Feb2025 04:52:58.862] [main/WARN] [dev.architectury.registry.registries.forge.RegistrarManagerImpl/]: Registry entry listened Registry Entry [minecraft:block / biomemakeover:crude_cladding_block] was not realized!
[26Feb2025 04:52:58.862] [main/WARN] [dev.architectury.registry.registries.forge.RegistrarManagerImpl/]: Registry entry listened Registry Entry [minecraft:block / biomemakeover:poltergeist] was not realized!
[26Feb2025 04:52:58.862] [main/WARN] [dev.architectury.registry.registries.forge.RegistrarManagerImpl/]: Registry entry listened Registry Entry [minecraft:block / biomemakeover:cracked_dried_peat_brick_slab] was not realized!
[26Feb2025 04:52:58.862] [main/WARN] [dev.architectury.registry.registries.forge.RegistrarManagerImpl/]: Registry entry listened Registry Entry [minecraft:block / biomemakeover:light_blue_terracotta_brick_slab] was not realized!
[26Feb2025 04:52:58.862] [main/WARN] [dev.architectury.registry.registries.forge.RegistrarManagerImpl/]: Registry entry listened Registry Entry [minecraft:block / biomemakeover:pink_terracotta_brick_stairs] was not realized!
[26Feb2025 04:52:58.862] [main/WARN] [dev.architectury.registry.registries.forge.RegistrarManagerImpl/]: Registry entry listened Registry Entry [minecraft:block / biomemakeover:blighted_cobblestone] was not realized!
[26Feb2025 04:52:58.862] [main/WARN] [dev.architectury.registry.registries.forge.RegistrarManagerImpl/]: Registry entry listened Registry Entry [minecraft:block / biomemakeover:brown_terracotta_bricks] was not realized!
[26Feb2025 04:52:58.862] [main/WARN] [dev.architectury.registry.registries.forge.RegistrarManagerImpl/]: Registry entry listened Registry Entry [minecraft:block / biomemakeover:blighted_balsa_fence_gate] was not realized!
[26Feb2025 04:52:58.862] [main/WARN] [dev.architectury.registry.registries.forge.RegistrarManagerImpl/]: Registry entry listened Registry Entry [minecraft:block / biomemakeover:ancient_oak_stairs] was not realized!
[26Feb2025 04:52:58.862] [main/WARN] [dev.architectury.registry.registries.forge.RegistrarManagerImpl/]: Registry entry listened Registry Entry [minecraft:block / biomemakeover:orange_glowshroom_block] was not realized!
[26Feb2025 04:52:58.862] [main/WARN] [dev.architectury.registry.registries.forge.RegistrarManagerImpl/]: Registry entry listened Registry Entry [minecraft:block / biomemakeover:gray_terracotta_brick_slab] was not realized!
[26Feb2025 04:52:58.863] [main/WARN] [dev.architectury.registry.registries.forge.RegistrarManagerImpl/]: Registry entry listened Registry Entry [minecraft:block / biomemakeover:swamp_cypress_sapling] was not realized!
[26Feb2025 04:52:58.863] [main/WARN] [dev.architectury.registry.registries.forge.RegistrarManagerImpl/]: Registry entry listened Registry Entry [minecraft:block / biomemakeover:ancient_oak_wall_hanging_sign] was not realized!
[26Feb2025 04:52:58.863] [main/WARN] [dev.architectury.registry.registries.forge.RegistrarManagerImpl/]: Registry entry listened Registry Entry [minecraft:block / biomemakeover:large_illunite_bud] was not realized!
[26Feb2025 04:52:58.863] [main/WARN] [dev.architectury.registry.registries.forge.RegistrarManagerImpl/]: Registry entry listened Registry Entry [minecraft:block / biomemakeover:lime_terracotta_brick_slab] was not realized!
[26Feb2025 04:52:58.863] [main/WARN] [dev.architectury.registry.registries.forge.RegistrarManagerImpl/]: Registry entry listened Registry Entry [minecraft:block / biomemakeover:cracked_brick_slab] was not realized!
[26Feb2025 04:52:58.863] [main/WARN] [dev.architectury.registry.registries.forge.RegistrarManagerImpl/]: Registry entry listened Registry Entry [minecraft:block / biomemakeover:yellow_terracotta_brick_slab] was not realized!
[26Feb2025 04:52:58.863] [main/WARN] [dev.architectury.registry.registries.forge.RegistrarManagerImpl/]: Registry entry listened Registry Entry [minecraft:block / biomemakeover:dried_peat_bricks_slab] was not realized!
[26Feb2025 04:52:58.863] [main/WARN] [dev.architectury.registry.registries.forge.RegistrarManagerImpl/]: Registry entry listened Registry Entry [minecraft:block / biomemakeover:glowshroom_stem_brick_slab] was not realized!
[26Feb2025 04:52:58.863] [main/WARN] [dev.architectury.registry.registries.forge.RegistrarManagerImpl/]: Registry entry listened Registry Entry [minecraft:block / biomemakeover:blighted_balsa_wood] was not realized!
[26Feb2025 04:52:58.863] [main/WARN] [dev.architectury.registry.registries.forge.RegistrarManagerImpl/]: Registry entry listened Registry Entry [minecraft:block / biomemakeover:swamp_cypress_button] was not realized!
[26Feb2025 04:52:58.863] [main/WARN] [dev.architectury.registry.registries.forge.RegistrarManagerImpl/]: Registry entry listened Registry Entry [minecraft:block / biomemakeover:orange_glowshroom_brick] was not realized!
[26Feb2025 04:52:58.863] [main/WARN] [dev.architectury.registry.registries.forge.RegistrarManagerImpl/]: Registry entry listened Registry Entry [minecraft:block / biomemakeover:terracotta_brick_wall] was not realized!
[26Feb2025 04:52:58.863] [main/WARN] [dev.architectury.registry.registries.forge.RegistrarManagerImpl/]: Registry entry listened Registry Entry [minecraft:block / biomemakeover:pink_terracotta_brick_wall] was not realized!
[26Feb2025 04:52:58.864] [main/WARN] [dev.architectury.registry.registries.forge.RegistrarManagerImpl/]: Registry entry listened Registry Entry [minecraft:block / biomemakeover:potted_ancient_oak_sapling] was not realized!
[26Feb2025 04:52:58.864] [main/WARN] [dev.architectury.registry.registries.forge.RegistrarManagerImpl/]: Registry entry listened Registry Entry [minecraft:block / biomemakeover:purple_glowshroom_brick_stairs] was not realized!
[26Feb2025 04:52:58.864] [main/WARN] [dev.architectury.registry.registries.forge.RegistrarManagerImpl/]: Registry entry listened Registry Entry [minecraft:block / biomemakeover:swamp_cypress_fence_gate] was not realized!
[26Feb2025 04:52:58.864] [main/WARN] [dev.architectury.registry.registries.forge.RegistrarManagerImpl/]: Registry entry listened Registry Entry [minecraft:block / biomemakeover:green_glowshroom_block] was not realized!
[26Feb2025 04:52:58.864] [main/WARN] [dev.architectury.registry.registries.forge.RegistrarManagerImpl/]: Registry entry listened Registry Entry [minecraft:block / biomemakeover:buttonbush] was not realized!
[26Feb2025 04:52:58.864] [main/WARN] [dev.architectury.registry.registries.forge.RegistrarManagerImpl/]: Registry entry listened Registry Entry [minecraft:block / biomemakeover:marigold] was not realized!
[26Feb2025 04:52:58.864] [main/WARN] [dev.architectury.registry.registries.forge.RegistrarManagerImpl/]: Registry entry listened Registry Entry [minecraft:block / biomemakeover:ancient_oak_sign] was not realized!
[26Feb2025 04:52:58.864] [main/WARN] [dev.architectury.registry.registries.forge.RegistrarManagerImpl/]: Registry entry listened Registry Entry [minecraft:block / biomemakeover:stripped_swamp_cypress_log] was not realized!
[26Feb2025 04:52:58.864] [main/WARN] [dev.architectury.registry.registries.forge.RegistrarManagerImpl/]: Registry entry listened Registry Entry [minecraft:block / biomemakeover:reed_thatch_slab] was not realized!
[26Feb2025 04:52:58.864] [main/WARN] [dev.architectury.registry.registries.forge.RegistrarManagerImpl/]: Registry entry listened Registry Entry [minecraft:block / biomemakeover:swamp_cypress_sign] was not realized!
[26Feb2025 04:52:58.864] [main/WARN] [dev.architectury.registry.registries.forge.RegistrarManagerImpl/]: Registry entry listened Registry Entry [minecraft:block / biomemakeover:orange_terracotta_brick_slab] was not realized!
[26Feb2025 04:52:58.864] [main/WARN] [dev.architectury.registry.registries.forge.RegistrarManagerImpl/]: Registry entry listened Registry Entry [minecraft:block / biomemakeover:glowshroom_stem_brick_stairs] was not realized!
[26Feb2025 04:52:58.865] [main/WARN] [dev.architectury.registry.registries.forge.RegistrarManagerImpl/]: Registry entry listened Registry Entry [minecraft:block / biomemakeover:purple_terracotta_brick_wall] was not realized!
[26Feb2025 04:52:58.865] [main/WARN] [dev.architectury.registry.registries.forge.RegistrarManagerImpl/]: Registry entry listened Registry Entry [minecraft:block / biomemakeover:cyan_terracotta_brick_wall] was not realized!
[26Feb2025 04:52:58.865] [main/WARN] [dev.architectury.registry.registries.forge.RegistrarManagerImpl/]: Registry entry listened Registry Entry [minecraft:block / biomemakeover:brown_mushroom_brick_wall] was not realized!
[26Feb2025 04:52:58.865] [main/WARN] [dev.architectury.registry.registries.forge.RegistrarManagerImpl/]: Registry entry listened Registry Entry [minecraft:block / biomemakeover:mushroom_stem_brick] was not realized!
[26Feb2025 04:52:58.865] [main/WARN] [dev.architectury.registry.registries.forge.RegistrarManagerImpl/]: Registry entry listened Registry Entry [minecraft:block / biomemakeover:willow_wall_hanging_sign] was not realized!
[26Feb2025 04:52:58.865] [main/WARN] [dev.architectury.registry.registries.forge.RegistrarManagerImpl/]: Registry entry listened Registry Entry [minecraft:block / biomemakeover:stripped_swamp_cypress_wood] was not realized!
[26Feb2025 04:52:58.865] [main/WARN] [dev.architectury.registry.registries.forge.RegistrarManagerImpl/]: Registry entry listened Registry Entry [minecraft:block / biomemakeover:ancient_oak_hanging_sign] was not realized!
[26Feb2025 04:52:58.865] [main/WARN] [dev.architectury.registry.registries.forge.RegistrarManagerImpl/]: Registry entry listened Registry Entry [minecraft:block / biomemakeover:mesmerite] was not realized!
[26Feb2025 04:52:58.865] [main/WARN] [dev.architectury.registry.registries.forge.RegistrarManagerImpl/]: Registry entry listened Registry Entry [minecraft:block / biomemakeover:cyan_terracotta_brick_stairs] was not realized!
[26Feb2025 04:52:58.865] [main/WARN] [dev.architectury.registry.registries.forge.RegistrarManagerImpl/]: Registry entry listened Registry Entry [minecraft:block / biomemakeover:willow_leaves] was not realized!
[26Feb2025 04:52:58.865] [main/WARN] [dev.architectury.registry.registries.forge.RegistrarManagerImpl/]: Registry entry listened Registry Entry [minecraft:block / biomemakeover:mossy_dried_peat_brick_slab] was not realized!
[26Feb2025 04:52:58.865] [main/WARN] [dev.architectury.registry.registries.forge.RegistrarManagerImpl/]: Registry entry listened Registry Entry [minecraft:block / biomemakeover:potted_willow_sapling] was not realized!
[26Feb2025 04:52:58.865] [main/WARN] [dev.architectury.registry.registries.forge.RegistrarManagerImpl/]: Registry entry listened Registry Entry [minecraft:block / biomemakeover:willow_door] was not realized!
[26Feb2025 04:52:58.866] [main/WARN] [dev.architectury.registry.registries.forge.RegistrarManagerImpl/]: Registry entry listened Registry Entry [minecraft:block / biomemakeover:willow_fence] was not realized!
[26Feb2025 04:52:58.866] [main/WARN] [dev.architectury.registry.registries.forge.RegistrarManagerImpl/]: Registry entry listened Registry Entry [minecraft:block / biomemakeover:dried_peat_bricks_stairs] was not realized!
[26Feb2025 04:52:58.866] [main/WARN] [dev.architectury.registry.registries.forge.RegistrarManagerImpl/]: Registry entry listened Registry Entry [minecraft:block / biomemakeover:green_terracotta_brick_slab] was not realized!
[26Feb2025 04:52:58.866] [main/WARN] [dev.architectury.registry.registries.forge.RegistrarManagerImpl/]: Registry entry listened Registry Entry [minecraft:block / biomemakeover:barrel_cactus] was not realized!
[26Feb2025 04:52:58.866] [main/WARN] [dev.architectury.registry.registries.forge.RegistrarManagerImpl/]: Registry entry listened Registry Entry [minecraft:block / biomemakeover:reed] was not realized!
[26Feb2025 04:52:58.866] [main/WARN] [dev.architectury.registry.registries.forge.RegistrarManagerImpl/]: Registry entry listened Registry Entry [minecraft:block / biomemakeover:cyan_terracotta_bricks] was not realized!
[26Feb2025 04:52:58.866] [main/WARN] [dev.architectury.registry.registries.forge.RegistrarManagerImpl/]: Registry entry listened Registry Entry [minecraft:block / biomemakeover:red_mushroom_brick_wall] was not realized!
[26Feb2025 04:52:58.866] [main/WARN] [dev.architectury.registry.registries.forge.RegistrarManagerImpl/]: Registry entry listened Registry Entry [minecraft:block / biomemakeover:green_glowshroom] was not realized!
[26Feb2025 04:52:58.866] [main/WARN] [dev.architectury.registry.registries.forge.RegistrarManagerImpl/]: Registry entry listened Registry Entry [minecraft:block / biomemakeover:cracked_dried_peat_bricks] was not realized!
[26Feb2025 04:52:58.866] [main/WARN] [dev.architectury.registry.registries.forge.RegistrarManagerImpl/]: Registry entry listened Registry Entry [minecraft:block / biomemakeover:saguaro_cactus] was not realized!
[26Feb2025 04:52:58.866] [main/WARN] [dev.architectury.registry.registries.forge.RegistrarManagerImpl/]: Registry entry listened Registry Entry [minecraft:block / biomemakeover:mushroom_stem_brick_slab] was not realized!
[26Feb2025 04:52:58.867] [main/WARN] [dev.architectury.registry.registries.forge.RegistrarManagerImpl/]: Registry entry listened Registry Entry [minecraft:block / biomemakeover:blighted_balsa_sapling] was not realized!
[26Feb2025 04:52:58.867] [main/WARN] [dev.architectury.registry.registries.forge.RegistrarManagerImpl/]: Registry entry listened Registry Entry [minecraft:block / biomemakeover:yellow_terracotta_bricks] was not realized!
[26Feb2025 04:52:58.867] [main/WARN] [dev.architectury.registry.registries.forge.RegistrarManagerImpl/]: Registry entry listened Registry Entry [minecraft:block / biomemakeover:ancient_oak_trapdoor] was not realized!
[26Feb2025 04:52:58.867] [main/WARN] [dev.architectury.registry.registries.forge.RegistrarManagerImpl/]: Registry entry listened Registry Entry [minecraft:block / biomemakeover:swamp_cypress_wall_sign] was not realized!
[26Feb2025 04:52:58.867] [main/WARN] [dev.architectury.registry.registries.forge.RegistrarManagerImpl/]: Registry entry listened Registry Entry [minecraft:block / biomemakeover:white_terracotta_brick_slab] was not realized!
[26Feb2025 04:52:58.867] [main/WARN] [dev.architectury.registry.registries.forge.RegistrarManagerImpl/]: Registry entry listened Registry Entry [minecraft:block / biomemakeover:orange_glowshroom] was not realized!
[26Feb2025 04:52:58.868] [main/WARN] [dev.architectury.registry.registries.forge.RegistrarManagerImpl/]: Registry entry listened Registry Entry [minecraft:block / biomemakeover:light_gray_terracotta_brick_slab] was not realized!
[26Feb2025 04:52:58.868] [main/WARN] [dev.architectury.registry.registries.forge.RegistrarManagerImpl/]: Registry entry listened Registry Entry [minecraft:block / biomemakeover:mycelium_sprouts] was not realized!
[26Feb2025 04:52:58.868] [main/WARN] [dev.architectury.registry.registries.forge.RegistrarManagerImpl/]: Registry entry listened Registry Entry [minecraft:block / biomemakeover:willow_trapdoor] was not realized!
[26Feb2025 04:52:58.868] [main/WARN] [dev.architectury.registry.registries.forge.RegistrarManagerImpl/]: Registry entry listened Registry Entry [minecraft:block / biomemakeover:blighted_balsa_leaves] was not realized!
[26Feb2025 04:52:58.868] [main/WARN] [dev.architectury.registry.registries.forge.RegistrarManagerImpl/]: Registry entry listened Registry Entry [minecraft:block / biomemakeover:willow_pressure_plate] was not realized!
[26Feb2025 04:52:58.868] [main/WARN] [dev.architectury.registry.registries.forge.RegistrarManagerImpl/]: Registry entry listened Registry Entry [minecraft:block / biomemakeover:swamp_cypress_pressure_plate] was not realized!
[26Feb2025 04:52:58.868] [main/WARN] [dev.architectury.registry.registries.forge.RegistrarManagerImpl/]: Registry entry listened Registry Entry [minecraft:block / biomemakeover:budding_illunite] was not realized!
[26Feb2025 04:52:58.868] [main/WARN] [dev.architectury.registry.registries.forge.RegistrarManagerImpl/]: Registry entry listened Registry Entry [minecraft:block / biomemakeover:orange_glowshroom_brick_slab] was not realized!
[26Feb2025 04:52:58.868] [main/WARN] [dev.architectury.registry.registries.forge.RegistrarManagerImpl/]: Registry entry listened Registry Entry [minecraft:block / biomemakeover:orange_terracotta_bricks] was not realized!
[26Feb2025 04:52:58.868] [main/WARN] [dev.architectury.registry.registries.forge.RegistrarManagerImpl/]: Registry entry listened Registry Entry [minecraft:block / biomemakeover:suspicious_red_sand] was not realized!
[26Feb2025 04:52:58.868] [main/WARN] [dev.architectury.registry.registries.forge.RegistrarManagerImpl/]: Registry entry listened Registry Entry [minecraft:block / biomemakeover:green_terracotta_bricks] was not realized!
[26Feb2025 04:52:58.868] [main/WARN] [dev.architectury.registry.registries.forge.RegistrarManagerImpl/]: Registry entry listened Registry Entry [minecraft:block / biomemakeover:purple_terracotta_brick_slab] was not realized!
[26Feb2025 04:52:58.868] [main/WARN] [dev.architectury.registry.registries.forge.RegistrarManagerImpl/]: Registry entry listened Registry Entry [minecraft:block / biomemakeover:magenta_terracotta_brick_slab] was not realized!
[26Feb2025 04:52:58.869] [main/WARN] [dev.architectury.registry.registries.forge.RegistrarManagerImpl/]: Registry entry listened Registry Entry [minecraft:block / biomemakeover:ancient_oak_log] was not realized!
[26Feb2025 04:52:58.869] [main/WARN] [dev.architectury.registry.registries.forge.RegistrarManagerImpl/]: Registry entry listened Registry Entry [minecraft:block / biomemakeover:cyan_terracotta_brick_slab] was not realized!
[26Feb2025 04:52:58.869] [main/WARN] [dev.architectury.registry.registries.forge.RegistrarManagerImpl/]: Registry entry listened Registry Entry [minecraft:block / biomemakeover:directional_data] was not realized!
[26Feb2025 04:52:58.869] [main/WARN] [dev.architectury.registry.registries.forge.RegistrarManagerImpl/]: Registry entry listened Registry Entry [minecraft:block / biomemakeover:polished_mesmerite_slab] was not realized!
[26Feb2025 04:52:58.870] [main/WARN] [dev.architectury.registry.registries.forge.RegistrarManagerImpl/]: Registry entry listened Registry Entry [minecraft:block / biomemakeover:blighted_balsa_button] was not realized!
[26Feb2025 04:52:58.870] [main/WARN] [dev.architectury.registry.registries.forge.RegistrarManagerImpl/]: Registry entry listened Registry Entry [minecraft:block / biomemakeover:potted_mycelium_roots] was not realized!
[26Feb2025 04:52:58.870] [main/WARN] [dev.architectury.registry.registries.forge.RegistrarManagerImpl/]: Registry entry listened Registry Entry [minecraft:block / biomemakeover:swamp_cypress_leaves] was not realized!
[26Feb2025 04:52:58.871] [main/WARN] [dev.architectury.registry.registries.forge.RegistrarManagerImpl/]: Registry entry listened Registry Entry [minecraft:block / biomemakeover:green_terracotta_brick_wall] was not realized!
[26Feb2025 04:52:58.871] [main/WARN] [dev.architectury.registry.registries.forge.RegistrarManagerImpl/]: Registry entry listened Registry Entry [minecraft:block / biomemakeover:lightning_bug_bottle] was not realized!
[26Feb2025 04:52:58.871] [main/WARN] [dev.architectury.registry.registries.forge.RegistrarManagerImpl/]: Registry entry listened Registry Entry [minecraft:block / biomemakeover:rootling_crop] was not realized!
[26Feb2025 04:52:58.871] [main/WARN] [dev.architectury.registry.registries.forge.RegistrarManagerImpl/]: Registry entry listened Registry Entry [minecraft:block / biomemakeover:ancient_oak_leaves] was not realized!
[26Feb2025 04:52:58.872] [main/WARN] [dev.architectury.registry.registries.forge.RegistrarManagerImpl/]: Registry entry listened Registry Entry [minecraft:block / biomemakeover:light_gray_terracotta_brick_wall] was not realized!
[26Feb2025 04:52:58.873] [main/WARN] [dev.architectury.registry.registries.forge.RegistrarManagerImpl/]: Registry entry listened Registry Entry [minecraft:block / biomemakeover:blighted_balsa_sign] was not realized!
[26Feb2025 04:52:58.873] [main/WARN] [dev.architectury.registry.registries.forge.RegistrarManagerImpl/]: Registry entry listened Registry Entry [minecraft:block / biomemakeover:red_mushroom_brick_stairs] was not realized!
[26Feb2025 04:52:58.873] [main/WARN] [dev.architectury.registry.registries.forge.RegistrarManagerImpl/]: Registry entry listened Registry Entry [minecraft:block / biomemakeover:light_blue_terracotta_brick_stairs] was not realized!
[26Feb2025 04:52:58.873] [main/WARN] [dev.architectury.registry.registries.forge.RegistrarManagerImpl/]: Registry entry listened Registry Entry [minecraft:block / biomemakeover:blighted_stone_bricks_slab] was not realized!
[26Feb2025 04:52:58.873] [main/WARN] [dev.architectury.registry.registries.forge.RegistrarManagerImpl/]: Registry entry listened Registry Entry [minecraft:block / biomemakeover:mossy_dried_peat_brick_stairs] was not realized!
[26Feb2025 04:52:58.873] [main/WARN] [dev.architectury.registry.registries.forge.RegistrarManagerImpl/]: Registry entry listened Registry Entry [minecraft:block / biomemakeover:white_terracotta_bricks] was not realized!
[26Feb2025 04:52:58.873] [main/WARN] [dev.architectury.registry.registries.forge.RegistrarManagerImpl/]: Registry entry listened Registry Entry [minecraft:block / biomemakeover:red_terracotta_bricks] was not realized!
[26Feb2025 04:52:58.874] [main/WARN] [dev.architectury.registry.registries.forge.RegistrarManagerImpl/]: Registry entry listened Registry Entry [minecraft:block / biomemakeover:blighted_balsa_stairs] was not realized!
[26Feb2025 04:52:58.874] [main/WARN] [dev.architectury.registry.registries.forge.RegistrarManagerImpl/]: Registry entry listened Registry Entry [minecraft:block / biomemakeover:stripped_willow_log] was not realized!
[26Feb2025 04:52:58.874] [main/WARN] [dev.architectury.registry.registries.forge.RegistrarManagerImpl/]: Registry entry listened Registry Entry [minecraft:block / biomemakeover:blue_terracotta_bricks] was not realized!
[26Feb2025 04:52:58.874] [main/WARN] [dev.architectury.registry.registries.forge.RegistrarManagerImpl/]: Registry entry listened Registry Entry [minecraft:block / biomemakeover:stripped_blighted_balsa_wood] was not realized!
[26Feb2025 04:52:58.874] [main/WARN] [dev.architectury.registry.registries.forge.RegistrarManagerImpl/]: Registry entry listened Registry Entry [minecraft:block / biomemakeover:water_lily] was not realized!
[26Feb2025 04:52:58.874] [main/WARN] [dev.architectury.registry.registries.forge.RegistrarManagerImpl/]: Registry entry listened Registry Entry [minecraft:block / biomemakeover:barrel_cactus_flowered] was not realized!
[26Feb2025 04:52:58.874] [main/WARN] [dev.architectury.registry.registries.forge.RegistrarManagerImpl/]: Registry entry listened Registry Entry [minecraft:block / biomemakeover:brown_mushroom_brick_stairs] was not realized!
[26Feb2025 04:52:58.875] [main/WARN] [dev.architectury.registry.registries.forge.RegistrarManagerImpl/]: Registry entry listened Registry Entry [minecraft:block / biomemakeover:pink_terracotta_brick_slab] was not realized!
[26Feb2025 04:52:58.875] [main/WARN] [dev.architectury.registry.registries.forge.RegistrarManagerImpl/]: Registry entry listened Registry Entry [minecraft:block / biomemakeover:blighted_balsa_pressure_plate] was not realized!
[26Feb2025 04:52:58.875] [main/WARN] [dev.architectury.registry.registries.forge.RegistrarManagerImpl/]: Registry entry listened Registry Entry [minecraft:block / biomemakeover:willow_wood] was not realized!
[26Feb2025 04:52:58.875] [main/WARN] [dev.architectury.registry.registries.forge.RegistrarManagerImpl/]: Registry entry listened Registry Entry [minecraft:block / biomemakeover:willow_button] was not realized!
[26Feb2025 04:52:58.875] [main/WARN] [dev.architectury.registry.registries.forge.RegistrarManagerImpl/]: Registry entry listened Registry Entry [minecraft:block / biomemakeover:swamp_cypress_wood] was not realized!
[26Feb2025 04:52:58.875] [main/WARN] [dev.architectury.registry.registries.forge.RegistrarManagerImpl/]: Registry entry listened Registry Entry [minecraft:block / biomemakeover:blighted_balsa_hanging_sign] was not realized!
[26Feb2025 04:52:58.876] [main/WARN] [dev.architectury.registry.registries.forge.RegistrarManagerImpl/]: Registry entry listened Registry Entry [minecraft:block / biomemakeover:magenta_terracotta_bricks] was not realized!
[26Feb2025 04:52:58.876] [main/WARN] [dev.architectury.registry.registries.forge.RegistrarManagerImpl/]: Registry entry listened Registry Entry [minecraft:block / biomemakeover:willow_fence_gate] was not realized!
[26Feb2025 04:52:58.876] [main/WARN] [dev.architectury.registry.registries.forge.RegistrarManagerImpl/]: Registry entry listened Registry Entry [minecraft:block / biomemakeover:itching_ivy] was not realized!
[26Feb2025 04:52:58.876] [main/WARN] [dev.architectury.registry.registries.forge.RegistrarManagerImpl/]: Registry entry listened Registry Entry [minecraft:block / biomemakeover:red_terracotta_brick_stairs] was not realized!
[26Feb2025 04:52:58.876] [main/WARN] [dev.architectury.registry.registries.forge.RegistrarManagerImpl/]: Registry entry listened Registry Entry [minecraft:block / biomemakeover:paydirt] was not realized!
[26Feb2025 04:52:58.876] [main/WARN] [dev.architectury.registry.registries.forge.RegistrarManagerImpl/]: Registry entry listened Registry Entry [minecraft:block / biomemakeover:willow_stairs] was not realized!
[26Feb2025 04:52:58.876] [main/WARN] [dev.architectury.registry.registries.forge.RegistrarManagerImpl/]: Registry entry listened Registry Entry [minecraft:block / biomemakeover:potted_wild_mushrooms] was not realized!
[26Feb2025 04:52:58.876] [main/WARN] [dev.architectury.registry.registries.forge.RegistrarManagerImpl/]: Registry entry listened Registry Entry [minecraft:block / biomemakeover:pink_terracotta_bricks] was not realized!
[26Feb2025 04:52:58.876] [main/WARN] [dev.architectury.registry.registries.forge.RegistrarManagerImpl/]: Registry entry listened Registry Entry [minecraft:block / biomemakeover:gray_terracotta_brick_stairs] was not realized!
[26Feb2025 04:52:58.876] [main/WARN] [dev.architectury.registry.registries.forge.RegistrarManagerImpl/]: Registry entry listened Registry Entry [minecraft:block / biomemakeover:potted_barrel_cactus] was not realized!
[26Feb2025 04:52:58.876] [main/WARN] [dev.architectury.registry.registries.forge.RegistrarManagerImpl/]: Registry entry listened Registry Entry [minecraft:block / biomemakeover:blighted_balsa_trapdoor] was not realized!
[26Feb2025 04:52:58.876] [main/WARN] [dev.architectury.registry.registries.forge.RegistrarManagerImpl/]: Registry entry listened Registry Entry [minecraft:block / biomemakeover:red_terracotta_brick_slab] was not realized!
[26Feb2025 04:52:58.876] [main/WARN] [dev.architectury.registry.registries.forge.RegistrarManagerImpl/]: Registry entry listened Registry Entry [minecraft:block / biomemakeover:swamp_cypress_fence] was not realized!
[26Feb2025 04:52:58.877] [main/WARN] [dev.architectury.registry.registries.forge.RegistrarManagerImpl/]: Registry entry listened Registry Entry [minecraft:block / biomemakeover:foxglove] was not realized!
[26Feb2025 04:52:58.877] [main/WARN] [dev.architectury.registry.registries.forge.RegistrarManagerImpl/]: Registry entry listened Registry Entry [minecraft:block / biomemakeover:brown_terracotta_brick_slab] was not realized!
[26Feb2025 04:52:58.877] [main/WARN] [dev.architectury.registry.registries.forge.RegistrarManagerImpl/]: Registry entry listened Registry Entry [minecraft:block / biomemakeover:small_lily_pad] was not realized!
[26Feb2025 04:52:58.877] [main/WARN] [dev.architectury.registry.registries.forge.RegistrarManagerImpl/]: Registry entry listened Registry Entry [minecraft:block / biomemakeover:magenta_terracotta_brick_stairs] was not realized!
[26Feb2025 04:52:58.877] [main/WARN] [dev.architectury.registry.registries.forge.RegistrarManagerImpl/]: Registry entry listened Registry Entry [minecraft:block / biomemakeover:potted_flowered_barrel_cactus] was not realized!
[26Feb2025 04:52:58.877] [main/WARN] [dev.architectury.registry.registries.forge.RegistrarManagerImpl/]: Registry entry listened Registry Entry [minecraft:block / biomemakeover:purple_glowshroom] was not realized!
[26Feb2025 04:52:58.877] [main/WARN] [dev.architectury.registry.registries.forge.RegistrarManagerImpl/]: Registry entry listened Registry Entry [minecraft:block / biomemakeover:swamp_cypress_planks] was not realized!
[26Feb2025 04:52:58.877] [main/WARN] [dev.architectury.registry.registries.forge.RegistrarManagerImpl/]: Registry entry listened Registry Entry [minecraft:block / biomemakeover:blighted_cobblestone_slab] was not realized!
[26Feb2025 04:52:58.877] [main/WARN] [dev.architectury.registry.registries.forge.RegistrarManagerImpl/]: Registry entry listened Registry Entry [minecraft:block / biomemakeover:terracotta_brick_slab] was not realized!
[26Feb2025 04:52:58.877] [main/WARN] [dev.architectury.registry.registries.forge.RegistrarManagerImpl/]: Registry entry listened Registry Entry [minecraft:block / biomemakeover:light_gray_terracotta_bricks] was not realized!
[26Feb2025 04:52:58.877] [main/WARN] [dev.architectury.registry.registries.forge.RegistrarManagerImpl/]: Registry entry listened Registry Entry [minecraft:block / biomemakeover:stripped_blighted_balsa_log] was not realized!
[26Feb2025 04:52:58.877] [main/WARN] [dev.architectury.registry.registries.forge.RegistrarManagerImpl/]: Registry entry listened Registry Entry [minecraft:block / biomemakeover:mushroom_stem_brick_stairs] was not realized!
[26Feb2025 04:52:58.877] [main/WARN] [dev.architectury.registry.registries.forge.RegistrarManagerImpl/]: Registry entry listened Registry Entry [minecraft:block / biomemakeover:mossy_peat] was not realized!
[26Feb2025 04:52:58.878] [main/WARN] [dev.architectury.registry.registries.forge.RegistrarManagerImpl/]: Registry entry listened Registry Entry [minecraft:block / biomemakeover:swamp_cypress_slab] was not realized!
[26Feb2025 04:52:58.878] [main/WARN] [dev.architectury.registry.registries.forge.RegistrarManagerImpl/]: Registry entry listened Registry Entry [minecraft:block / biomemakeover:stripped_ancient_oak_log] was not realized!
[26Feb2025 04:52:58.878] [main/WARN] [dev.architectury.registry.registries.forge.RegistrarManagerImpl/]: Registry entry listened Registry Entry [minecraft:block / biomemakeover:yellow_terracotta_brick_stairs] was not realized!
[26Feb2025 04:52:58.878] [main/WARN] [dev.architectury.registry.registries.forge.RegistrarManagerImpl/]: Registry entry listened Registry Entry [minecraft:block / biomemakeover:black_terracotta_brick_wall] was not realized!
[26Feb2025 04:52:58.878] [main/WARN] [dev.architectury.registry.registries.forge.RegistrarManagerImpl/]: Registry entry listened Registry Entry [minecraft:block / biomemakeover:purple_glowshroom_brick_slab] was not realized!
[26Feb2025 04:52:58.878] [main/WARN] [dev.architectury.registry.registries.forge.RegistrarManagerImpl/]: Registry entry listened Registry Entry [minecraft:block / biomemakeover:willow_planks] was not realized!
[26Feb2025 04:52:58.878] [main/WARN] [dev.architectury.registry.registries.forge.RegistrarManagerImpl/]: Registry entry listened Registry Entry [minecraft:block / biomemakeover:potted_blighted_balsa_sapling] was not realized!
[26Feb2025 04:52:58.878] [main/WARN] [dev.architectury.registry.registries.forge.RegistrarManagerImpl/]: Registry entry listened Registry Entry [minecraft:block / biomemakeover:potted_purple_glowshroom] was not realized!
[26Feb2025 04:52:58.878] [main/WARN] [dev.architectury.registry.registries.forge.RegistrarManagerImpl/]: Registry entry listened Registry Entry [minecraft:block / biomemakeover:green_glowshroom_brick_stairs] was not realized!
[26Feb2025 04:52:58.878] [main/WARN] [dev.architectury.registry.registries.forge.RegistrarManagerImpl/]: Registry entry listened Registry Entry [minecraft:block / biomemakeover:white_terracotta_brick_wall] was not realized!
[26Feb2025 04:52:58.878] [main/WARN] [dev.architectury.registry.registries.forge.RegistrarManagerImpl/]: Registry entry listened Registry Entry [minecraft:block / biomemakeover:swamp_cypress_hanging_sign] was not realized!
[26Feb2025 04:52:58.878] [main/WARN] [dev.architectury.registry.registries.forge.RegistrarManagerImpl/]: Registry entry listened Registry Entry [minecraft:block / biomemakeover:polished_mesmerite] was not realized!
[26Feb2025 04:52:58.879] [main/WARN] [dev.architectury.registry.registries.forge.RegistrarManagerImpl/]: Registry entry listened Registry Entry [minecraft:block / biomemakeover:blighted_cobblestone_wall] was not realized!
[26Feb2025 04:52:58.879] [main/WARN] [dev.architectury.registry.registries.forge.RegistrarManagerImpl/]: Registry entry listened Registry Entry [minecraft:block / biomemakeover:brown_mushroom_brick] was not realized!
[26Feb2025 04:52:58.879] [main/WARN] [dev.architectury.registry.registries.forge.RegistrarManagerImpl/]: Registry entry listened Registry Entry [minecraft:block / biomemakeover:swamp_cypress_log] was not realized!
[26Feb2025 04:52:58.879] [main/WARN] [dev.architectury.registry.registries.forge.RegistrarManagerImpl/]: Registry entry listened Registry Entry [minecraft:block / biomemakeover:swamp_cypress_trapdoor] was not realized!
[26Feb2025 04:52:58.879] [main/WARN] [dev.architectury.registry.registries.forge.RegistrarManagerImpl/]: Registry entry listened Registry Entry [minecraft:block / biomemakeover:potted_saguaro_cactus] was not realized!
[26Feb2025 04:52:58.879] [main/WARN] [dev.architectury.registry.registries.forge.RegistrarManagerImpl/]: Registry entry listened Registry Entry [minecraft:block / biomemakeover:swamp_cypress_stairs] was not realized!
[26Feb2025 04:52:58.879] [main/WARN] [dev.architectury.registry.registries.forge.RegistrarManagerImpl/]: Registry entry listened Registry Entry [minecraft:block / biomemakeover:lime_terracotta_bricks] was not realized!
[26Feb2025 04:52:58.879] [main/WARN] [dev.architectury.registry.registries.forge.RegistrarManagerImpl/]: Registry entry listened Registry Entry [minecraft:block / biomemakeover:small_illunite_bud] was not realized!
[26Feb2025 04:52:58.879] [main/WARN] [dev.architectury.registry.registries.forge.RegistrarManagerImpl/]: Registry entry listened Registry Entry [minecraft:block / biomemakeover:polished_mesmerite_stairs] was not realized!
[26Feb2025 04:52:58.879] [main/WARN] [dev.architectury.registry.registries.forge.RegistrarManagerImpl/]: Registry entry listened Registry Entry [minecraft:block / biomemakeover:blighted_balsa_log] was not realized!
[26Feb2025 04:52:58.879] [main/WARN] [dev.architectury.registry.registries.forge.RegistrarManagerImpl/]: Registry entry listened Registry Entry [minecraft:block / biomemakeover:potted_orange_glowshroom] was not realized!
[26Feb2025 04:52:58.879] [main/WARN] [dev.architectury.registry.registries.forge.RegistrarManagerImpl/]: Registry entry listened Registry Entry [minecraft:block / biomemakeover:black_thistle] was not realized!
[26Feb2025 04:52:58.880] [main/WARN] [dev.architectury.registry.registries.forge.RegistrarManagerImpl/]: Registry entry listened Registry Entry [minecraft:block / biomemakeover:mossy_dried_peat_brick_wall] was not realized!
[26Feb2025 04:52:58.880] [main/WARN] [dev.architectury.registry.registries.forge.RegistrarManagerImpl/]: Registry entry listened Registry Entry [minecraft:block / biomemakeover:red_terracotta_brick_wall] was not realized!
[26Feb2025 04:52:58.880] [main/WARN] [dev.architectury.registry.registries.forge.RegistrarManagerImpl/]: Registry entry listened Registry Entry [minecraft:block / biomemakeover:white_terracotta_brick_stairs] was not realized!
[26Feb2025 04:52:58.880] [main/WARN] [dev.architectury.registry.registries.forge.RegistrarManagerImpl/]: Registry entry listened Registry Entry [minecraft:block / biomemakeover:cladded_stone] was not realized!
[26Feb2025 04:52:58.880] [main/WARN] [dev.architectury.registry.registries.forge.RegistrarManagerImpl/]: Registry entry listened Registry Entry [minecraft:block / biomemakeover:green_glowshroom_brick_slab] was not realized!
[26Feb2025 04:52:58.880] [main/WARN] [dev.architectury.registry.registries.forge.RegistrarManagerImpl/]: Registry entry listened Registry Entry [minecraft:block / biomemakeover:light_gray_terracotta_brick_stairs] was not realized!
[26Feb2025 04:52:58.880] [main/WARN] [dev.architectury.registry.registries.forge.RegistrarManagerImpl/]: Registry entry listened Registry Entry [minecraft:block / biomemakeover:ancient_oak_wall_sign] was not realized!
[26Feb2025 04:52:58.880] [main/WARN] [dev.architectury.registry.registries.forge.RegistrarManagerImpl/]: Registry entry listened Registry Entry [minecraft:block / biomemakeover:ancient_oak_slab] was not realized!
[26Feb2025 04:52:58.880] [main/WARN] [dev.architectury.registry.registries.forge.RegistrarManagerImpl/]: Registry entry listened Registry Entry [minecraft:block / biomemakeover:willow_wall_sign] was not realized!
[26Feb2025 04:52:58.880] [main/WARN] [dev.architectury.registry.registries.forge.RegistrarManagerImpl/]: Registry entry listened Registry Entry [minecraft:block / biomemakeover:ancient_oak_sapling] was not realized!
[26Feb2025 04:52:58.880] [main/WARN] [dev.architectury.registry.registries.forge.RegistrarManagerImpl/]: Registry entry listened Registry Entry [minecraft:block / biomemakeover:blighted_stone_bricks_stairs] was not realized!
[26Feb2025 04:52:58.880] [main/WARN] [dev.architectury.registry.registries.forge.RegistrarManagerImpl/]: Registry entry listened Registry Entry [minecraft:block / biomemakeover:blue_terracotta_brick_wall] was not realized!
[26Feb2025 04:52:58.881] [main/WARN] [dev.architectury.registry.registries.forge.RegistrarManagerImpl/]: Registry entry listened Registry Entry [minecraft:block / biomemakeover:ancient_oak_door] was not realized!
[26Feb2025 04:52:58.881] [main/WARN] [dev.architectury.registry.registries.forge.RegistrarManagerImpl/]: Registry entry listened Registry Entry [minecraft:block / biomemakeover:terracotta_brick_stairs] was not realized!
[26Feb2025 04:52:58.881] [main/WARN] [dev.architectury.registry.registries.forge.RegistrarManagerImpl/]: Registry entry listened Registry Entry [minecraft:block / biomemakeover:willow_sapling] was not realized!
[26Feb2025 04:52:58.881] [main/WARN] [dev.architectury.registry.registries.forge.RegistrarManagerImpl/]: Registry entry listened Registry Entry [minecraft:block / biomemakeover:reed_thatch] was not realized!
[26Feb2025 04:52:58.881] [main/WARN] [dev.architectury.registry.registries.forge.RegistrarManagerImpl/]: Registry entry listened Registry Entry [minecraft:block / biomemakeover:mesmerite_wall] was not realized!
[26Feb2025 04:52:58.881] [main/WARN] [dev.architectury.registry.registries.forge.RegistrarManagerImpl/]: Registry entry listened Registry Entry [minecraft:block / biomemakeover:ancient_oak_button] was not realized!
[26Feb2025 04:52:58.881] [main/WARN] [dev.architectury.registry.registries.forge.RegistrarManagerImpl/]: Registry entry listened Registry Entry [minecraft:block / biomemakeover:ancient_oak_fence_gate] was not realized!
[26Feb2025 04:52:58.881] [main/WARN] [dev.architectury.registry.registries.forge.RegistrarManagerImpl/]: Registry entry listened Registry Entry [minecraft:block / biomemakeover:blighted_balsa_slab] was not realized!
[26Feb2025 04:52:58.881] [main/WARN] [dev.architectury.registry.registries.forge.RegistrarManagerImpl/]: Registry entry listened Registry Entry [minecraft:block / biomemakeover:cattail] was not realized!
[26Feb2025 04:52:58.881] [main/WARN] [dev.architectury.registry.registries.forge.RegistrarManagerImpl/]: Registry entry listened Registry Entry [minecraft:block / biomemakeover:illunite_block] was not realized!
[26Feb2025 04:52:58.881] [main/WARN] [dev.architectury.registry.registries.forge.RegistrarManagerImpl/]: Registry entry listened Registry Entry [minecraft:block / biomemakeover:light_blue_terracotta_brick_wall] was not realized!
[26Feb2025 04:52:58.881] [main/WARN] [dev.architectury.registry.registries.forge.RegistrarManagerImpl/]: Registry entry listened Registry Entry [minecraft:block / biomemakeover:tall_red_mushroom] was not realized!
[26Feb2025 04:52:58.881] [main/WARN] [dev.architectury.registry.registries.forge.RegistrarManagerImpl/]: Registry entry listened Registry Entry [minecraft:block / biomemakeover:swamp_cypress_door] was not realized!
[26Feb2025 04:52:58.882] [main/WARN] [dev.architectury.registry.registries.forge.RegistrarManagerImpl/]: Registry entry listened Registry Entry [minecraft:block / biomemakeover:yellow_terracotta_brick_wall] was not realized!
[26Feb2025 04:52:58.882] [main/WARN] [dev.architectury.registry.registries.forge.RegistrarManagerImpl/]: Registry entry listened Registry Entry [minecraft:block / biomemakeover:willow_sign] was not realized!
[26Feb2025 04:52:58.882] [main/WARN] [dev.architectury.registry.registries.forge.RegistrarManagerImpl/]: Registry entry listened Registry Entry [minecraft:block / biomemakeover:cracked_bricks] was not realized!
[26Feb2025 04:52:58.882] [main/WARN] [dev.architectury.registry.registries.forge.RegistrarManagerImpl/]: Registry entry listened Registry Entry [minecraft:block / biomemakeover:cracked_brick_wall] was not realized!
[26Feb2025 04:52:58.882] [main/WARN] [dev.architectury.registry.registries.forge.RegistrarManagerImpl/]: Registry entry listened Registry Entry [minecraft:block / biomemakeover:blighted_balsa_wall_sign] was not realized!
[26Feb2025 04:52:58.882] [main/WARN] [dev.architectury.registry.registries.forge.RegistrarManagerImpl/]: Registry entry listened Registry Entry [minecraft:block / biomemakeover:mushroom_stem_brick_wall] was not realized!
[26Feb2025 04:52:58.882] [main/WARN] [dev.architectury.registry.registries.forge.RegistrarManagerImpl/]: Registry entry listened Registry Entry [minecraft:block / biomemakeover:red_mushroom_brick] was not realized!
[26Feb2025 04:52:58.882] [main/WARN] [dev.architectury.registry.registries.forge.RegistrarManagerImpl/]: Registry entry listened Registry Entry [minecraft:block / biomemakeover:illunite_cluster] was not realized!
[26Feb2025 04:52:58.882] [main/WARN] [dev.architectury.registry.registries.forge.RegistrarManagerImpl/]: Registry entry listened Registry Entry [minecraft:block / biomemakeover:dried_peat_bricks_wall] was not realized!
[26Feb2025 04:52:58.882] [main/WARN] [dev.architectury.registry.registries.forge.RegistrarManagerImpl/]: Registry entry listened Registry Entry [minecraft:block / biomemakeover:stripped_willow_wood] was not realized!
[26Feb2025 04:52:58.882] [main/WARN] [dev.architectury.registry.registries.forge.RegistrarManagerImpl/]: Registry entry listened Registry Entry [minecraft:block / biomemakeover:cracked_dried_peat_brick_wall] was not realized!
[26Feb2025 04:52:58.882] [main/WARN] [dev.architectury.registry.registries.forge.RegistrarManagerImpl/]: Registry entry listened Registry Entry [minecraft:block / biomemakeover:orange_terracotta_brick_wall] was not realized!
[26Feb2025 04:52:58.882] [main/WARN] [dev.architectury.registry.registries.forge.RegistrarManagerImpl/]: Registry entry listened Registry Entry [minecraft:block / biomemakeover:swamp_cypress_wall_hanging_sign] was not realized!
[26Feb2025 04:52:58.882] [main/WARN] [dev.architectury.registry.registries.forge.RegistrarManagerImpl/]: Registry entry listened Registry Entry [minecraft:block / biomemakeover:mesmerite_slab] was not realized!
[26Feb2025 04:52:58.883] [main/WARN] [dev.architectury.registry.registries.forge.RegistrarManagerImpl/]: Registry entry listened Registry Entry [minecraft:block / biomemakeover:magenta_terracotta_brick_wall] was not realized!
[26Feb2025 04:52:58.883] [main/WARN] [dev.architectury.registry.registries.forge.RegistrarManagerImpl/]: Registry entry listened Registry Entry [minecraft:block / biomemakeover:dried_peat] was not realized!
[26Feb2025 04:52:58.883] [main/WARN] [dev.architectury.registry.registries.forge.RegistrarManagerImpl/]: Registry entry listened Registry Entry [minecraft:block / biomemakeover:tall_brown_mushroom] was not realized!
[26Feb2025 04:52:58.883] [main/WARN] [dev.architectury.registry.registries.forge.RegistrarManagerImpl/]: Registry entry listened Registry Entry [minecraft:block / biomemakeover:peat_farmland] was not realized!
[26Feb2025 04:52:58.883] [main/WARN] [dev.architectury.registry.registries.forge.RegistrarManagerImpl/]: Registry entry listened Registry Entry [minecraft:block / biomemakeover:blighted_cobblestone_stairs] was not realized!
[26Feb2025 04:52:58.883] [main/WARN] [dev.architectury.registry.registries.forge.RegistrarManagerImpl/]: Registry entry listened Registry Entry [minecraft:block / biomemakeover:brown_mushroom_brick_slab] was not realized!
[26Feb2025 04:52:58.883] [main/WARN] [dev.architectury.registry.registries.forge.RegistrarManagerImpl/]: Registry entry listened Registry Entry [minecraft:block / biomemakeover:blighted_stone_bricks] was not realized!
[26Feb2025 04:52:58.883] [main/WARN] [dev.architectury.registry.registries.forge.RegistrarManagerImpl/]: Registry entry listened Registry Entry [minecraft:block / biomemakeover:black_terracotta_brick_stairs] was not realized!
[26Feb2025 04:52:58.883] [main/WARN] [dev.architectury.registry.registries.forge.RegistrarManagerImpl/]: Registry entry listened Registry Entry [minecraft:block / biomemakeover:green_terracotta_brick_stairs] was not realized!
[26Feb2025 04:52:58.883] [main/WARN] [dev.architectury.registry.registries.forge.RegistrarManagerImpl/]: Registry entry listened Registry Entry [minecraft:block / biomemakeover:blue_terracotta_brick_slab] was not realized!
[26Feb2025 04:52:58.883] [main/WARN] [dev.architectury.registry.registries.forge.RegistrarManagerImpl/]: Registry entry listened Registry Entry [minecraft:block / biomemakeover:glowshroom_stem_brick] was not realized!
[26Feb2025 04:52:58.883] [main/WARN] [dev.architectury.registry.registries.forge.RegistrarManagerImpl/]: Registry entry listened Registry Entry [minecraft:block / biomemakeover:mesmerite_stairs] was not realized!
[26Feb2025 04:52:58.883] [main/WARN] [dev.architectury.registry.registries.forge.RegistrarManagerImpl/]: Registry entry listened Registry Entry [minecraft:block / biomemakeover:terracotta_bricks] was not realized!
[26Feb2025 04:52:58.884] [main/WARN] [dev.architectury.registry.registries.forge.RegistrarManagerImpl/]: Registry entry listened Registry Entry [minecraft:block / biomemakeover:purple_terracotta_bricks] was not realized!
[26Feb2025 04:52:58.884] [main/WARN] [dev.architectury.registry.registries.forge.RegistrarManagerImpl/]: Registry entry listened Registry Entry [minecraft:block / biomemakeover:blighted_balsa_planks] was not realized!
[26Feb2025 04:52:58.884] [main/WARN] [dev.architectury.registry.registries.forge.RegistrarManagerImpl/]: Registry entry listened Registry Entry [minecraft:block / biomemakeover:cracked_brick_stairs] was not realized!
[26Feb2025 04:52:58.884] [main/WARN] [dev.architectury.registry.registries.forge.RegistrarManagerImpl/]: Registry entry listened Registry Entry [minecraft:block / biomemakeover:red_mushroom_brick_slab] was not realized!
[26Feb2025 04:52:58.884] [main/WARN] [dev.architectury.registry.registries.forge.RegistrarManagerImpl/]: Registry entry listened Registry Entry [minecraft:block / biomemakeover:willow_slab] was not realized!
[26Feb2025 04:52:58.884] [main/WARN] [dev.architectury.registry.registries.forge.RegistrarManagerImpl/]: Registry entry listened Registry Entry [minecraft:block / biomemakeover:ancient_oak_pressure_plate] was not realized!
[26Feb2025 04:52:58.884] [main/WARN] [dev.architectury.registry.registries.forge.RegistrarManagerImpl/]: Registry entry listened Registry Entry [minecraft:block / biomemakeover:potted_swamp_cypress_sapling] was not realized!
[26Feb2025 04:52:58.884] [main/WARN] [dev.architectury.registry.registries.forge.RegistrarManagerImpl/]: Registry entry listened Registry Entry [minecraft:block / biomemakeover:orange_glowshroom_brick_stairs] was not realized!
[26Feb2025 04:52:58.884] [main/WARN] [dev.architectury.registry.registries.forge.RegistrarManagerImpl/]: Registry entry listened Registry Entry [minecraft:block / biomemakeover:moth_blossom] was not realized!
[26Feb2025 04:52:58.884] [main/WARN] [dev.architectury.registry.registries.forge.RegistrarManagerImpl/]: Registry entry listened Registry Entry [minecraft:block / biomemakeover:blighted_balsa_door] was not realized!
[26Feb2025 04:52:58.884] [main/WARN] [dev.architectury.registry.registries.forge.RegistrarManagerImpl/]: Registry entry listened Registry Entry [minecraft:block / biomemakeover:orange_glowshroom_brick_wall] was not realized!
[26Feb2025 04:52:58.884] [main/WARN] [dev.architectury.registry.registries.forge.RegistrarManagerImpl/]: Registry entry listened Registry Entry [minecraft:block / biomemakeover:purple_terracotta_brick_stairs] was not realized!
[26Feb2025 04:52:58.885] [main/WARN] [dev.architectury.registry.registries.forge.RegistrarManagerImpl/]: Registry entry listened Registry Entry [minecraft:block / biomemakeover:purple_glowshroom_block] was not realized!
[26Feb2025 04:52:58.885] [main/WARN] [dev.architectury.registry.registries.forge.RegistrarManagerImpl/]: Registry entry listened Registry Entry [minecraft:block / biomemakeover:stripped_ancient_oak_wood] was not realized!
[26Feb2025 04:52:58.885] [main/WARN] [dev.architectury.registry.registries.forge.RegistrarManagerImpl/]: Registry entry listened Registry Entry [minecraft:block / biomemakeover:light_blue_terracotta_bricks] was not realized!
[26Feb2025 04:52:58.885] [main/WARN] [dev.architectury.registry.registries.forge.RegistrarManagerImpl/]: Registry entry listened Registry Entry [minecraft:block / biomemakeover:glowshroom_stem] was not realized!
[26Feb2025 04:52:58.885] [main/WARN] [dev.architectury.registry.registries.forge.RegistrarManagerImpl/]: Registry entry listened Registry Entry [minecraft:block / biomemakeover:altar] was not realized!
[26Feb2025 04:52:58.885] [main/WARN] [dev.architectury.registry.registries.forge.RegistrarManagerImpl/]: Registry entry listened Registry Entry [minecraft:block / biomemakeover:polished_mesmerite_wall] was not realized!
[26Feb2025 04:52:58.885] [main/WARN] [dev.architectury.registry.registries.forge.RegistrarManagerImpl/]: Registry entry listened Registry Entry [minecraft:block / biomemakeover:blue_terracotta_brick_stairs] was not realized!
[26Feb2025 04:52:58.885] [main/WARN] [dev.architectury.registry.registries.forge.RegistrarManagerImpl/]: Registry entry listened Registry Entry [minecraft:block / biomemakeover:mossy_dried_peat_bricks] was not realized!
[26Feb2025 04:52:58.885] [main/WARN] [dev.architectury.registry.registries.forge.RegistrarManagerImpl/]: Registry entry listened Registry Entry [minecraft:block / biomemakeover:wild_mushrooms] was not realized!
[26Feb2025 04:52:58.885] [main/WARN] [dev.architectury.registry.registries.forge.RegistrarManagerImpl/]: Registry entry listened Registry Entry [minecraft:block / biomemakeover:lime_terracotta_brick_stairs] was not realized!
[26Feb2025 04:52:58.885] [main/WARN] [dev.architectury.registry.registries.forge.RegistrarManagerImpl/]: Registry entry listened Registry Entry [minecraft:block / biomemakeover:potted_green_glowshroom] was not realized!
[26Feb2025 04:52:58.885] [main/WARN] [dev.architectury.registry.registries.forge.RegistrarManagerImpl/]: Registry entry listened Registry Entry [minecraft:block / biomemakeover:purple_glowshroom_brick] was not realized!
[26Feb2025 04:52:58.885] [main/WARN] [dev.architectury.registry.registries.forge.RegistrarManagerImpl/]: Registry entry listened Registry Entry [minecraft:block / biomemakeover:reed_thatch_stairs] was not realized!
[26Feb2025 04:52:58.886] [main/WARN] [dev.architectury.registry.registries.forge.RegistrarManagerImpl/]: Registry entry listened Registry Entry [minecraft:block / biomemakeover:blighted_stone_bricks_wall] was not realized!
[26Feb2025 04:52:58.886] [main/WARN] [dev.architectury.registry.registries.forge.RegistrarManagerImpl/]: Registry entry listened Registry Entry [minecraft:block / biomemakeover:gray_terracotta_brick_wall] was not realized!
[26Feb2025 04:52:58.886] [main/WARN] [dev.architectury.registry.registries.forge.RegistrarManagerImpl/]: Registry entry listened Registry Entry [minecraft:block / biomemakeover:brown_terracotta_brick_wall] was not realized!
[26Feb2025 04:52:58.886] [main/WARN] [dev.architectury.registry.registries.forge.RegistrarManagerImpl/]: Registry entry listened Registry Entry [minecraft:block / biomemakeover:dried_peat_bricks] was not realized!
[26Feb2025 04:52:58.886] [main/WARN] [dev.architectury.registry.registries.forge.RegistrarManagerImpl/]: Registry entry listened Registry Entry [minecraft:block / biomemakeover:gray_terracotta_bricks] was not realized!
[26Feb2025 04:52:58.886] [main/WARN] [dev.architectury.registry.registries.forge.RegistrarManagerImpl/]: Registry entry listened Registry Entry [minecraft:block / biomemakeover:purple_glowshroom_brick_wall] was not realized!
[26Feb2025 04:52:58.886] [main/WARN] [dev.architectury.registry.registries.forge.RegistrarManagerImpl/]: Registry entry listened Registry Entry [minecraft:block / biomemakeover:black_terracotta_bricks] was not realized!
[26Feb2025 04:52:58.886] [main/WARN] [dev.architectury.registry.registries.forge.RegistrarManagerImpl/]: Registry entry listened Registry Entry [minecraft:block / biomemakeover:cracked_dried_peat_brick_stairs] was not realized!
[26Feb2025 04:52:58.886] [main/WARN] [dev.architectury.registry.registries.forge.RegistrarManagerImpl/]: Registry entry listened Registry Entry [minecraft:block / biomemakeover:green_glowshroom_brick] was not realized!
[26Feb2025 04:52:58.886] [main/WARN] [dev.architectury.registry.registries.forge.RegistrarManagerImpl/]: Registry entry listened Registry Entry [minecraft:block / biomemakeover:ancient_oak_planks] was not realized!
[26Feb2025 04:52:58.886] [main/WARN] [dev.architectury.registry.registries.forge.RegistrarManagerImpl/]: Registry entry listened Registry Entry [minecraft:block / biomemakeover:brown_terracotta_brick_stairs] was not realized!
[26Feb2025 04:52:58.887] [main/WARN] [dev.architectury.registry.registries.forge.RegistrarManagerImpl/]: Registry entry listened Registry Entry [minecraft:block / biomemakeover:black_terracotta_brick_slab] was not realized!
[26Feb2025 04:52:58.887] [main/WARN] [dev.architectury.registry.registries.forge.RegistrarManagerImpl/]: Registry entry listened Registry Entry [minecraft:block / biomemakeover:willow_hanging_sign] was not realized!
[26Feb2025 04:52:58.887] [main/WARN] [dev.architectury.registry.registries.forge.RegistrarManagerImpl/]: Registry entry listened Registry Entry [minecraft:block / biomemakeover:glowshroom_stem_brick_wall] was not realized!
[26Feb2025 04:52:58.887] [main/WARN] [dev.architectury.registry.registries.forge.RegistrarManagerImpl/]: Registry entry listened Registry Entry [minecraft:block / biomemakeover:willow_log] was not realized!
[26Feb2025 04:52:58.887] [main/WARN] [dev.architectury.registry.registries.forge.RegistrarManagerImpl/]: Registry entry listened Registry Entry [minecraft:block / biomemakeover:peat] was not realized!
[26Feb2025 04:52:58.887] [main/WARN] [dev.architectury.registry.registries.forge.RegistrarManagerImpl/]: Registry entry listened Registry Entry [minecraft:block / biomemakeover:ivy] was not realized!
[26Feb2025 04:52:58.887] [main/WARN] [dev.architectury.registry.registries.forge.RegistrarManagerImpl/]: Registry entry listened Registry Entry [minecraft:block / biomemakeover:ancient_oak_wood] was not realized!
[26Feb2025 04:52:58.887] [main/WARN] [dev.architectury.registry.registries.forge.RegistrarManagerImpl/]: Registry entry listened Registry Entry [minecraft:block / biomemakeover:lime_terracotta_brick_wall] was not realized!
[26Feb2025 04:52:59.653] [main/WARN] [dev.architectury.registry.registries.forge.RegistrarManagerImpl/]: Registry entry listened Registry Entry [minecraft:attribute / biomemakeover:projectile_resistance] was not realized!
[26Feb2025 04:52:59.671] [main/WARN] [Moonlight/]: Failed to find custom wood type biomesoplenty:red_maple
[26Feb2025 04:52:59.672] [main/WARN] [Moonlight/]: Failed to find custom wood type biomesoplenty:orange_maple
[26Feb2025 04:52:59.672] [main/WARN] [Moonlight/]: Failed to find custom wood type biomesoplenty:yellow_maple
[26Feb2025 04:52:59.688] [main/INFO] [Moonlight/]: Initialized block sets in 34ms
[26Feb2025 04:52:59.689] [main/WARN] [dev.architectury.registry.registries.forge.RegistrarManagerImpl/]: Registry entry listened Registry Entry [minecraft:attribute / biomemakeover:projectile_resistance] was not realized!
[26Feb2025 04:53:00.100] [main/WARN] [net.minecraft.network.syncher.SynchedEntityData/]: defineId called for: class net.minecraft.world.entity.Entity from class it.hurts.octostudios.rarcompat.items.necklace.ScarfOfInvisibilityItem
[26Feb2025 04:53:00.104] [main/WARN] [dev.architectury.registry.registries.forge.RegistrarManagerImpl/]: Registry entry listened Registry Entry [minecraft:item / biomemakeover:blighted_balsa_trapdoor] was not realized!
[26Feb2025 04:53:00.105] [main/WARN] [dev.architectury.registry.registries.forge.RegistrarManagerImpl/]: Registry entry listened Registry Entry [minecraft:item / biomemakeover:white_terracotta_bricks] was not realized!
[26Feb2025 04:53:00.105] [main/WARN] [dev.architectury.registry.registries.forge.RegistrarManagerImpl/]: Registry entry listened Registry Entry [minecraft:item / biomemakeover:scuttler_spawn_egg] was not realized!
[26Feb2025 04:53:00.105] [main/WARN] [dev.architectury.registry.registries.forge.RegistrarManagerImpl/]: Registry entry listened Registry Entry [minecraft:item / biomemakeover:mushroom_stem_brick_slab] was not realized!
[26Feb2025 04:53:00.105] [main/WARN] [dev.architectury.registry.registries.forge.RegistrarManagerImpl/]: Registry entry listened Registry Entry [minecraft:item / biomemakeover:mossy_dried_peat_brick_stairs] was not realized!
[26Feb2025 04:53:00.105] [main/WARN] [dev.architectury.registry.registries.forge.RegistrarManagerImpl/]: Registry entry listened Registry Entry [minecraft:item / biomemakeover:cooked_toad] was not realized!
[26Feb2025 04:53:00.106] [main/WARN] [dev.architectury.registry.registries.forge.RegistrarManagerImpl/]: Registry entry listened Registry Entry [minecraft:item / biomemakeover:cladded_chestplate] was not realized!
[26Feb2025 04:53:00.106] [main/WARN] [dev.architectury.registry.registries.forge.RegistrarManagerImpl/]: Registry entry listened Registry Entry [minecraft:item / biomemakeover:stunt_powder] was not realized!
[26Feb2025 04:53:00.106] [main/WARN] [dev.architectury.registry.registries.forge.RegistrarManagerImpl/]: Registry entry listened Registry Entry [minecraft:item / biomemakeover:light_gray_terracotta_brick_wall] was not realized!
[26Feb2025 04:53:00.106] [main/WARN] [dev.architectury.registry.registries.forge.RegistrarManagerImpl/]: Registry entry listened Registry Entry [minecraft:item / biomemakeover:cyan_terracotta_brick_wall] was not realized!
[26Feb2025 04:53:00.106] [main/WARN] [dev.architectury.registry.registries.forge.RegistrarManagerImpl/]: Registry entry listened Registry Entry [minecraft:item / biomemakeover:brown_mushroom_brick_wall] was not realized!
[26Feb2025 04:53:00.107] [main/WARN] [dev.architectury.registry.registries.forge.RegistrarManagerImpl/]: Registry entry listened Registry Entry [minecraft:item / biomemakeover:purple_terracotta_bricks] was not realized!
[26Feb2025 04:53:00.107] [main/WARN] [dev.architectury.registry.registries.forge.RegistrarManagerImpl/]: Registry entry listened Registry Entry [minecraft:item / biomemakeover:willow_stairs] was not realized!
[26Feb2025 04:53:00.107] [main/WARN] [dev.architectury.registry.registries.forge.RegistrarManagerImpl/]: Registry entry listened Registry Entry [minecraft:item / biomemakeover:orange_terracotta_brick_slab] was not realized!
[26Feb2025 04:53:00.107] [main/WARN] [dev.architectury.registry.registries.forge.RegistrarManagerImpl/]: Registry entry listened Registry Entry [minecraft:item / biomemakeover:green_terracotta_brick_wall] was not realized!
[26Feb2025 04:53:00.107] [main/WARN] [dev.architectury.registry.registries.forge.RegistrarManagerImpl/]: Registry entry listened Registry Entry [minecraft:item / biomemakeover:glowshroom_stem_brick_stairs] was not realized!
[26Feb2025 04:53:00.107] [main/WARN] [dev.architectury.registry.registries.forge.RegistrarManagerImpl/]: Registry entry listened Registry Entry [minecraft:item / biomemakeover:red_mushroom_brick_stairs] was not realized!
[26Feb2025 04:53:00.107] [main/WARN] [dev.architectury.registry.registries.forge.RegistrarManagerImpl/]: Registry entry listened Registry Entry [minecraft:item / biomemakeover:bat_wing] was not realized!
[26Feb2025 04:53:00.107] [main/WARN] [dev.architectury.registry.registries.forge.RegistrarManagerImpl/]: Registry entry listened Registry Entry [minecraft:item / biomemakeover:dried_peat_bricks] was not realized!
[26Feb2025 04:53:00.108] [main/WARN] [dev.architectury.registry.registries.forge.RegistrarManagerImpl/]: Registry entry listened Registry Entry [minecraft:item / biomemakeover:swamp_jives_music_disk] was not realized!
[26Feb2025 04:53:00.108] [main/WARN] [dev.architectury.registry.registries.forge.RegistrarManagerImpl/]: Registry entry listened Registry Entry [minecraft:item / biomemakeover:marigold] was not realized!
[26Feb2025 04:53:00.108] [main/WARN] [dev.architectury.registry.registries.forge.RegistrarManagerImpl/]: Registry entry listened Registry Entry [minecraft:item / biomemakeover:mushroom_stem_brick] was not realized!
[26Feb2025 04:53:00.108] [main/WARN] [dev.architectury.registry.registries.forge.RegistrarManagerImpl/]: Registry entry listened Registry Entry [minecraft:item / biomemakeover:purple_bud] was not realized!
[26Feb2025 04:53:00.108] [main/WARN] [dev.architectury.registry.registries.forge.RegistrarManagerImpl/]: Registry entry listened Registry Entry [minecraft:item / biomemakeover:refined_pottery_sherd] was not realized!
[26Feb2025 04:53:00.108] [main/WARN] [dev.architectury.registry.registries.forge.RegistrarManagerImpl/]: Registry entry listened Registry Entry [minecraft:item / biomemakeover:ancient_oak_wood] was not realized!
[26Feb2025 04:53:00.108] [main/WARN] [dev.architectury.registry.registries.forge.RegistrarManagerImpl/]: Registry entry listened Registry Entry [minecraft:item / biomemakeover:pink_tapestry] was not realized!
[26Feb2025 04:53:00.108] [main/WARN] [dev.architectury.registry.registries.forge.RegistrarManagerImpl/]: Registry entry listened Registry Entry [minecraft:item / biomemakeover:glowshroom_stem_brick] was not realized!
[26Feb2025 04:53:00.108] [main/WARN] [dev.architectury.registry.registries.forge.RegistrarManagerImpl/]: Registry entry listened Registry Entry [minecraft:item / biomemakeover:swamp_cypress_leaves] was not realized!
[26Feb2025 04:53:00.108] [main/WARN] [dev.architectury.registry.registries.forge.RegistrarManagerImpl/]: Registry entry listened Registry Entry [minecraft:item / biomemakeover:polished_mesmerite_wall] was not realized!
[26Feb2025 04:53:00.108] [main/WARN] [dev.architectury.registry.registries.forge.RegistrarManagerImpl/]: Registry entry listened Registry Entry [minecraft:item / biomemakeover:black_terracotta_brick_stairs] was not realized!
[26Feb2025 04:53:00.108] [main/WARN] [dev.architectury.registry.registries.forge.RegistrarManagerImpl/]: Registry entry listened Registry Entry [minecraft:item / biomemakeover:willow_door] was not realized!
[26Feb2025 04:53:00.108] [main/WARN] [dev.architectury.registry.registries.forge.RegistrarManagerImpl/]: Registry entry listened Registry Entry [minecraft:item / biomemakeover:terracotta_bricks] was not realized!
[26Feb2025 04:53:00.108] [main/WARN] [dev.architectury.registry.registries.forge.RegistrarManagerImpl/]: Registry entry listened Registry Entry [minecraft:item / biomemakeover:mushroom_trader_spawn_egg] was not realized!
[26Feb2025 04:53:00.108] [main/WARN] [dev.architectury.registry.registries.forge.RegistrarManagerImpl/]: Registry entry listened Registry Entry [minecraft:item / biomemakeover:mesmerite_slab] was not realized!
[26Feb2025 04:53:00.108] [main/WARN] [dev.architectury.registry.registries.forge.RegistrarManagerImpl/]: Registry entry listened Registry Entry [minecraft:item / biomemakeover:purple_glowshroom_brick] was not realized!
[26Feb2025 04:53:00.109] [main/WARN] [dev.architectury.registry.registries.forge.RegistrarManagerImpl/]: Registry entry listened Registry Entry [minecraft:item / biomemakeover:green_terracotta_bricks] was not realized!
[26Feb2025 04:53:00.109] [main/WARN] [dev.architectury.registry.registries.forge.RegistrarManagerImpl/]: Registry entry listened Registry Entry [minecraft:item / biomemakeover:directional_data] was not realized!
[26Feb2025 04:53:00.109] [main/WARN] [dev.architectury.registry.registries.forge.RegistrarManagerImpl/]: Registry entry listened Registry Entry [minecraft:item / biomemakeover:reed_thatch_slab] was not realized!
[26Feb2025 04:53:00.109] [main/WARN] [dev.architectury.registry.registries.forge.RegistrarManagerImpl/]: Registry entry listened Registry Entry [minecraft:item / biomemakeover:budding_illunite] was not realized!
[26Feb2025 04:53:00.109] [main/WARN] [dev.architectury.registry.registries.forge.RegistrarManagerImpl/]: Registry entry listened Registry Entry [minecraft:item / biomemakeover:mycelium_sprouts] was not realized!
[26Feb2025 04:53:00.109] [main/WARN] [dev.architectury.registry.registries.forge.RegistrarManagerImpl/]: Registry entry listened Registry Entry [minecraft:item / biomemakeover:willow_trapdoor] was not realized!
[26Feb2025 04:53:00.109] [main/WARN] [dev.architectury.registry.registries.forge.RegistrarManagerImpl/]: Registry entry listened Registry Entry [minecraft:item / biomemakeover:red_terracotta_brick_slab] was not realized!
[26Feb2025 04:53:00.109] [main/WARN] [dev.architectury.registry.registries.forge.RegistrarManagerImpl/]: Registry entry listened Registry Entry [minecraft:item / biomemakeover:swamp_cypress_sapling] was not realized!
[26Feb2025 04:53:00.109] [main/WARN] [dev.architectury.registry.registries.forge.RegistrarManagerImpl/]: Registry entry listened Registry Entry [minecraft:item / biomemakeover:cracked_brick_slab] was not realized!
[26Feb2025 04:53:00.109] [main/WARN] [dev.architectury.registry.registries.forge.RegistrarManagerImpl/]: Registry entry listened Registry Entry [minecraft:item / biomemakeover:witch_hat] was not realized!
[26Feb2025 04:53:00.109] [main/WARN] [dev.architectury.registry.registries.forge.RegistrarManagerImpl/]: Registry entry listened Registry Entry [minecraft:item / biomemakeover:blighted_balsa_stairs] was not realized!
[26Feb2025 04:53:00.109] [main/WARN] [dev.architectury.registry.registries.forge.RegistrarManagerImpl/]: Registry entry listened Registry Entry [minecraft:item / biomemakeover:white_terracotta_brick_slab] was not realized!
[26Feb2025 04:53:00.109] [main/WARN] [dev.architectury.registry.registries.forge.RegistrarManagerImpl/]: Registry entry listened Registry Entry [minecraft:item / biomemakeover:ectoplasm] was not realized!
[26Feb2025 04:53:00.109] [main/WARN] [dev.architectury.registry.registries.forge.RegistrarManagerImpl/]: Registry entry listened Registry Entry [minecraft:item / biomemakeover:light_blue_terracotta_brick_slab] was not realized!
[26Feb2025 04:53:00.109] [main/WARN] [dev.architectury.registry.registries.forge.RegistrarManagerImpl/]: Registry entry listened Registry Entry [minecraft:item / biomemakeover:blighted_cobblestone] was not realized!
[26Feb2025 04:53:00.109] [main/WARN] [dev.architectury.registry.registries.forge.RegistrarManagerImpl/]: Registry entry listened Registry Entry [minecraft:item / biomemakeover:red_mushroom_brick] was not realized!
[26Feb2025 04:53:00.109] [main/WARN] [dev.architectury.registry.registries.forge.RegistrarManagerImpl/]: Registry entry listened Registry Entry [minecraft:item / biomemakeover:blighted_balsa_slab] was not realized!
[26Feb2025 04:53:00.109] [main/WARN] [dev.architectury.registry.registries.forge.RegistrarManagerImpl/]: Registry entry listened Registry Entry [minecraft:item / biomemakeover:crude_cladding_block] was not realized!
[26Feb2025 04:53:00.110] [main/WARN] [dev.architectury.registry.registries.forge.RegistrarManagerImpl/]: Registry entry listened Registry Entry [minecraft:item / biomemakeover:yellow_terracotta_brick_wall] was not realized!
[26Feb2025 04:53:00.110] [main/WARN] [dev.architectury.registry.registries.forge.RegistrarManagerImpl/]: Registry entry listened Registry Entry [minecraft:item / biomemakeover:black_terracotta_brick_slab] was not realized!
[26Feb2025 04:53:00.110] [main/WARN] [dev.architectury.registry.registries.forge.RegistrarManagerImpl/]: Registry entry listened Registry Entry [minecraft:item / biomemakeover:blighted_balsa_pressure_plate] was not realized!
[26Feb2025 04:53:00.110] [main/WARN] [dev.architectury.registry.registries.forge.RegistrarManagerImpl/]: Registry entry listened Registry Entry [minecraft:item / biomemakeover:poltergeist] was not realized!
[26Feb2025 04:53:00.110] [main/WARN] [dev.architectury.registry.registries.forge.RegistrarManagerImpl/]: Registry entry listened Registry Entry [minecraft:item / biomemakeover:yellow_tapestry] was not realized!
[26Feb2025 04:53:00.110] [main/WARN] [dev.architectury.registry.registries.forge.RegistrarManagerImpl/]: Registry entry listened Registry Entry [minecraft:item / biomemakeover:blighted_cobblestone_stairs] was not realized!
[26Feb2025 04:53:00.110] [main/WARN] [dev.architectury.registry.registries.forge.RegistrarManagerImpl/]: Registry entry listened Registry Entry [minecraft:item / biomemakeover:swamp_cypress_door] was not realized!
[26Feb2025 04:53:00.110] [main/WARN] [dev.architectury.registry.registries.forge.RegistrarManagerImpl/]: Registry entry listened Registry Entry [minecraft:item / biomemakeover:mycelium_roots] was not realized!
[26Feb2025 04:53:00.110] [main/WARN] [dev.architectury.registry.registries.forge.RegistrarManagerImpl/]: Registry entry listened Registry Entry [minecraft:item / biomemakeover:red_mushroom_brick_wall] was not realized!
[26Feb2025 04:53:00.110] [main/WARN] [dev.architectury.registry.registries.forge.RegistrarManagerImpl/]: Registry entry listened Registry Entry [minecraft:item / biomemakeover:ancient_oak_planks] was not realized!
[26Feb2025 04:53:00.110] [main/WARN] [dev.architectury.registry.registries.forge.RegistrarManagerImpl/]: Registry entry listened Registry Entry [minecraft:item / biomemakeover:light_gray_tapestry] was not realized!
[26Feb2025 04:53:00.110] [main/WARN] [dev.architectury.registry.registries.forge.RegistrarManagerImpl/]: Registry entry listened Registry Entry [minecraft:item / biomemakeover:dried_peat_bricks_stairs] was not realized!
[26Feb2025 04:53:00.110] [main/WARN] [dev.architectury.registry.registries.forge.RegistrarManagerImpl/]: Registry entry listened Registry Entry [minecraft:item / biomemakeover:large_illunite_bud] was not realized!
[26Feb2025 04:53:00.110] [main/WARN] [dev.architectury.registry.registries.forge.RegistrarManagerImpl/]: Registry entry listened Registry Entry [minecraft:item / biomemakeover:magenta_bud] was not realized!
[26Feb2025 04:53:00.110] [main/WARN] [dev.architectury.registry.registries.forge.RegistrarManagerImpl/]: Registry entry listened Registry Entry [minecraft:item / biomemakeover:cattail] was not realized!
[26Feb2025 04:53:00.111] [main/WARN] [dev.architectury.registry.registries.forge.RegistrarManagerImpl/]: Registry entry listened Registry Entry [minecraft:item / biomemakeover:cracked_dried_peat_brick_slab] was not realized!
[26Feb2025 04:53:00.111] [main/WARN] [dev.architectury.registry.registries.forge.RegistrarManagerImpl/]: Registry entry listened Registry Entry [minecraft:item / biomemakeover:red_rose_music_disk] was not realized!
[26Feb2025 04:53:00.111] [main/WARN] [dev.architectury.registry.registries.forge.RegistrarManagerImpl/]: Registry entry listened Registry Entry [minecraft:item / biomemakeover:magenta_terracotta_brick_slab] was not realized!
[26Feb2025 04:53:00.111] [main/WARN] [dev.architectury.registry.registries.forge.RegistrarManagerImpl/]: Registry entry listened Registry Entry [minecraft:item / biomemakeover:pink_terracotta_bricks] was not realized!
[26Feb2025 04:53:00.111] [main/WARN] [dev.architectury.registry.registries.forge.RegistrarManagerImpl/]: Registry entry listened Registry Entry [minecraft:item / biomemakeover:willow_slab] was not realized!
[26Feb2025 04:53:00.111] [main/WARN] [dev.architectury.registry.registries.forge.RegistrarManagerImpl/]: Registry entry listened Registry Entry [minecraft:item / biomemakeover:blue_terracotta_brick_slab] was not realized!
[26Feb2025 04:53:00.111] [main/WARN] [dev.architectury.registry.registries.forge.RegistrarManagerImpl/]: Registry entry listened Registry Entry [minecraft:item / biomemakeover:medium_illunite_bud] was not realized!
[26Feb2025 04:53:00.111] [main/WARN] [dev.architectury.registry.registries.forge.RegistrarManagerImpl/]: Registry entry listened Registry Entry [minecraft:item / biomemakeover:ancient_oak_fence] was not realized!
[26Feb2025 04:53:00.111] [main/WARN] [dev.architectury.registry.registries.forge.RegistrarManagerImpl/]: Registry entry listened Registry Entry [minecraft:item / biomemakeover:terracotta_brick_wall] was not realized!
[26Feb2025 04:53:00.111] [main/WARN] [dev.architectury.registry.registries.forge.RegistrarManagerImpl/]: Registry entry listened Registry Entry [minecraft:item / biomemakeover:moth_spawn_egg] was not realized!
[26Feb2025 04:53:00.111] [main/WARN] [dev.architectury.registry.registries.forge.RegistrarManagerImpl/]: Registry entry listened Registry Entry [minecraft:item / biomemakeover:pink_terracotta_brick_wall] was not realized!
[26Feb2025 04:53:00.111] [main/WARN] [dev.architectury.registry.registries.forge.RegistrarManagerImpl/]: Registry entry listened Registry Entry [minecraft:item / biomemakeover:roasted_bulbus_root] was not realized!
[26Feb2025 04:53:00.111] [main/WARN] [dev.architectury.registry.registries.forge.RegistrarManagerImpl/]: Registry entry listened Registry Entry [minecraft:item / biomemakeover:stripped_willow_log] was not realized!
[26Feb2025 04:53:00.111] [main/WARN] [dev.architectury.registry.registries.forge.RegistrarManagerImpl/]: Registry entry listened Registry Entry [minecraft:item / biomemakeover:dragonfly_spawn_egg] was not realized!
[26Feb2025 04:53:00.111] [main/WARN] [dev.architectury.registry.registries.forge.RegistrarManagerImpl/]: Registry entry listened Registry Entry [minecraft:item / biomemakeover:blue_terracotta_bricks] was not realized!
[26Feb2025 04:53:00.112] [main/WARN] [dev.architectury.registry.registries.forge.RegistrarManagerImpl/]: Registry entry listened Registry Entry [minecraft:item / biomemakeover:stripped_ancient_oak_wood] was not realized!
[26Feb2025 04:53:00.112] [main/WARN] [dev.architectury.registry.registries.forge.RegistrarManagerImpl/]: Registry entry listened Registry Entry [minecraft:item / biomemakeover:willow_log] was not realized!
[26Feb2025 04:53:00.112] [main/WARN] [dev.architectury.registry.registries.forge.RegistrarManagerImpl/]: Registry entry listened Registry Entry [minecraft:item / biomemakeover:blighted_cobblestone_wall] was not realized!
[26Feb2025 04:53:00.112] [main/WARN] [dev.architectury.registry.registries.forge.RegistrarManagerImpl/]: Registry entry listened Registry Entry [minecraft:item / biomemakeover:purple_tapestry] was not realized!
[26Feb2025 04:53:00.112] [main/WARN] [dev.architectury.registry.registries.forge.RegistrarManagerImpl/]: Registry entry listened Registry Entry [minecraft:item / biomemakeover:brown_bud] was not realized!
[26Feb2025 04:53:00.112] [main/WARN] [dev.architectury.registry.registries.forge.RegistrarManagerImpl/]: Registry entry listened Registry Entry [minecraft:item / biomemakeover:blighted_balsa_log] was not realized!
[26Feb2025 04:53:00.112] [main/WARN] [dev.architectury.registry.registries.forge.RegistrarManagerImpl/]: Registry entry listened Registry Entry [minecraft:item / biomemakeover:green_glowshroom_brick] was not realized!
[26Feb2025 04:53:00.112] [main/WARN] [dev.architectury.registry.registries.forge.RegistrarManagerImpl/]: Registry entry listened Registry Entry [minecraft:item / biomemakeover:orange_terracotta_bricks] was not realized!
[26Feb2025 04:53:00.112] [main/WARN] [dev.architectury.registry.registries.forge.RegistrarManagerImpl/]: Registry entry listened Registry Entry [minecraft:item / biomemakeover:blighted_balsa_wood] was not realized!
[26Feb2025 04:53:00.112] [main/WARN] [dev.architectury.registry.registries.forge.RegistrarManagerImpl/]: Registry entry listened Registry Entry [minecraft:item / biomemakeover:black_thistle] was not realized!
[26Feb2025 04:53:00.112] [main/WARN] [dev.architectury.registry.registries.forge.RegistrarManagerImpl/]: Registry entry listened Registry Entry [minecraft:item / biomemakeover:owl_spawn_egg] was not realized!
[26Feb2025 04:53:00.112] [main/WARN] [dev.architectury.registry.registries.forge.RegistrarManagerImpl/]: Registry entry listened Registry Entry [minecraft:item / biomemakeover:green_glowshroom_brick_stairs] was not realized!
[26Feb2025 04:53:00.112] [main/WARN] [dev.architectury.registry.registries.forge.RegistrarManagerImpl/]: Registry entry listened Registry Entry [minecraft:item / biomemakeover:black_terracotta_brick_wall] was not realized!
[26Feb2025 04:53:00.112] [main/WARN] [dev.architectury.registry.registries.forge.RegistrarManagerImpl/]: Registry entry listened Registry Entry [minecraft:item / biomemakeover:gray_terracotta_brick_wall] was not realized!
[26Feb2025 04:53:00.112] [main/WARN] [dev.architectury.registry.registries.forge.RegistrarManagerImpl/]: Registry entry listened Registry Entry [minecraft:item / biomemakeover:glowfish_spawn_egg] was not realized!
[26Feb2025 04:53:00.112] [main/WARN] [dev.architectury.registry.registries.forge.RegistrarManagerImpl/]: Registry entry listened Registry Entry [minecraft:item / biomemakeover:lime_terracotta_brick_stairs] was not realized!
[26Feb2025 04:53:00.113] [main/WARN] [dev.architectury.registry.registries.forge.RegistrarManagerImpl/]: Registry entry listened Registry Entry [minecraft:item / biomemakeover:purple_glowshroom_brick_wall] was not realized!
[26Feb2025 04:53:00.113] [main/WARN] [dev.architectury.registry.registries.forge.RegistrarManagerImpl/]: Registry entry listened Registry Entry [minecraft:item / biomemakeover:swamp_cypress_slab] was not realized!
[26Feb2025 04:53:00.113] [main/WARN] [dev.architectury.registry.registries.forge.RegistrarManagerImpl/]: Registry entry listened Registry Entry [minecraft:item / biomemakeover:ancient_oak_button] was not realized!
[26Feb2025 04:53:00.113] [main/WARN] [dev.architectury.registry.registries.forge.RegistrarManagerImpl/]: Registry entry listened Registry Entry [minecraft:item / biomemakeover:ancient_oak_stairs] was not realized!
[26Feb2025 04:53:00.113] [main/WARN] [dev.architectury.registry.registries.forge.RegistrarManagerImpl/]: Registry entry listened Registry Entry [minecraft:item / biomemakeover:reed_thatch] was not realized!
[26Feb2025 04:53:00.113] [main/WARN] [dev.architectury.registry.registries.forge.RegistrarManagerImpl/]: Registry entry listened Registry Entry [minecraft:item / biomemakeover:yellow_terracotta_brick_stairs] was not realized!
[26Feb2025 04:53:00.113] [main/WARN] [dev.architectury.registry.registries.forge.RegistrarManagerImpl/]: Registry entry listened Registry Entry [minecraft:item / biomemakeover:orange_tapestry] was not realized!
[26Feb2025 04:53:00.113] [main/WARN] [dev.architectury.registry.registries.forge.RegistrarManagerImpl/]: Registry entry listened Registry Entry [minecraft:item / biomemakeover:glowfish] was not realized!
[26Feb2025 04:53:00.113] [main/WARN] [dev.architectury.registry.registries.forge.RegistrarManagerImpl/]: Registry entry listened Registry Entry [minecraft:item / biomemakeover:green_glowshroom_brick_wall] was not realized!
[26Feb2025 04:53:00.113] [main/WARN] [dev.architectury.registry.registries.forge.RegistrarManagerImpl/]: Registry entry listened Registry Entry [minecraft:item / biomemakeover:altar] was not realized!
[26Feb2025 04:53:00.113] [main/WARN] [dev.architectury.registry.registries.forge.RegistrarManagerImpl/]: Registry entry listened Registry Entry [minecraft:item / biomemakeover:willowing_branches] was not realized!
[26Feb2025 04:53:00.113] [main/WARN] [dev.architectury.registry.registries.forge.RegistrarManagerImpl/]: Registry entry listened Registry Entry [minecraft:item / biomemakeover:enchanted_totem] was not realized!
[26Feb2025 04:53:00.113] [main/WARN] [dev.architectury.registry.registries.forge.RegistrarManagerImpl/]: Registry entry listened Registry Entry [minecraft:item / biomemakeover:pink_terracotta_brick_stairs] was not realized!
[26Feb2025 04:53:00.113] [main/WARN] [dev.architectury.registry.registries.forge.RegistrarManagerImpl/]: Registry entry listened Registry Entry [minecraft:item / biomemakeover:black_terracotta_bricks] was not realized!
[26Feb2025 04:53:00.114] [main/WARN] [dev.architectury.registry.registries.forge.RegistrarManagerImpl/]: Registry entry listened Registry Entry [minecraft:item / biomemakeover:ancient_oak_door] was not realized!
[26Feb2025 04:53:00.114] [main/WARN] [dev.architectury.registry.registries.forge.RegistrarManagerImpl/]: Registry entry listened Registry Entry [minecraft:item / biomemakeover:light_blue_bud] was not realized!
[26Feb2025 04:53:00.114] [main/WARN] [dev.architectury.registry.registries.forge.RegistrarManagerImpl/]: Registry entry listened Registry Entry [minecraft:item / biomemakeover:stripped_blighted_balsa_log] was not realized!
[26Feb2025 04:53:00.114] [main/WARN] [dev.architectury.registry.registries.forge.RegistrarManagerImpl/]: Registry entry listened Registry Entry [minecraft:item / biomemakeover:willow_pressure_plate] was not realized!
[26Feb2025 04:53:00.114] [main/WARN] [dev.architectury.registry.registries.forge.RegistrarManagerImpl/]: Registry entry listened Registry Entry [minecraft:item / biomemakeover:tall_brown_mushroom] was not realized!
[26Feb2025 04:53:00.114] [main/WARN] [dev.architectury.registry.registries.forge.RegistrarManagerImpl/]: Registry entry listened Registry Entry [minecraft:item / biomemakeover:blue_tapestry] was not realized!
[26Feb2025 04:53:00.114] [main/WARN] [dev.architectury.registry.registries.forge.RegistrarManagerImpl/]: Registry entry listened Registry Entry [minecraft:item / biomemakeover:peat] was not realized!
[26Feb2025 04:53:00.114] [main/WARN] [dev.architectury.registry.registries.forge.RegistrarManagerImpl/]: Registry entry listened Registry Entry [minecraft:item / biomemakeover:light_gray_terracotta_brick_slab] was not realized!
[26Feb2025 04:53:00.114] [main/WARN] [dev.architectury.registry.registries.forge.RegistrarManagerImpl/]: Registry entry listened Registry Entry [minecraft:item / biomemakeover:toad_spawn_egg] was not realized!
[26Feb2025 04:53:00.114] [main/WARN] [dev.architectury.registry.registries.forge.RegistrarManagerImpl/]: Registry entry listened Registry Entry [minecraft:item / biomemakeover:gray_bud] was not realized!
[26Feb2025 04:53:00.114] [main/WARN] [dev.architectury.registry.registries.forge.RegistrarManagerImpl/]: Registry entry listened Registry Entry [minecraft:item / biomemakeover:suspicious_red_sand] was not realized!
[26Feb2025 04:53:00.114] [main/WARN] [dev.architectury.registry.registries.forge.RegistrarManagerImpl/]: Registry entry listened Registry Entry [minecraft:item / biomemakeover:cracked_brick_wall] was not realized!
[26Feb2025 04:53:00.114] [main/WARN] [dev.architectury.registry.registries.forge.RegistrarManagerImpl/]: Registry entry listened Registry Entry [minecraft:item / biomemakeover:worker_pottery_sherd] was not realized!
[26Feb2025 04:53:00.115] [main/WARN] [dev.architectury.registry.registries.forge.RegistrarManagerImpl/]: Registry entry listened Registry Entry [minecraft:item / biomemakeover:illunite_shard] was not realized!
[26Feb2025 04:53:00.115] [main/WARN] [dev.architectury.registry.registries.forge.RegistrarManagerImpl/]: Registry entry listened Registry Entry [minecraft:item / biomemakeover:crude_cladding] was not realized!
[26Feb2025 04:53:00.115] [main/WARN] [dev.architectury.registry.registries.forge.RegistrarManagerImpl/]: Registry entry listened Registry Entry [minecraft:item / biomemakeover:lime_terracotta_brick_wall] was not realized!
[26Feb2025 04:53:00.115] [main/WARN] [dev.architectury.registry.registries.forge.RegistrarManagerImpl/]: Registry entry listened Registry Entry [minecraft:item / biomemakeover:glowshroom_stem_brick_wall] was not realized!
[26Feb2025 04:53:00.115] [main/WARN] [dev.architectury.registry.registries.forge.RegistrarManagerImpl/]: Registry entry listened Registry Entry [minecraft:item / biomemakeover:orange_glowshroom_brick_wall] was not realized!
[26Feb2025 04:53:00.115] [main/WARN] [dev.architectury.registry.registries.forge.RegistrarManagerImpl/]: Registry entry listened Registry Entry [minecraft:item / biomemakeover:saguaro_cactus] was not realized!
[26Feb2025 04:53:00.115] [main/WARN] [dev.architectury.registry.registries.forge.RegistrarManagerImpl/]: Registry entry listened Registry Entry [minecraft:item / biomemakeover:magenta_tapestry] was not realized!
[26Feb2025 04:53:00.115] [main/WARN] [dev.architectury.registry.registries.forge.RegistrarManagerImpl/]: Registry entry listened Registry Entry [minecraft:item / biomemakeover:orange_glowshroom_block] was not realized!
[26Feb2025 04:53:00.115] [main/WARN] [dev.architectury.registry.registries.forge.RegistrarManagerImpl/]: Registry entry listened Registry Entry [minecraft:item / biomemakeover:swamp_cypress_pressure_plate] was not realized!
[26Feb2025 04:53:00.115] [main/WARN] [dev.architectury.registry.registries.forge.RegistrarManagerImpl/]: Registry entry listened Registry Entry [minecraft:item / biomemakeover:tadpole_bucket] was not realized!
[26Feb2025 04:53:00.115] [main/WARN] [dev.architectury.registry.registries.forge.RegistrarManagerImpl/]: Registry entry listened Registry Entry [minecraft:item / biomemakeover:brown_terracotta_brick_stairs] was not realized!
[26Feb2025 04:53:00.115] [main/WARN] [dev.architectury.registry.registries.forge.RegistrarManagerImpl/]: Registry entry listened Registry Entry [minecraft:item / biomemakeover:cracked_brick_stairs] was not realized!
[26Feb2025 04:53:00.116] [main/WARN] [dev.architectury.registry.registries.forge.RegistrarManagerImpl/]: Registry entry listened Registry Entry [minecraft:item / biomemakeover:dried_peat_bricks_wall] was not realized!
[26Feb2025 04:53:00.116] [main/WARN] [dev.architectury.registry.registries.forge.RegistrarManagerImpl/]: Registry entry listened Registry Entry [minecraft:item / biomemakeover:gray_terracotta_bricks] was not realized!
[26Feb2025 04:53:00.116] [main/WARN] [dev.architectury.registry.registries.forge.RegistrarManagerImpl/]: Registry entry listened Registry Entry [minecraft:item / biomemakeover:rootling_seeds] was not realized!
[26Feb2025 04:53:00.116] [main/WARN] [dev.architectury.registry.registries.forge.RegistrarManagerImpl/]: Registry entry listened Registry Entry [minecraft:item / biomemakeover:willow_planks] was not realized!
[26Feb2025 04:53:00.116] [main/WARN] [dev.architectury.registry.registries.forge.RegistrarManagerImpl/]: Registry entry listened Registry Entry [minecraft:item / biomemakeover:cyan_terracotta_bricks] was not realized!
[26Feb2025 04:53:00.116] [main/WARN] [dev.architectury.registry.registries.forge.RegistrarManagerImpl/]: Registry entry listened Registry Entry [minecraft:item / biomemakeover:stripped_willow_wood] was not realized!
[26Feb2025 04:53:00.116] [main/WARN] [dev.architectury.registry.registries.forge.RegistrarManagerImpl/]: Registry entry listened Registry Entry [minecraft:item / biomemakeover:ghost_spawn_egg] was not realized!
[26Feb2025 04:53:00.116] [main/WARN] [dev.architectury.registry.registries.forge.RegistrarManagerImpl/]: Registry entry listened Registry Entry [minecraft:item / biomemakeover:cowboy_hat] was not realized!
[26Feb2025 04:53:00.116] [main/WARN] [dev.architectury.registry.registries.forge.RegistrarManagerImpl/]: Registry entry listened Registry Entry [minecraft:item / biomemakeover:cracked_dried_peat_brick_stairs] was not realized!
[26Feb2025 04:53:00.116] [main/WARN] [dev.architectury.registry.registries.forge.RegistrarManagerImpl/]: Registry entry listened Registry Entry [minecraft:item / biomemakeover:tadpole_spawn_egg] was not realized!
[26Feb2025 04:53:00.116] [main/WARN] [dev.architectury.registry.registries.forge.RegistrarManagerImpl/]: Registry entry listened Registry Entry [minecraft:item / biomemakeover:illunite_block] was not realized!
[26Feb2025 04:53:00.116] [main/WARN] [dev.architectury.registry.registries.forge.RegistrarManagerImpl/]: Registry entry listened Registry Entry [minecraft:item / biomemakeover:green_terracotta_brick_slab] was not realized!
[26Feb2025 04:53:00.116] [main/WARN] [dev.architectury.registry.registries.forge.RegistrarManagerImpl/]: Registry entry listened Registry Entry [minecraft:item / biomemakeover:bulbus_root] was not realized!
[26Feb2025 04:53:00.116] [main/WARN] [dev.architectury.registry.registries.forge.RegistrarManagerImpl/]: Registry entry listened Registry Entry [minecraft:item / biomemakeover:green_glowshroom_block] was not realized!
[26Feb2025 04:53:00.116] [main/WARN] [dev.architectury.registry.registries.forge.RegistrarManagerImpl/]: Registry entry listened Registry Entry [minecraft:item / biomemakeover:willow_sapling] was not realized!
[26Feb2025 04:53:00.116] [main/WARN] [dev.architectury.registry.registries.forge.RegistrarManagerImpl/]: Registry entry listened Registry Entry [minecraft:item / biomemakeover:mossy_peat] was not realized!
[26Feb2025 04:53:00.117] [main/WARN] [dev.architectury.registry.registries.forge.RegistrarManagerImpl/]: Registry entry listened Registry Entry [minecraft:item / biomemakeover:mossy_dried_peat_brick_wall] was not realized!
[26Feb2025 04:53:00.117] [main/WARN] [dev.architectury.registry.registries.forge.RegistrarManagerImpl/]: Registry entry listened Registry Entry [minecraft:item / biomemakeover:glowshroom_stem] was not realized!
[26Feb2025 04:53:00.117] [main/WARN] [dev.architectury.registry.registries.forge.RegistrarManagerImpl/]: Registry entry listened Registry Entry [minecraft:item / biomemakeover:reed_thatch_stairs] was not realized!
[26Feb2025 04:53:00.117] [main/WARN] [dev.architectury.registry.registries.forge.RegistrarManagerImpl/]: Registry entry listened Registry Entry [minecraft:item / biomemakeover:stripped_ancient_oak_log] was not realized!
[26Feb2025 04:53:00.117] [main/WARN] [dev.architectury.registry.registries.forge.RegistrarManagerImpl/]: Registry entry listened Registry Entry [minecraft:item / biomemakeover:mossy_dried_peat_bricks] was not realized!
[26Feb2025 04:53:00.117] [main/WARN] [dev.architectury.registry.registries.forge.RegistrarManagerImpl/]: Registry entry listened Registry Entry [minecraft:item / biomemakeover:orange_glowshroom_brick] was not realized!
[26Feb2025 04:53:00.117] [main/WARN] [dev.architectury.registry.registries.forge.RegistrarManagerImpl/]: Registry entry listened Registry Entry [minecraft:item / biomemakeover:swamp_cypress_fence_gate] was not realized!
[26Feb2025 04:53:00.117] [main/WARN] [dev.architectury.registry.registries.forge.RegistrarManagerImpl/]: Registry entry listened Registry Entry [minecraft:item / biomemakeover:purple_glowshroom_block] was not realized!
[26Feb2025 04:53:00.117] [main/WARN] [dev.architectury.registry.registries.forge.RegistrarManagerImpl/]: Registry entry listened Registry Entry [minecraft:item / biomemakeover:cladding_upgrade_smithing_template] was not realized!
[26Feb2025 04:53:00.117] [main/WARN] [dev.architectury.registry.registries.forge.RegistrarManagerImpl/]: Registry entry listened Registry Entry [minecraft:item / biomemakeover:blue_terracotta_brick_stairs] was not realized!
[26Feb2025 04:53:00.117] [main/WARN] [dev.architectury.registry.registries.forge.RegistrarManagerImpl/]: Registry entry listened Registry Entry [minecraft:item / biomemakeover:light_blue_terracotta_bricks] was not realized!
[26Feb2025 04:53:00.117] [main/WARN] [dev.architectury.registry.registries.forge.RegistrarManagerImpl/]: Registry entry listened Registry Entry [minecraft:item / biomemakeover:blightbat_wing] was not realized!
[26Feb2025 04:53:00.117] [main/WARN] [dev.architectury.registry.registries.forge.RegistrarManagerImpl/]: Registry entry listened Registry Entry [minecraft:item / biomemakeover:glowshroom_stew] was not realized!
[26Feb2025 04:53:00.117] [main/WARN] [dev.architectury.registry.registries.forge.RegistrarManagerImpl/]: Registry entry listened Registry Entry [minecraft:item / biomemakeover:light_blue_tapestry] was not realized!
[26Feb2025 04:53:00.118] [main/WARN] [dev.architectury.registry.registries.forge.RegistrarManagerImpl/]: Registry entry listened Registry Entry [minecraft:item / biomemakeover:blighted_balsa_door] was not realized!
[26Feb2025 04:53:00.118] [main/WARN] [dev.architectury.registry.registries.forge.RegistrarManagerImpl/]: Registry entry listened Registry Entry [minecraft:item / biomemakeover:small_illunite_bud] was not realized!
[26Feb2025 04:53:00.118] [main/WARN] [dev.architectury.registry.registries.forge.RegistrarManagerImpl/]: Registry entry listened Registry Entry [minecraft:item / biomemakeover:buttonbush] was not realized!
[26Feb2025 04:53:00.118] [main/WARN] [dev.architectury.registry.registries.forge.RegistrarManagerImpl/]: Registry entry listened Registry Entry [minecraft:item / biomemakeover:blighted_stone_bricks] was not realized!
[26Feb2025 04:53:00.118] [main/WARN] [dev.architectury.registry.registries.forge.RegistrarManagerImpl/]: Registry entry listened Registry Entry [minecraft:item / biomemakeover:light_gray_terracotta_brick_stairs] was not realized!
[26Feb2025 04:53:00.118] [main/WARN] [dev.architectury.registry.registries.forge.RegistrarManagerImpl/]: Registry entry listened Registry Entry [minecraft:item / biomemakeover:purple_terracotta_brick_stairs] was not realized!
[26Feb2025 04:53:00.118] [main/WARN] [dev.architectury.registry.registries.forge.RegistrarManagerImpl/]: Registry entry listened Registry Entry [minecraft:item / biomemakeover:moth_blossom] was not realized!
[26Feb2025 04:53:00.118] [main/WARN] [dev.architectury.registry.registries.forge.RegistrarManagerImpl/]: Registry entry listened Registry Entry [minecraft:item / biomemakeover:orange_glowshroom_brick_stairs] was not realized!
[26Feb2025 04:53:00.118] [main/WARN] [dev.architectury.registry.registries.forge.RegistrarManagerImpl/]: Registry entry listened Registry Entry [minecraft:item / biomemakeover:willow_fence_gate] was not realized!
[26Feb2025 04:53:00.118] [main/WARN] [dev.architectury.registry.registries.forge.RegistrarManagerImpl/]: Registry entry listened Registry Entry [minecraft:item / biomemakeover:gray_terracotta_brick_stairs] was not realized!
[26Feb2025 04:53:00.118] [main/WARN] [dev.architectury.registry.registries.forge.RegistrarManagerImpl/]: Registry entry listened Registry Entry [minecraft:item / biomemakeover:itching_ivy] was not realized!
[26Feb2025 04:53:00.118] [main/WARN] [dev.architectury.registry.registries.forge.RegistrarManagerImpl/]: Registry entry listened Registry Entry [minecraft:item / biomemakeover:mesmerite_wall] was not realized!
[26Feb2025 04:53:00.119] [main/WARN] [dev.architectury.registry.registries.forge.RegistrarManagerImpl/]: Registry entry listened Registry Entry [minecraft:item / biomemakeover:blighted_balsa_planks] was not realized!
[26Feb2025 04:53:00.119] [main/WARN] [dev.architectury.registry.registries.forge.RegistrarManagerImpl/]: Registry entry listened Registry Entry [minecraft:item / biomemakeover:pink_terracotta_brick_slab] was not realized!
[26Feb2025 04:53:00.119] [main/WARN] [dev.architectury.registry.registries.forge.RegistrarManagerImpl/]: Registry entry listened Registry Entry [minecraft:item / biomemakeover:cracked_brick] was not realized!
[26Feb2025 04:53:00.119] [main/WARN] [dev.architectury.registry.registries.forge.RegistrarManagerImpl/]: Registry entry listened Registry Entry [minecraft:item / biomemakeover:red_mushroom_brick_slab] was not realized!
[26Feb2025 04:53:00.119] [main/WARN] [dev.architectury.registry.registries.forge.RegistrarManagerImpl/]: Registry entry listened Registry Entry [minecraft:item / biomemakeover:ancient_oak_leaves] was not realized!
[26Feb2025 04:53:00.119] [main/WARN] [dev.architectury.registry.registries.forge.RegistrarManagerImpl/]: Registry entry listened Registry Entry [minecraft:item / biomemakeover:pink_bud] was not realized!
[26Feb2025 04:53:00.119] [main/WARN] [dev.architectury.registry.registries.forge.RegistrarManagerImpl/]: Registry entry listened Registry Entry [minecraft:item / biomemakeover:lightning_bug_spawn_egg] was not realized!
[26Feb2025 04:53:00.119] [main/WARN] [dev.architectury.registry.registries.forge.RegistrarManagerImpl/]: Registry entry listened Registry Entry [minecraft:item / biomemakeover:paydirt] was not realized!
[26Feb2025 04:53:00.119] [main/WARN] [dev.architectury.registry.registries.forge.RegistrarManagerImpl/]: Registry entry listened Registry Entry [minecraft:item / biomemakeover:helmit_crab_spawn_egg] was not realized!
[26Feb2025 04:53:00.119] [main/WARN] [dev.architectury.registry.registries.forge.RegistrarManagerImpl/]: Registry entry listened Registry Entry [minecraft:item / biomemakeover:ancient_oak_pressure_plate] was not realized!
[26Feb2025 04:53:00.127] [main/WARN] [dev.architectury.registry.registries.forge.RegistrarManagerImpl/]: Registry entry listened Registry Entry [minecraft:item / biomemakeover:green_tapestry] was not realized!
[26Feb2025 04:53:00.127] [main/WARN] [dev.architectury.registry.registries.forge.RegistrarManagerImpl/]: Registry entry listened Registry Entry [minecraft:item / biomemakeover:blue_terracotta_brick_wall] was not realized!
[26Feb2025 04:53:00.127] [main/WARN] [dev.architectury.registry.registries.forge.RegistrarManagerImpl/]: Registry entry listened Registry Entry [minecraft:item / biomemakeover:water_lily] was not realized!
[26Feb2025 04:53:00.127] [main/WARN] [dev.architectury.registry.registries.forge.RegistrarManagerImpl/]: Registry entry listened Registry Entry [minecraft:item / biomemakeover:black_tapestry] was not realized!
[26Feb2025 04:53:00.127] [main/WARN] [dev.architectury.registry.registries.forge.RegistrarManagerImpl/]: Registry entry listened Registry Entry [minecraft:item / biomemakeover:green_terracotta_brick_stairs] was not realized!
[26Feb2025 04:53:00.127] [main/WARN] [dev.architectury.registry.registries.forge.RegistrarManagerImpl/]: Registry entry listened Registry Entry [minecraft:item / biomemakeover:magenta_terracotta_brick_wall] was not realized!
[26Feb2025 04:53:00.127] [main/WARN] [dev.architectury.registry.registries.forge.RegistrarManagerImpl/]: Registry entry listened Registry Entry [minecraft:item / biomemakeover:blighted_stone_bricks_wall] was not realized!
[26Feb2025 04:53:00.127] [main/WARN] [dev.architectury.registry.registries.forge.RegistrarManagerImpl/]: Registry entry listened Registry Entry [minecraft:item / biomemakeover:peat_farmland] was not realized!
[26Feb2025 04:53:00.128] [main/WARN] [dev.architectury.registry.registries.forge.RegistrarManagerImpl/]: Registry entry listened Registry Entry [minecraft:item / biomemakeover:soul_embers] was not realized!
[26Feb2025 04:53:00.128] [main/WARN] [dev.architectury.registry.registries.forge.RegistrarManagerImpl/]: Registry entry listened Registry Entry [minecraft:item / biomemakeover:dried_peat] was not realized!
[26Feb2025 04:53:00.128] [main/WARN] [dev.architectury.registry.registries.forge.RegistrarManagerImpl/]: Registry entry listened Registry Entry [minecraft:item / biomemakeover:ancient_oak_log] was not realized!
[26Feb2025 04:53:00.128] [main/WARN] [dev.architectury.registry.registries.forge.RegistrarManagerImpl/]: Registry entry listened Registry Entry [minecraft:item / biomemakeover:terracotta_brick_slab] was not realized!
[26Feb2025 04:53:00.128] [main/WARN] [dev.architectury.registry.registries.forge.RegistrarManagerImpl/]: Registry entry listened Registry Entry [minecraft:item / biomemakeover:blightbat_spawn_egg] was not realized!
[26Feb2025 04:53:00.128] [main/WARN] [dev.architectury.registry.registries.forge.RegistrarManagerImpl/]: Registry entry listened Registry Entry [minecraft:item / biomemakeover:purple_terracotta_brick_slab] was not realized!
[26Feb2025 04:53:00.128] [main/WARN] [dev.architectury.registry.registries.forge.RegistrarManagerImpl/]: Registry entry listened Registry Entry [minecraft:item / biomemakeover:red_tapestry] was not realized!
[26Feb2025 04:53:00.128] [main/WARN] [dev.architectury.registry.registries.forge.RegistrarManagerImpl/]: Registry entry listened Registry Entry [minecraft:item / biomemakeover:whinny_pottery_sherd] was not realized!
[26Feb2025 04:53:00.128] [main/WARN] [dev.architectury.registry.registries.forge.RegistrarManagerImpl/]: Registry entry listened Registry Entry [minecraft:item / biomemakeover:blighted_balsa_sapling] was not realized!
[26Feb2025 04:53:00.128] [main/WARN] [dev.architectury.registry.registries.forge.RegistrarManagerImpl/]: Registry entry listened Registry Entry [minecraft:item / biomemakeover:cracked_bricks] was not realized!
[26Feb2025 04:53:00.128] [main/WARN] [dev.architectury.registry.registries.forge.RegistrarManagerImpl/]: Registry entry listened Registry Entry [minecraft:item / biomemakeover:button_mushrooms_music_disk] was not realized!
[26Feb2025 04:53:00.128] [main/WARN] [dev.architectury.registry.registries.forge.RegistrarManagerImpl/]: Registry entry listened Registry Entry [minecraft:item / biomemakeover:brown_tapestry] was not realized!
[26Feb2025 04:53:00.128] [main/WARN] [dev.architectury.registry.registries.forge.RegistrarManagerImpl/]: Registry entry listened Registry Entry [minecraft:item / biomemakeover:mesmerite_stairs] was not realized!
[26Feb2025 04:53:00.128] [main/WARN] [dev.architectury.registry.registries.forge.RegistrarManagerImpl/]: Registry entry listened Registry Entry [minecraft:item / biomemakeover:brown_mushroom_brick] was not realized!
[26Feb2025 04:53:00.128] [main/WARN] [dev.architectury.registry.registries.forge.RegistrarManagerImpl/]: Registry entry listened Registry Entry [minecraft:item / biomemakeover:ivy] was not realized!
[26Feb2025 04:53:00.129] [main/WARN] [dev.architectury.registry.registries.forge.RegistrarManagerImpl/]: Registry entry listened Registry Entry [minecraft:item / biomemakeover:tall_red_mushroom] was not realized!
[26Feb2025 04:53:00.129] [main/WARN] [dev.architectury.registry.registries.forge.RegistrarManagerImpl/]: Registry entry listened Registry Entry [minecraft:item / biomemakeover:mesmerite] was not realized!
[26Feb2025 04:53:00.129] [main/WARN] [dev.architectury.registry.registries.forge.RegistrarManagerImpl/]: Registry entry listened Registry Entry [minecraft:item / biomemakeover:scuttler_tail] was not realized!
[26Feb2025 04:53:00.129] [main/WARN] [dev.architectury.registry.registries.forge.RegistrarManagerImpl/]: Registry entry listened Registry Entry [minecraft:item / biomemakeover:willow_button] was not realized!
[26Feb2025 04:53:00.129] [main/WARN] [dev.architectury.registry.registries.forge.RegistrarManagerImpl/]: Registry entry listened Registry Entry [minecraft:item / biomemakeover:brown_terracotta_brick_wall] was not realized!
[26Feb2025 04:53:00.129] [main/WARN] [dev.architectury.registry.registries.forge.RegistrarManagerImpl/]: Registry entry listened Registry Entry [minecraft:item / biomemakeover:swamp_cypress_fence] was not realized!
[26Feb2025 04:53:00.129] [main/WARN] [dev.architectury.registry.registries.forge.RegistrarManagerImpl/]: Registry entry listened Registry Entry [minecraft:item / biomemakeover:lime_tapestry] was not realized!
[26Feb2025 04:53:00.129] [main/WARN] [dev.architectury.registry.registries.forge.RegistrarManagerImpl/]: Registry entry listened Registry Entry [minecraft:item / biomemakeover:blighted_balsa_button] was not realized!
[26Feb2025 04:53:00.129] [main/WARN] [dev.architectury.registry.registries.forge.RegistrarManagerImpl/]: Registry entry listened Registry Entry [minecraft:item / biomemakeover:ancient_oak_fence_gate] was not realized!
[26Feb2025 04:53:00.129] [main/WARN] [dev.architectury.registry.registries.forge.RegistrarManagerImpl/]: Registry entry listened Registry Entry [minecraft:item / biomemakeover:cyan_terracotta_brick_slab] was not realized!
[26Feb2025 04:53:00.129] [main/WARN] [dev.architectury.registry.registries.forge.RegistrarManagerImpl/]: Registry entry listened Registry Entry [minecraft:item / biomemakeover:brown_mushroom_brick_slab] was not realized!
[26Feb2025 04:53:00.129] [main/WARN] [dev.architectury.registry.registries.forge.RegistrarManagerImpl/]: Registry entry listened Registry Entry [minecraft:item / biomemakeover:reed] was not realized!
[26Feb2025 04:53:00.130] [main/WARN] [dev.architectury.registry.registries.forge.RegistrarManagerImpl/]: Registry entry listened Registry Entry [minecraft:item / biomemakeover:ancient_oak_slab] was not realized!
[26Feb2025 04:53:00.130] [main/WARN] [dev.architectury.registry.registries.forge.RegistrarManagerImpl/]: Registry entry listened Registry Entry [minecraft:item / biomemakeover:raw_crab] was not realized!
[26Feb2025 04:53:00.130] [main/WARN] [dev.architectury.registry.registries.forge.RegistrarManagerImpl/]: Registry entry listened Registry Entry [minecraft:item / biomemakeover:wild_mushrooms] was not realized!
[26Feb2025 04:53:00.130] [main/WARN] [dev.architectury.registry.registries.forge.RegistrarManagerImpl/]: Registry entry listened Registry Entry [minecraft:item / biomemakeover:magenta_terracotta_bricks] was not realized!
[26Feb2025 04:53:00.130] [main/WARN] [dev.architectury.registry.registries.forge.RegistrarManagerImpl/]: Registry entry listened Registry Entry [minecraft:item / biomemakeover:crab_chowder] was not realized!
[26Feb2025 04:53:00.130] [main/WARN] [dev.architectury.registry.registries.forge.RegistrarManagerImpl/]: Registry entry listened Registry Entry [minecraft:item / biomemakeover:swamp_cypress_button] was not realized!
[26Feb2025 04:53:00.130] [main/WARN] [dev.architectury.registry.registries.forge.RegistrarManagerImpl/]: Registry entry listened Registry Entry [minecraft:item / biomemakeover:red_terracotta_brick_wall] was not realized!
[26Feb2025 04:53:00.130] [main/WARN] [dev.architectury.registry.registries.forge.RegistrarManagerImpl/]: Registry entry listened Registry Entry [minecraft:item / biomemakeover:rootling_spawn_egg] was not realized!
[26Feb2025 04:53:00.130] [main/WARN] [dev.architectury.registry.registries.forge.RegistrarManagerImpl/]: Registry entry listened Registry Entry [minecraft:item / biomemakeover:swamp_cypress_stairs] was not realized!
[26Feb2025 04:53:00.130] [main/WARN] [dev.architectury.registry.registries.forge.RegistrarManagerImpl/]: Registry entry listened Registry Entry [minecraft:item / biomemakeover:mushroom_stem_brick_stairs] was not realized!
[26Feb2025 04:53:00.130] [main/WARN] [dev.architectury.registry.registries.forge.RegistrarManagerImpl/]: Registry entry listened Registry Entry [minecraft:item / biomemakeover:stripped_blighted_balsa_wood] was not realized!
[26Feb2025 04:53:00.130] [main/WARN] [dev.architectury.registry.registries.forge.RegistrarManagerImpl/]: Registry entry listened Registry Entry [minecraft:item / biomemakeover:swamp_cypress_log] was not realized!
[26Feb2025 04:53:00.130] [main/WARN] [dev.architectury.registry.registries.forge.RegistrarManagerImpl/]: Registry entry listened Registry Entry [minecraft:item / biomemakeover:light_blue_terracotta_brick_wall] was not realized!
[26Feb2025 04:53:00.130] [main/WARN] [dev.architectury.registry.registries.forge.RegistrarManagerImpl/]: Registry entry listened Registry Entry [minecraft:item / biomemakeover:wart] was not realized!
[26Feb2025 04:53:00.131] [main/WARN] [dev.architectury.registry.registries.forge.RegistrarManagerImpl/]: Registry entry listened Registry Entry [minecraft:item / biomemakeover:cracked_dried_peat_brick_wall] was not realized!
[26Feb2025 04:53:00.131] [main/WARN] [dev.architectury.registry.registries.forge.RegistrarManagerImpl/]: Registry entry listened Registry Entry [minecraft:item / biomemakeover:polished_mesmerite] was not realized!
[26Feb2025 04:53:00.131] [main/WARN] [dev.architectury.registry.registries.forge.RegistrarManagerImpl/]: Registry entry listened Registry Entry [minecraft:item / biomemakeover:cladded_stone] was not realized!
[26Feb2025 04:53:00.131] [main/WARN] [dev.architectury.registry.registries.forge.RegistrarManagerImpl/]: Registry entry listened Registry Entry [minecraft:item / biomemakeover:blue_bud] was not realized!
[26Feb2025 04:53:00.131] [main/WARN] [dev.architectury.registry.registries.forge.RegistrarManagerImpl/]: Registry entry listened Registry Entry [minecraft:item / biomemakeover:illunite_cluster] was not realized!
[26Feb2025 04:53:00.131] [main/WARN] [dev.architectury.registry.registries.forge.RegistrarManagerImpl/]: Registry entry listened Registry Entry [minecraft:item / biomemakeover:polished_mesmerite_stairs] was not realized!
[26Feb2025 04:53:00.131] [main/WARN] [dev.architectury.registry.registries.forge.RegistrarManagerImpl/]: Registry entry listened Registry Entry [minecraft:item / biomemakeover:lime_terracotta_bricks] was not realized!
[26Feb2025 04:53:00.131] [main/WARN] [dev.architectury.registry.registries.forge.RegistrarManagerImpl/]: Registry entry listened Registry Entry [minecraft:item / biomemakeover:orange_glowshroom] was not realized!
[26Feb2025 04:53:00.131] [main/WARN] [dev.architectury.registry.registries.forge.RegistrarManagerImpl/]: Registry entry listened Registry Entry [minecraft:item / biomemakeover:ancient_oak_trapdoor] was not realized!
[26Feb2025 04:53:00.131] [main/WARN] [dev.architectury.registry.registries.forge.RegistrarManagerImpl/]: Registry entry listened Registry Entry [minecraft:item / biomemakeover:white_terracotta_brick_wall] was not realized!
[26Feb2025 04:53:00.131] [main/WARN] [dev.architectury.registry.registries.forge.RegistrarManagerImpl/]: Registry entry listened Registry Entry [minecraft:item / biomemakeover:yellow_terracotta_brick_slab] was not realized!
[26Feb2025 04:53:00.131] [main/WARN] [dev.architectury.registry.registries.forge.RegistrarManagerImpl/]: Registry entry listened Registry Entry [minecraft:item / biomemakeover:green_glowshroom] was not realized!
[26Feb2025 04:53:00.131] [main/WARN] [dev.architectury.registry.registries.forge.RegistrarManagerImpl/]: Registry entry listened Registry Entry [minecraft:item / biomemakeover:moth_scales] was not realized!
[26Feb2025 04:53:00.132] [main/WARN] [dev.architectury.registry.registries.forge.RegistrarManagerImpl/]: Registry entry listened Registry Entry [minecraft:item / biomemakeover:magenta_terracotta_brick_stairs] was not realized!
[26Feb2025 04:53:00.132] [main/WARN] [dev.architectury.registry.registries.forge.RegistrarManagerImpl/]: Registry entry listened Registry Entry [minecraft:item / biomemakeover:cyan_terracotta_brick_stairs] was not realized!
[26Feb2025 04:53:00.132] [main/WARN] [dev.architectury.registry.registries.forge.RegistrarManagerImpl/]: Registry entry listened Registry Entry [minecraft:item / biomemakeover:red_terracotta_brick_stairs] was not realized!
[26Feb2025 04:53:00.132] [main/WARN] [dev.architectury.registry.registries.forge.RegistrarManagerImpl/]: Registry entry listened Registry Entry [minecraft:item / biomemakeover:dried_peat_bricks_slab] was not realized!
[26Feb2025 04:53:00.132] [main/WARN] [dev.architectury.registry.registries.forge.RegistrarManagerImpl/]: Registry entry listened Registry Entry [minecraft:item / biomemakeover:swamp_cypress_trapdoor] was not realized!
[26Feb2025 04:53:00.132] [main/WARN] [dev.architectury.registry.registries.forge.RegistrarManagerImpl/]: Registry entry listened Registry Entry [minecraft:item / biomemakeover:blighted_balsa_fence_gate] was not realized!
[26Feb2025 04:53:00.132] [main/WARN] [dev.architectury.registry.registries.forge.RegistrarManagerImpl/]: Registry entry listened Registry Entry [minecraft:item / biomemakeover:brown_terracotta_bricks] was not realized!
[26Feb2025 04:53:00.132] [main/WARN] [dev.architectury.registry.registries.forge.RegistrarManagerImpl/]: Registry entry listened Registry Entry [minecraft:item / biomemakeover:cladded_leggings] was not realized!
[26Feb2025 04:53:00.132] [main/WARN] [dev.architectury.registry.registries.forge.RegistrarManagerImpl/]: Registry entry listened Registry Entry [minecraft:item / biomemakeover:willow_leaves] was not realized!
[26Feb2025 04:53:00.132] [main/WARN] [dev.architectury.registry.registries.forge.RegistrarManagerImpl/]: Registry entry listened Registry Entry [minecraft:item / biomemakeover:barrel_cactus_flowered] was not realized!
[26Feb2025 04:53:00.132] [main/WARN] [dev.architectury.registry.registries.forge.RegistrarManagerImpl/]: Registry entry listened Registry Entry [minecraft:item / biomemakeover:blighted_balsa_fence] was not realized!
[26Feb2025 04:53:00.132] [main/WARN] [dev.architectury.registry.registries.forge.RegistrarManagerImpl/]: Registry entry listened Registry Entry [minecraft:item / biomemakeover:white_tapestry] was not realized!
[26Feb2025 04:53:00.132] [main/WARN] [dev.architectury.registry.registries.forge.RegistrarManagerImpl/]: Registry entry listened Registry Entry [minecraft:item / biomemakeover:cladded_boots] was not realized!
[26Feb2025 04:53:00.132] [main/WARN] [dev.architectury.registry.registries.forge.RegistrarManagerImpl/]: Registry entry listened Registry Entry [minecraft:item / biomemakeover:light_gray_terracotta_bricks] was not realized!
[26Feb2025 04:53:00.133] [main/WARN] [dev.architectury.registry.registries.forge.RegistrarManagerImpl/]: Registry entry listened Registry Entry [minecraft:item / biomemakeover:glowfish_bucket] was not realized!
[26Feb2025 04:53:00.133] [main/WARN] [dev.architectury.registry.registries.forge.RegistrarManagerImpl/]: Registry entry listened Registry Entry [minecraft:item / biomemakeover:terracotta_brick_stairs] was not realized!
[26Feb2025 04:53:00.133] [main/WARN] [dev.architectury.registry.registries.forge.RegistrarManagerImpl/]: Registry entry listened Registry Entry [minecraft:item / biomemakeover:icon_item] was not realized!
[26Feb2025 04:53:00.133] [main/WARN] [dev.architectury.registry.registries.forge.RegistrarManagerImpl/]: Registry entry listened Registry Entry [minecraft:item / biomemakeover:purple_glowshroom] was not realized!
[26Feb2025 04:53:00.133] [main/WARN] [dev.architectury.registry.registries.forge.RegistrarManagerImpl/]: Registry entry listened Registry Entry [minecraft:item / biomemakeover:brown_terracotta_brick_slab] was not realized!
[26Feb2025 04:53:00.133] [main/WARN] [dev.architectury.registry.registries.forge.RegistrarManagerImpl/]: Registry entry listened Registry Entry [minecraft:item / biomemakeover:small_lily_pad] was not realized!
[26Feb2025 04:53:00.133] [main/WARN] [dev.architectury.registry.registries.forge.RegistrarManagerImpl/]: Registry entry listened Registry Entry [minecraft:item / biomemakeover:cyan_bud] was not realized!
[26Feb2025 04:53:00.133] [main/WARN] [dev.architectury.registry.registries.forge.RegistrarManagerImpl/]: Registry entry listened Registry Entry [minecraft:item / biomemakeover:cooked_crab] was not realized!
[26Feb2025 04:53:00.133] [main/WARN] [dev.architectury.registry.registries.forge.RegistrarManagerImpl/]: Registry entry listened Registry Entry [minecraft:item / biomemakeover:foxglove] was not realized!
[26Feb2025 04:53:00.133] [main/WARN] [dev.architectury.registry.registries.forge.RegistrarManagerImpl/]: Registry entry listened Registry Entry [minecraft:item / biomemakeover:cooked_glowfish] was not realized!
[26Feb2025 04:53:00.133] [main/WARN] [dev.architectury.registry.registries.forge.RegistrarManagerImpl/]: Registry entry listened Registry Entry [minecraft:item / biomemakeover:orange_glowshroom_brick_slab] was not realized!
[26Feb2025 04:53:00.133] [main/WARN] [dev.architectury.registry.registries.forge.RegistrarManagerImpl/]: Registry entry listened Registry Entry [minecraft:item / biomemakeover:swamp_cypress_planks] was not realized!
[26Feb2025 04:53:00.133] [main/WARN] [dev.architectury.registry.registries.forge.RegistrarManagerImpl/]: Registry entry listened Registry Entry [minecraft:item / biomemakeover:blighted_cobblestone_slab] was not realized!
[26Feb2025 04:53:00.133] [main/WARN] [dev.architectury.registry.registries.forge.RegistrarManagerImpl/]: Registry entry listened Registry Entry [minecraft:item / biomemakeover:stone_golem_spawn_egg] was not realized!
[26Feb2025 04:53:00.133] [main/WARN] [dev.architectury.registry.registries.forge.RegistrarManagerImpl/]: Registry entry listened Registry Entry [minecraft:item / biomemakeover:light_blue_terracotta_brick_stairs] was not realized!
[26Feb2025 04:53:00.134] [main/WARN] [dev.architectury.registry.registries.forge.RegistrarManagerImpl/]: Registry entry listened Registry Entry [minecraft:item / biomemakeover:lime_terracotta_brick_slab] was not realized!
[26Feb2025 04:53:00.134] [main/WARN] [dev.architectury.registry.registries.forge.RegistrarManagerImpl/]: Registry entry listened Registry Entry [minecraft:item / biomemakeover:red_terracotta_bricks] was not realized!
[26Feb2025 04:53:00.134] [main/WARN] [dev.architectury.registry.registries.forge.RegistrarManagerImpl/]: Registry entry listened Registry Entry [minecraft:item / biomemakeover:orange_terracotta_brick_wall] was not realized!
[26Feb2025 04:53:00.134] [main/WARN] [dev.architectury.registry.registries.forge.RegistrarManagerImpl/]: Registry entry listened Registry Entry [minecraft:item / biomemakeover:blighted_balsa_leaves] was not realized!
[26Feb2025 04:53:00.134] [main/WARN] [dev.architectury.registry.registries.forge.RegistrarManagerImpl/]: Registry entry listened Registry Entry [minecraft:item / biomemakeover:cowboy_spawn_egg] was not realized!
[26Feb2025 04:53:00.134] [main/WARN] [dev.architectury.registry.registries.forge.RegistrarManagerImpl/]: Registry entry listened Registry Entry [minecraft:item / biomemakeover:mossy_dried_peat_brick_slab] was not realized!
[26Feb2025 04:53:00.134] [main/WARN] [dev.architectury.registry.registries.forge.RegistrarManagerImpl/]: Registry entry listened Registry Entry [minecraft:item / biomemakeover:willow_wood] was not realized!
[26Feb2025 04:53:00.134] [main/WARN] [dev.architectury.registry.registries.forge.RegistrarManagerImpl/]: Registry entry listened Registry Entry [minecraft:item / biomemakeover:gray_terracotta_brick_slab] was not realized!
[26Feb2025 04:53:00.134] [main/WARN] [dev.architectury.registry.registries.forge.RegistrarManagerImpl/]: Registry entry listened Registry Entry [minecraft:item / biomemakeover:lightning_bug_bottle] was not realized!
[26Feb2025 04:53:00.134] [main/WARN] [dev.architectury.registry.registries.forge.RegistrarManagerImpl/]: Registry entry listened Registry Entry [minecraft:item / biomemakeover:yellow_terracotta_bricks] was not realized!
[26Feb2025 04:53:00.134] [main/WARN] [dev.architectury.registry.registries.forge.RegistrarManagerImpl/]: Registry entry listened Registry Entry [minecraft:item / biomemakeover:purple_glowshroom_brick_slab] was not realized!
[26Feb2025 04:53:00.134] [main/WARN] [dev.architectury.registry.registries.forge.RegistrarManagerImpl/]: Registry entry listened Registry Entry [minecraft:item / biomemakeover:mushroom_stem_brick_wall] was not realized!
[26Feb2025 04:53:00.134] [main/WARN] [dev.architectury.registry.registries.forge.RegistrarManagerImpl/]: Registry entry listened Registry Entry [minecraft:item / biomemakeover:cracked_dried_peat_bricks] was not realized!
[26Feb2025 04:53:00.135] [main/WARN] [dev.architectury.registry.registries.forge.RegistrarManagerImpl/]: Registry entry listened Registry Entry [minecraft:item / biomemakeover:crude_fragment] was not realized!
[26Feb2025 04:53:00.135] [main/WARN] [dev.architectury.registry.registries.forge.RegistrarManagerImpl/]: Registry entry listened Registry Entry [minecraft:item / biomemakeover:stripped_swamp_cypress_log] was not realized!
[26Feb2025 04:53:00.135] [main/WARN] [dev.architectury.registry.registries.forge.RegistrarManagerImpl/]: Registry entry listened Registry Entry [minecraft:item / biomemakeover:swamp_cypress_wood] was not realized!
[26Feb2025 04:53:00.135] [main/WARN] [dev.architectury.registry.registries.forge.RegistrarManagerImpl/]: Registry entry listened Registry Entry [minecraft:item / biomemakeover:ancient_oak_sapling] was not realized!
[26Feb2025 04:53:00.135] [main/WARN] [dev.architectury.registry.registries.forge.RegistrarManagerImpl/]: Registry entry listened Registry Entry [minecraft:item / biomemakeover:barrel_cactus] was not realized!
[26Feb2025 04:53:00.135] [main/WARN] [dev.architectury.registry.registries.forge.RegistrarManagerImpl/]: Registry entry listened Registry Entry [minecraft:item / biomemakeover:adjudicator_tapestry] was not realized!
[26Feb2025 04:53:00.135] [main/WARN] [dev.architectury.registry.registries.forge.RegistrarManagerImpl/]: Registry entry listened Registry Entry [minecraft:item / biomemakeover:dragonfly_wings] was not realized!
[26Feb2025 04:53:00.135] [main/WARN] [dev.architectury.registry.registries.forge.RegistrarManagerImpl/]: Registry entry listened Registry Entry [minecraft:item / biomemakeover:blighted_stone_bricks_stairs] was not realized!
[26Feb2025 04:53:00.135] [main/WARN] [dev.architectury.registry.registries.forge.RegistrarManagerImpl/]: Registry entry listened Registry Entry [minecraft:item / biomemakeover:polished_mesmerite_slab] was not realized!
[26Feb2025 04:53:00.135] [main/WARN] [dev.architectury.registry.registries.forge.RegistrarManagerImpl/]: Registry entry listened Registry Entry [minecraft:item / biomemakeover:raw_toad] was not realized!
[26Feb2025 04:53:00.135] [main/WARN] [dev.architectury.registry.registries.forge.RegistrarManagerImpl/]: Registry entry listened Registry Entry [minecraft:item / biomemakeover:orange_terracotta_brick_stairs] was not realized!
[26Feb2025 04:53:00.135] [main/WARN] [dev.architectury.registry.registries.forge.RegistrarManagerImpl/]: Registry entry listened Registry Entry [minecraft:item / biomemakeover:lightning_bottle] was not realized!
[26Feb2025 04:53:00.135] [main/WARN] [dev.architectury.registry.registries.forge.RegistrarManagerImpl/]: Registry entry listened Registry Entry [minecraft:item / biomemakeover:brown_mushroom_brick_stairs] was not realized!
[26Feb2025 04:53:00.135] [main/WARN] [dev.architectury.registry.registries.forge.RegistrarManagerImpl/]: Registry entry listened Registry Entry [minecraft:item / biomemakeover:white_terracotta_brick_stairs] was not realized!
[26Feb2025 04:53:00.136] [main/WARN] [dev.architectury.registry.registries.forge.RegistrarManagerImpl/]: Registry entry listened Registry Entry [minecraft:item / biomemakeover:willow_fence] was not realized!
[26Feb2025 04:53:00.136] [main/WARN] [dev.architectury.registry.registries.forge.RegistrarManagerImpl/]: Registry entry listened Registry Entry [minecraft:item / biomemakeover:cladded_helmet] was not realized!
[26Feb2025 04:53:00.136] [main/WARN] [dev.architectury.registry.registries.forge.RegistrarManagerImpl/]: Registry entry listened Registry Entry [minecraft:item / biomemakeover:stripped_swamp_cypress_wood] was not realized!
[26Feb2025 04:53:00.136] [main/WARN] [dev.architectury.registry.registries.forge.RegistrarManagerImpl/]: Registry entry listened Registry Entry [minecraft:item / biomemakeover:decayed_spawn_egg] was not realized!
[26Feb2025 04:53:00.136] [main/WARN] [dev.architectury.registry.registries.forge.RegistrarManagerImpl/]: Registry entry listened Registry Entry [minecraft:item / biomemakeover:gray_tapestry] was not realized!
[26Feb2025 04:53:00.136] [main/WARN] [dev.architectury.registry.registries.forge.RegistrarManagerImpl/]: Registry entry listened Registry Entry [minecraft:item / biomemakeover:purple_terracotta_brick_wall] was not realized!
[26Feb2025 04:53:00.136] [main/WARN] [dev.architectury.registry.registries.forge.RegistrarManagerImpl/]: Registry entry listened Registry Entry [minecraft:item / biomemakeover:blighted_stone_bricks_slab] was not realized!
[26Feb2025 04:53:00.136] [main/WARN] [dev.architectury.registry.registries.forge.RegistrarManagerImpl/]: Registry entry listened Registry Entry [minecraft:item / biomemakeover:ghost_town_music_disk] was not realized!
[26Feb2025 04:53:00.136] [main/WARN] [dev.architectury.registry.registries.forge.RegistrarManagerImpl/]: Registry entry listened Registry Entry [minecraft:item / biomemakeover:glowshroom_stem_brick_slab] was not realized!
[26Feb2025 04:53:00.136] [main/WARN] [dev.architectury.registry.registries.forge.RegistrarManagerImpl/]: Registry entry listened Registry Entry [minecraft:item / biomemakeover:green_glowshroom_brick_slab] was not realized!
[26Feb2025 04:53:00.136] [main/WARN] [dev.architectury.registry.registries.forge.RegistrarManagerImpl/]: Registry entry listened Registry Entry [minecraft:item / biomemakeover:cyan_tapestry] was not realized!
[26Feb2025 04:53:00.136] [main/WARN] [dev.architectury.registry.registries.forge.RegistrarManagerImpl/]: Registry entry listened Registry Entry [minecraft:item / biomemakeover:purple_glowshroom_brick_stairs] was not realized!
[26Feb2025 04:53:00.452] [main/WARN] [dev.architectury.registry.registries.forge.RegistrarManagerImpl/]: Registry entry listened Registry Entry [minecraft:item / biomemakeover:blighted_balsa_trapdoor] was not realized!
[26Feb2025 04:53:00.452] [main/WARN] [dev.architectury.registry.registries.forge.RegistrarManagerImpl/]: Registry entry listened Registry Entry [minecraft:item / biomemakeover:white_terracotta_bricks] was not realized!
[26Feb2025 04:53:00.452] [main/WARN] [dev.architectury.registry.registries.forge.RegistrarManagerImpl/]: Registry entry listened Registry Entry [minecraft:item / biomemakeover:scuttler_spawn_egg] was not realized!
[26Feb2025 04:53:00.452] [main/WARN] [dev.architectury.registry.registries.forge.RegistrarManagerImpl/]: Registry entry listened Registry Entry [minecraft:item / biomemakeover:mushroom_stem_brick_slab] was not realized!
[26Feb2025 04:53:00.452] [main/WARN] [dev.architectury.registry.registries.forge.RegistrarManagerImpl/]: Registry entry listened Registry Entry [minecraft:item / biomemakeover:mossy_dried_peat_brick_stairs] was not realized!
[26Feb2025 04:53:00.452] [main/WARN] [dev.architectury.registry.registries.forge.RegistrarManagerImpl/]: Registry entry listened Registry Entry [minecraft:item / biomemakeover:cooked_toad] was not realized!
[26Feb2025 04:53:00.452] [main/WARN] [dev.architectury.registry.registries.forge.RegistrarManagerImpl/]: Registry entry listened Registry Entry [minecraft:item / biomemakeover:cladded_chestplate] was not realized!
[26Feb2025 04:53:00.453] [main/WARN] [dev.architectury.registry.registries.forge.RegistrarManagerImpl/]: Registry entry listened Registry Entry [minecraft:item / biomemakeover:stunt_powder] was not realized!
[26Feb2025 04:53:00.453] [main/WARN] [dev.architectury.registry.registries.forge.RegistrarManagerImpl/]: Registry entry listened Registry Entry [minecraft:item / biomemakeover:light_gray_terracotta_brick_wall] was not realized!
[26Feb2025 04:53:00.453] [main/WARN] [dev.architectury.registry.registries.forge.RegistrarManagerImpl/]: Registry entry listened Registry Entry [minecraft:item / biomemakeover:cyan_terracotta_brick_wall] was not realized!
[26Feb2025 04:53:00.453] [main/WARN] [dev.architectury.registry.registries.forge.RegistrarManagerImpl/]: Registry entry listened Registry Entry [minecraft:item / biomemakeover:brown_mushroom_brick_wall] was not realized!
[26Feb2025 04:53:00.453] [main/WARN] [dev.architectury.registry.registries.forge.RegistrarManagerImpl/]: Registry entry listened Registry Entry [minecraft:item / biomemakeover:purple_terracotta_bricks] was not realized!
[26Feb2025 04:53:00.453] [main/WARN] [dev.architectury.registry.registries.forge.RegistrarManagerImpl/]: Registry entry listened Registry Entry [minecraft:item / biomemakeover:willow_stairs] was not realized!
[26Feb2025 04:53:00.453] [main/WARN] [dev.architectury.registry.registries.forge.RegistrarManagerImpl/]: Registry entry listened Registry Entry [minecraft:item / biomemakeover:orange_terracotta_brick_slab] was not realized!
[26Feb2025 04:53:00.453] [main/WARN] [dev.architectury.registry.registries.forge.RegistrarManagerImpl/]: Registry entry listened Registry Entry [minecraft:item / biomemakeover:green_terracotta_brick_wall] was not realized!
[26Feb2025 04:53:00.453] [main/WARN] [dev.architectury.registry.registries.forge.RegistrarManagerImpl/]: Registry entry listened Registry Entry [minecraft:item / biomemakeover:glowshroom_stem_brick_stairs] was not realized!
[26Feb2025 04:53:00.453] [main/WARN] [dev.architectury.registry.registries.forge.RegistrarManagerImpl/]: Registry entry listened Registry Entry [minecraft:item / biomemakeover:red_mushroom_brick_stairs] was not realized!
[26Feb2025 04:53:00.453] [main/WARN] [dev.architectury.registry.registries.forge.RegistrarManagerImpl/]: Registry entry listened Registry Entry [minecraft:item / biomemakeover:bat_wing] was not realized!
[26Feb2025 04:53:00.453] [main/WARN] [dev.architectury.registry.registries.forge.RegistrarManagerImpl/]: Registry entry listened Registry Entry [minecraft:item / biomemakeover:dried_peat_bricks] was not realized!
[26Feb2025 04:53:00.454] [main/WARN] [dev.architectury.registry.registries.forge.RegistrarManagerImpl/]: Registry entry listened Registry Entry [minecraft:item / biomemakeover:swamp_jives_music_disk] was not realized!
[26Feb2025 04:53:00.454] [main/WARN] [dev.architectury.registry.registries.forge.RegistrarManagerImpl/]: Registry entry listened Registry Entry [minecraft:item / biomemakeover:marigold] was not realized!
[26Feb2025 04:53:00.454] [main/WARN] [dev.architectury.registry.registries.forge.RegistrarManagerImpl/]: Registry entry listened Registry Entry [minecraft:item / biomemakeover:mushroom_stem_brick] was not realized!
[26Feb2025 04:53:00.454] [main/WARN] [dev.architectury.registry.registries.forge.RegistrarManagerImpl/]: Registry entry listened Registry Entry [minecraft:item / biomemakeover:purple_bud] was not realized!
[26Feb2025 04:53:00.454] [main/WARN] [dev.architectury.registry.registries.forge.RegistrarManagerImpl/]: Registry entry listened Registry Entry [minecraft:item / biomemakeover:refined_pottery_sherd] was not realized!
[26Feb2025 04:53:00.455] [main/WARN] [dev.architectury.registry.registries.forge.RegistrarManagerImpl/]: Registry entry listened Registry Entry [minecraft:item / biomemakeover:ancient_oak_wood] was not realized!
[26Feb2025 04:53:00.455] [main/WARN] [dev.architectury.registry.registries.forge.RegistrarManagerImpl/]: Registry entry listened Registry Entry [minecraft:item / biomemakeover:pink_tapestry] was not realized!
[26Feb2025 04:53:00.455] [main/WARN] [dev.architectury.registry.registries.forge.RegistrarManagerImpl/]: Registry entry listened Registry Entry [minecraft:item / biomemakeover:glowshroom_stem_brick] was not realized!
[26Feb2025 04:53:00.455] [main/WARN] [dev.architectury.registry.registries.forge.RegistrarManagerImpl/]: Registry entry listened Registry Entry [minecraft:item / biomemakeover:swamp_cypress_leaves] was not realized!
[26Feb2025 04:53:00.455] [main/WARN] [dev.architectury.registry.registries.forge.RegistrarManagerImpl/]: Registry entry listened Registry Entry [minecraft:item / biomemakeover:polished_mesmerite_wall] was not realized!
[26Feb2025 04:53:00.455] [main/WARN] [dev.architectury.registry.registries.forge.RegistrarManagerImpl/]: Registry entry listened Registry Entry [minecraft:item / biomemakeover:black_terracotta_brick_stairs] was not realized!
[26Feb2025 04:53:00.455] [main/WARN] [dev.architectury.registry.registries.forge.RegistrarManagerImpl/]: Registry entry listened Registry Entry [minecraft:item / biomemakeover:willow_door] was not realized!
[26Feb2025 04:53:00.455] [main/WARN] [dev.architectury.registry.registries.forge.RegistrarManagerImpl/]: Registry entry listened Registry Entry [minecraft:item / biomemakeover:terracotta_bricks] was not realized!
[26Feb2025 04:53:00.455] [main/WARN] [dev.architectury.registry.registries.forge.RegistrarManagerImpl/]: Registry entry listened Registry Entry [minecraft:item / biomemakeover:mushroom_trader_spawn_egg] was not realized!
[26Feb2025 04:53:00.456] [main/WARN] [dev.architectury.registry.registries.forge.RegistrarManagerImpl/]: Registry entry listened Registry Entry [minecraft:item / biomemakeover:mesmerite_slab] was not realized!
[26Feb2025 04:53:00.456] [main/WARN] [dev.architectury.registry.registries.forge.RegistrarManagerImpl/]: Registry entry listened Registry Entry [minecraft:item / biomemakeover:purple_glowshroom_brick] was not realized!
[26Feb2025 04:53:00.456] [main/WARN] [dev.architectury.registry.registries.forge.RegistrarManagerImpl/]: Registry entry listened Registry Entry [minecraft:item / biomemakeover:green_terracotta_bricks] was not realized!
[26Feb2025 04:53:00.456] [main/WARN] [dev.architectury.registry.registries.forge.RegistrarManagerImpl/]: Registry entry listened Registry Entry [minecraft:item / biomemakeover:directional_data] was not realized!
[26Feb2025 04:53:00.456] [main/WARN] [dev.architectury.registry.registries.forge.RegistrarManagerImpl/]: Registry entry listened Registry Entry [minecraft:item / biomemakeover:reed_thatch_slab] was not realized!
[26Feb2025 04:53:00.457] [main/WARN] [dev.architectury.registry.registries.forge.RegistrarManagerImpl/]: Registry entry listened Registry Entry [minecraft:item / biomemakeover:budding_illunite] was not realized!
[26Feb2025 04:53:00.457] [main/WARN] [dev.architectury.registry.registries.forge.RegistrarManagerImpl/]: Registry entry listened Registry Entry [minecraft:item / biomemakeover:mycelium_sprouts] was not realized!
[26Feb2025 04:53:00.457] [main/WARN] [dev.architectury.registry.registries.forge.RegistrarManagerImpl/]: Registry entry listened Registry Entry [minecraft:item / biomemakeover:willow_trapdoor] was not realized!
[26Feb2025 04:53:00.457] [main/WARN] [dev.architectury.registry.registries.forge.RegistrarManagerImpl/]: Registry entry listened Registry Entry [minecraft:item / biomemakeover:red_terracotta_brick_slab] was not realized!
[26Feb2025 04:53:00.457] [main/WARN] [dev.architectury.registry.registries.forge.RegistrarManagerImpl/]: Registry entry listened Registry Entry [minecraft:item / biomemakeover:swamp_cypress_sapling] was not realized!
[26Feb2025 04:53:00.457] [main/WARN] [dev.architectury.registry.registries.forge.RegistrarManagerImpl/]: Registry entry listened Registry Entry [minecraft:item / biomemakeover:cracked_brick_slab] was not realized!
[26Feb2025 04:53:00.457] [main/WARN] [dev.architectury.registry.registries.forge.RegistrarManagerImpl/]: Registry entry listened Registry Entry [minecraft:item / biomemakeover:witch_hat] was not realized!
[26Feb2025 04:53:00.457] [main/WARN] [dev.architectury.registry.registries.forge.RegistrarManagerImpl/]: Registry entry listened Registry Entry [minecraft:item / biomemakeover:blighted_balsa_stairs] was not realized!
[26Feb2025 04:53:00.457] [main/WARN] [dev.architectury.registry.registries.forge.RegistrarManagerImpl/]: Registry entry listened Registry Entry [minecraft:item / biomemakeover:white_terracotta_brick_slab] was not realized!
[26Feb2025 04:53:00.457] [main/WARN] [dev.architectury.registry.registries.forge.RegistrarManagerImpl/]: Registry entry listened Registry Entry [minecraft:item / biomemakeover:ectoplasm] was not realized!
[26Feb2025 04:53:00.457] [main/WARN] [dev.architectury.registry.registries.forge.RegistrarManagerImpl/]: Registry entry listened Registry Entry [minecraft:item / biomemakeover:light_blue_terracotta_brick_slab] was not realized!
[26Feb2025 04:53:00.458] [main/WARN] [dev.architectury.registry.registries.forge.RegistrarManagerImpl/]: Registry entry listened Registry Entry [minecraft:item / biomemakeover:blighted_cobblestone] was not realized!
[26Feb2025 04:53:00.458] [main/WARN] [dev.architectury.registry.registries.forge.RegistrarManagerImpl/]: Registry entry listened Registry Entry [minecraft:item / biomemakeover:red_mushroom_brick] was not realized!
[26Feb2025 04:53:00.458] [main/WARN] [dev.architectury.registry.registries.forge.RegistrarManagerImpl/]: Registry entry listened Registry Entry [minecraft:item / biomemakeover:blighted_balsa_slab] was not realized!
[26Feb2025 04:53:00.458] [main/WARN] [dev.architectury.registry.registries.forge.RegistrarManagerImpl/]: Registry entry listened Registry Entry [minecraft:item / biomemakeover:crude_cladding_block] was not realized!
[26Feb2025 04:53:00.458] [main/WARN] [dev.architectury.registry.registries.forge.RegistrarManagerImpl/]: Registry entry listened Registry Entry [minecraft:item / biomemakeover:yellow_terracotta_brick_wall] was not realized!
[26Feb2025 04:53:00.458] [main/WARN] [dev.architectury.registry.registries.forge.RegistrarManagerImpl/]: Registry entry listened Registry Entry [minecraft:item / biomemakeover:black_terracotta_brick_slab] was not realized!
[26Feb2025 04:53:00.458] [main/WARN] [dev.architectury.registry.registries.forge.RegistrarManagerImpl/]: Registry entry listened Registry Entry [minecraft:item / biomemakeover:blighted_balsa_pressure_plate] was not realized!
[26Feb2025 04:53:00.458] [main/WARN] [dev.architectury.registry.registries.forge.RegistrarManagerImpl/]: Registry entry listened Registry Entry [minecraft:item / biomemakeover:poltergeist] was not realized!
[26Feb2025 04:53:00.458] [main/WARN] [dev.architectury.registry.registries.forge.RegistrarManagerImpl/]: Registry entry listened Registry Entry [minecraft:item / biomemakeover:yellow_tapestry] was not realized!
[26Feb2025 04:53:00.458] [main/WARN] [dev.architectury.registry.registries.forge.RegistrarManagerImpl/]: Registry entry listened Registry Entry [minecraft:item / biomemakeover:blighted_cobblestone_stairs] was not realized!
[26Feb2025 04:53:00.458] [main/WARN] [dev.architectury.registry.registries.forge.RegistrarManagerImpl/]: Registry entry listened Registry Entry [minecraft:item / biomemakeover:swamp_cypress_door] was not realized!
[26Feb2025 04:53:00.458] [main/WARN] [dev.architectury.registry.registries.forge.RegistrarManagerImpl/]: Registry entry listened Registry Entry [minecraft:item / biomemakeover:mycelium_roots] was not realized!
[26Feb2025 04:53:00.458] [main/WARN] [dev.architectury.registry.registries.forge.RegistrarManagerImpl/]: Registry entry listened Registry Entry [minecraft:item / biomemakeover:red_mushroom_brick_wall] was not realized!
[26Feb2025 04:53:00.459] [main/WARN] [dev.architectury.registry.registries.forge.RegistrarManagerImpl/]: Registry entry listened Registry Entry [minecraft:item / biomemakeover:ancient_oak_planks] was not realized!
[26Feb2025 04:53:00.459] [main/WARN] [dev.architectury.registry.registries.forge.RegistrarManagerImpl/]: Registry entry listened Registry Entry [minecraft:item / biomemakeover:light_gray_tapestry] was not realized!
[26Feb2025 04:53:00.459] [main/WARN] [dev.architectury.registry.registries.forge.RegistrarManagerImpl/]: Registry entry listened Registry Entry [minecraft:item / biomemakeover:dried_peat_bricks_stairs] was not realized!
[26Feb2025 04:53:00.459] [main/WARN] [dev.architectury.registry.registries.forge.RegistrarManagerImpl/]: Registry entry listened Registry Entry [minecraft:item / biomemakeover:large_illunite_bud] was not realized!
[26Feb2025 04:53:00.459] [main/WARN] [dev.architectury.registry.registries.forge.RegistrarManagerImpl/]: Registry entry listened Registry Entry [minecraft:item / biomemakeover:magenta_bud] was not realized!
[26Feb2025 04:53:00.459] [main/WARN] [dev.architectury.registry.registries.forge.RegistrarManagerImpl/]: Registry entry listened Registry Entry [minecraft:item / biomemakeover:cattail] was not realized!
[26Feb2025 04:53:00.459] [main/WARN] [dev.architectury.registry.registries.forge.RegistrarManagerImpl/]: Registry entry listened Registry Entry [minecraft:item / biomemakeover:cracked_dried_peat_brick_slab] was not realized!
[26Feb2025 04:53:00.459] [main/WARN] [dev.architectury.registry.registries.forge.RegistrarManagerImpl/]: Registry entry listened Registry Entry [minecraft:item / biomemakeover:red_rose_music_disk] was not realized!
[26Feb2025 04:53:00.459] [main/WARN] [dev.architectury.registry.registries.forge.RegistrarManagerImpl/]: Registry entry listened Registry Entry [minecraft:item / biomemakeover:magenta_terracotta_brick_slab] was not realized!
[26Feb2025 04:53:00.459] [main/WARN] [dev.architectury.registry.registries.forge.RegistrarManagerImpl/]: Registry entry listened Registry Entry [minecraft:item / biomemakeover:pink_terracotta_bricks] was not realized!
[26Feb2025 04:53:00.459] [main/WARN] [dev.architectury.registry.registries.forge.RegistrarManagerImpl/]: Registry entry listened Registry Entry [minecraft:item / biomemakeover:willow_slab] was not realized!
[26Feb2025 04:53:00.459] [main/WARN] [dev.architectury.registry.registries.forge.RegistrarManagerImpl/]: Registry entry listened Registry Entry [minecraft:item / biomemakeover:blue_terracotta_brick_slab] was not realized!
[26Feb2025 04:53:00.459] [main/WARN] [dev.architectury.registry.registries.forge.RegistrarManagerImpl/]: Registry entry listened Registry Entry [minecraft:item / biomemakeover:medium_illunite_bud] was not realized!
[26Feb2025 04:53:00.460] [main/WARN] [dev.architectury.registry.registries.forge.RegistrarManagerImpl/]: Registry entry listened Registry Entry [minecraft:item / biomemakeover:ancient_oak_fence] was not realized!
[26Feb2025 04:53:00.460] [main/WARN] [dev.architectury.registry.registries.forge.RegistrarManagerImpl/]: Registry entry listened Registry Entry [minecraft:item / biomemakeover:terracotta_brick_wall] was not realized!
[26Feb2025 04:53:00.460] [main/WARN] [dev.architectury.registry.registries.forge.RegistrarManagerImpl/]: Registry entry listened Registry Entry [minecraft:item / biomemakeover:moth_spawn_egg] was not realized!
[26Feb2025 04:53:00.460] [main/WARN] [dev.architectury.registry.registries.forge.RegistrarManagerImpl/]: Registry entry listened Registry Entry [minecraft:item / biomemakeover:pink_terracotta_brick_wall] was not realized!
[26Feb2025 04:53:00.460] [main/WARN] [dev.architectury.registry.registries.forge.RegistrarManagerImpl/]: Registry entry listened Registry Entry [minecraft:item / biomemakeover:roasted_bulbus_root] was not realized!
[26Feb2025 04:53:00.460] [main/WARN] [dev.architectury.registry.registries.forge.RegistrarManagerImpl/]: Registry entry listened Registry Entry [minecraft:item / biomemakeover:stripped_willow_log] was not realized!
[26Feb2025 04:53:00.460] [main/WARN] [dev.architectury.registry.registries.forge.RegistrarManagerImpl/]: Registry entry listened Registry Entry [minecraft:item / biomemakeover:dragonfly_spawn_egg] was not realized!
[26Feb2025 04:53:00.460] [main/WARN] [dev.architectury.registry.registries.forge.RegistrarManagerImpl/]: Registry entry listened Registry Entry [minecraft:item / biomemakeover:blue_terracotta_bricks] was not realized!
[26Feb2025 04:53:00.460] [main/WARN] [dev.architectury.registry.registries.forge.RegistrarManagerImpl/]: Registry entry listened Registry Entry [minecraft:item / biomemakeover:stripped_ancient_oak_wood] was not realized!
[26Feb2025 04:53:00.460] [main/WARN] [dev.architectury.registry.registries.forge.RegistrarManagerImpl/]: Registry entry listened Registry Entry [minecraft:item / biomemakeover:willow_log] was not realized!
[26Feb2025 04:53:00.460] [main/WARN] [dev.architectury.registry.registries.forge.RegistrarManagerImpl/]: Registry entry listened Registry Entry [minecraft:item / biomemakeover:blighted_cobblestone_wall] was not realized!
[26Feb2025 04:53:00.461] [main/WARN] [dev.architectury.registry.registries.forge.RegistrarManagerImpl/]: Registry entry listened Registry Entry [minecraft:item / biomemakeover:purple_tapestry] was not realized!
[26Feb2025 04:53:00.461] [main/WARN] [dev.architectury.registry.registries.forge.RegistrarManagerImpl/]: Registry entry listened Registry Entry [minecraft:item / biomemakeover:brown_bud] was not realized!
[26Feb2025 04:53:00.463] [main/WARN] [dev.architectury.registry.registries.forge.RegistrarManagerImpl/]: Registry entry listened Registry Entry [minecraft:item / biomemakeover:blighted_balsa_log] was not realized!
[26Feb2025 04:53:00.464] [main/WARN] [dev.architectury.registry.registries.forge.RegistrarManagerImpl/]: Registry entry listened Registry Entry [minecraft:item / biomemakeover:green_glowshroom_brick] was not realized!
[26Feb2025 04:53:00.464] [main/WARN] [dev.architectury.registry.registries.forge.RegistrarManagerImpl/]: Registry entry listened Registry Entry [minecraft:item / biomemakeover:orange_terracotta_bricks] was not realized!
[26Feb2025 04:53:00.464] [main/WARN] [dev.architectury.registry.registries.forge.RegistrarManagerImpl/]: Registry entry listened Registry Entry [minecraft:item / biomemakeover:blighted_balsa_wood] was not realized!
[26Feb2025 04:53:00.464] [main/WARN] [dev.architectury.registry.registries.forge.RegistrarManagerImpl/]: Registry entry listened Registry Entry [minecraft:item / biomemakeover:black_thistle] was not realized!
[26Feb2025 04:53:00.464] [main/WARN] [dev.architectury.registry.registries.forge.RegistrarManagerImpl/]: Registry entry listened Registry Entry [minecraft:item / biomemakeover:owl_spawn_egg] was not realized!
[26Feb2025 04:53:00.464] [main/WARN] [dev.architectury.registry.registries.forge.RegistrarManagerImpl/]: Registry entry listened Registry Entry [minecraft:item / biomemakeover:green_glowshroom_brick_stairs] was not realized!
[26Feb2025 04:53:00.464] [main/WARN] [dev.architectury.registry.registries.forge.RegistrarManagerImpl/]: Registry entry listened Registry Entry [minecraft:item / biomemakeover:black_terracotta_brick_wall] was not realized!
[26Feb2025 04:53:00.464] [main/WARN] [dev.architectury.registry.registries.forge.RegistrarManagerImpl/]: Registry entry listened Registry Entry [minecraft:item / biomemakeover:gray_terracotta_brick_wall] was not realized!
[26Feb2025 04:53:00.464] [main/WARN] [dev.architectury.registry.registries.forge.RegistrarManagerImpl/]: Registry entry listened Registry Entry [minecraft:item / biomemakeover:glowfish_spawn_egg] was not realized!
[26Feb2025 04:53:00.464] [main/WARN] [dev.architectury.registry.registries.forge.RegistrarManagerImpl/]: Registry entry listened Registry Entry [minecraft:item / biomemakeover:lime_terracotta_brick_stairs] was not realized!
[26Feb2025 04:53:00.464] [main/WARN] [dev.architectury.registry.registries.forge.RegistrarManagerImpl/]: Registry entry listened Registry Entry [minecraft:item / biomemakeover:purple_glowshroom_brick_wall] was not realized!
[26Feb2025 04:53:00.464] [main/WARN] [dev.architectury.registry.registries.forge.RegistrarManagerImpl/]: Registry entry listened Registry Entry [minecraft:item / biomemakeover:swamp_cypress_slab] was not realized!
[26Feb2025 04:53:00.464] [main/WARN] [dev.architectury.registry.registries.forge.RegistrarManagerImpl/]: Registry entry listened Registry Entry [minecraft:item / biomemakeover:ancient_oak_button] was not realized!
[26Feb2025 04:53:00.464] [main/WARN] [dev.architectury.registry.registries.forge.RegistrarManagerImpl/]: Registry entry listened Registry Entry [minecraft:item / biomemakeover:ancient_oak_stairs] was not realized!
[26Feb2025 04:53:00.464] [main/WARN] [dev.architectury.registry.registries.forge.RegistrarManagerImpl/]: Registry entry listened Registry Entry [minecraft:item / biomemakeover:reed_thatch] was not realized!
[26Feb2025 04:53:00.464] [main/WARN] [dev.architectury.registry.registries.forge.RegistrarManagerImpl/]: Registry entry listened Registry Entry [minecraft:item / biomemakeover:yellow_terracotta_brick_stairs] was not realized!
[26Feb2025 04:53:00.464] [main/WARN] [dev.architectury.registry.registries.forge.RegistrarManagerImpl/]: Registry entry listened Registry Entry [minecraft:item / biomemakeover:orange_tapestry] was not realized!
[26Feb2025 04:53:00.465] [main/WARN] [dev.architectury.registry.registries.forge.RegistrarManagerImpl/]: Registry entry listened Registry Entry [minecraft:item / biomemakeover:glowfish] was not realized!
[26Feb2025 04:53:00.465] [main/WARN] [dev.architectury.registry.registries.forge.RegistrarManagerImpl/]: Registry entry listened Registry Entry [minecraft:item / biomemakeover:green_glowshroom_brick_wall] was not realized!
[26Feb2025 04:53:00.465] [main/WARN] [dev.architectury.registry.registries.forge.RegistrarManagerImpl/]: Registry entry listened Registry Entry [minecraft:item / biomemakeover:altar] was not realized!
[26Feb2025 04:53:00.466] [main/WARN] [dev.architectury.registry.registries.forge.RegistrarManagerImpl/]: Registry entry listened Registry Entry [minecraft:item / biomemakeover:willowing_branches] was not realized!
[26Feb2025 04:53:00.466] [main/WARN] [dev.architectury.registry.registries.forge.RegistrarManagerImpl/]: Registry entry listened Registry Entry [minecraft:item / biomemakeover:enchanted_totem] was not realized!
[26Feb2025 04:53:00.466] [main/WARN] [dev.architectury.registry.registries.forge.RegistrarManagerImpl/]: Registry entry listened Registry Entry [minecraft:item / biomemakeover:pink_terracotta_brick_stairs] was not realized!
[26Feb2025 04:53:00.466] [main/WARN] [dev.architectury.registry.registries.forge.RegistrarManagerImpl/]: Registry entry listened Registry Entry [minecraft:item / biomemakeover:black_terracotta_bricks] was not realized!
[26Feb2025 04:53:00.466] [main/WARN] [dev.architectury.registry.registries.forge.RegistrarManagerImpl/]: Registry entry listened Registry Entry [minecraft:item / biomemakeover:ancient_oak_door] was not realized!
[26Feb2025 04:53:00.466] [main/WARN] [dev.architectury.registry.registries.forge.RegistrarManagerImpl/]: Registry entry listened Registry Entry [minecraft:item / biomemakeover:light_blue_bud] was not realized!
[26Feb2025 04:53:00.466] [main/WARN] [dev.architectury.registry.registries.forge.RegistrarManagerImpl/]: Registry entry listened Registry Entry [minecraft:item / biomemakeover:stripped_blighted_balsa_log] was not realized!
[26Feb2025 04:53:00.466] [main/WARN] [dev.architectury.registry.registries.forge.RegistrarManagerImpl/]: Registry entry listened Registry Entry [minecraft:item / biomemakeover:willow_pressure_plate] was not realized!
[26Feb2025 04:53:00.466] [main/WARN] [dev.architectury.registry.registries.forge.RegistrarManagerImpl/]: Registry entry listened Registry Entry [minecraft:item / biomemakeover:tall_brown_mushroom] was not realized!
[26Feb2025 04:53:00.467] [main/WARN] [dev.architectury.registry.registries.forge.RegistrarManagerImpl/]: Registry entry listened Registry Entry [minecraft:item / biomemakeover:blue_tapestry] was not realized!
[26Feb2025 04:53:00.467] [main/WARN] [dev.architectury.registry.registries.forge.RegistrarManagerImpl/]: Registry entry listened Registry Entry [minecraft:item / biomemakeover:peat] was not realized!
[26Feb2025 04:53:00.467] [main/WARN] [dev.architectury.registry.registries.forge.RegistrarManagerImpl/]: Registry entry listened Registry Entry [minecraft:item / biomemakeover:light_gray_terracotta_brick_slab] was not realized!
[26Feb2025 04:53:00.467] [main/WARN] [dev.architectury.registry.registries.forge.RegistrarManagerImpl/]: Registry entry listened Registry Entry [minecraft:item / biomemakeover:toad_spawn_egg] was not realized!
[26Feb2025 04:53:00.467] [main/WARN] [dev.architectury.registry.registries.forge.RegistrarManagerImpl/]: Registry entry listened Registry Entry [minecraft:item / biomemakeover:gray_bud] was not realized!
[26Feb2025 04:53:00.467] [main/WARN] [dev.architectury.registry.registries.forge.RegistrarManagerImpl/]: Registry entry listened Registry Entry [minecraft:item / biomemakeover:suspicious_red_sand] was not realized!
[26Feb2025 04:53:00.467] [main/WARN] [dev.architectury.registry.registries.forge.RegistrarManagerImpl/]: Registry entry listened Registry Entry [minecraft:item / biomemakeover:cracked_brick_wall] was not realized!
[26Feb2025 04:53:00.467] [main/WARN] [dev.architectury.registry.registries.forge.RegistrarManagerImpl/]: Registry entry listened Registry Entry [minecraft:item / biomemakeover:worker_pottery_sherd] was not realized!
[26Feb2025 04:53:00.468] [main/WARN] [dev.architectury.registry.registries.forge.RegistrarManagerImpl/]: Registry entry listened Registry Entry [minecraft:item / biomemakeover:illunite_shard] was not realized!
[26Feb2025 04:53:00.468] [main/WARN] [dev.architectury.registry.registries.forge.RegistrarManagerImpl/]: Registry entry listened Registry Entry [minecraft:item / biomemakeover:crude_cladding] was not realized!
[26Feb2025 04:53:00.468] [main/WARN] [dev.architectury.registry.registries.forge.RegistrarManagerImpl/]: Registry entry listened Registry Entry [minecraft:item / biomemakeover:lime_terracotta_brick_wall] was not realized!
[26Feb2025 04:53:00.468] [main/WARN] [dev.architectury.registry.registries.forge.RegistrarManagerImpl/]: Registry entry listened Registry Entry [minecraft:item / biomemakeover:glowshroom_stem_brick_wall] was not realized!
[26Feb2025 04:53:00.468] [main/WARN] [dev.architectury.registry.registries.forge.RegistrarManagerImpl/]: Registry entry listened Registry Entry [minecraft:item / biomemakeover:orange_glowshroom_brick_wall] was not realized!
[26Feb2025 04:53:00.468] [main/WARN] [dev.architectury.registry.registries.forge.RegistrarManagerImpl/]: Registry entry listened Registry Entry [minecraft:item / biomemakeover:saguaro_cactus] was not realized!
[26Feb2025 04:53:00.468] [main/WARN] [dev.architectury.registry.registries.forge.RegistrarManagerImpl/]: Registry entry listened Registry Entry [minecraft:item / biomemakeover:magenta_tapestry] was not realized!
[26Feb2025 04:53:00.468] [main/WARN] [dev.architectury.registry.registries.forge.RegistrarManagerImpl/]: Registry entry listened Registry Entry [minecraft:item / biomemakeover:orange_glowshroom_block] was not realized!
[26Feb2025 04:53:00.468] [main/WARN] [dev.architectury.registry.registries.forge.RegistrarManagerImpl/]: Registry entry listened Registry Entry [minecraft:item / biomemakeover:swamp_cypress_pressure_plate] was not realized!
[26Feb2025 04:53:00.468] [main/WARN] [dev.architectury.registry.registries.forge.RegistrarManagerImpl/]: Registry entry listened Registry Entry [minecraft:item / biomemakeover:tadpole_bucket] was not realized!
[26Feb2025 04:53:00.468] [main/WARN] [dev.architectury.registry.registries.forge.RegistrarManagerImpl/]: Registry entry listened Registry Entry [minecraft:item / biomemakeover:brown_terracotta_brick_stairs] was not realized!
[26Feb2025 04:53:00.468] [main/WARN] [dev.architectury.registry.registries.forge.RegistrarManagerImpl/]: Registry entry listened Registry Entry [minecraft:item / biomemakeover:cracked_brick_stairs] was not realized!
[26Feb2025 04:53:00.469] [main/WARN] [dev.architectury.registry.registries.forge.RegistrarManagerImpl/]: Registry entry listened Registry Entry [minecraft:item / biomemakeover:dried_peat_bricks_wall] was not realized!
[26Feb2025 04:53:00.469] [main/WARN] [dev.architectury.registry.registries.forge.RegistrarManagerImpl/]: Registry entry listened Registry Entry [minecraft:item / biomemakeover:gray_terracotta_bricks] was not realized!
[26Feb2025 04:53:00.469] [main/WARN] [dev.architectury.registry.registries.forge.RegistrarManagerImpl/]: Registry entry listened Registry Entry [minecraft:item / biomemakeover:rootling_seeds] was not realized!
[26Feb2025 04:53:00.469] [main/WARN] [dev.architectury.registry.registries.forge.RegistrarManagerImpl/]: Registry entry listened Registry Entry [minecraft:item / biomemakeover:willow_planks] was not realized!
[26Feb2025 04:53:00.469] [main/WARN] [dev.architectury.registry.registries.forge.RegistrarManagerImpl/]: Registry entry listened Registry Entry [minecraft:item / biomemakeover:cyan_terracotta_bricks] was not realized!
[26Feb2025 04:53:00.469] [main/WARN] [dev.architectury.registry.registries.forge.RegistrarManagerImpl/]: Registry entry listened Registry Entry [minecraft:item / biomemakeover:stripped_willow_wood] was not realized!
[26Feb2025 04:53:00.469] [main/WARN] [dev.architectury.registry.registries.forge.RegistrarManagerImpl/]: Registry entry listened Registry Entry [minecraft:item / biomemakeover:ghost_spawn_egg] was not realized!
[26Feb2025 04:53:00.469] [main/WARN] [dev.architectury.registry.registries.forge.RegistrarManagerImpl/]: Registry entry listened Registry Entry [minecraft:item / biomemakeover:cowboy_hat] was not realized!
[26Feb2025 04:53:00.469] [main/WARN] [dev.architectury.registry.registries.forge.RegistrarManagerImpl/]: Registry entry listened Registry Entry [minecraft:item / biomemakeover:cracked_dried_peat_brick_stairs] was not realized!
[26Feb2025 04:53:00.469] [main/WARN] [dev.architectury.registry.registries.forge.RegistrarManagerImpl/]: Registry entry listened Registry Entry [minecraft:item / biomemakeover:tadpole_spawn_egg] was not realized!
[26Feb2025 04:53:00.469] [main/WARN] [dev.architectury.registry.registries.forge.RegistrarManagerImpl/]: Registry entry listened Registry Entry [minecraft:item / biomemakeover:illunite_block] was not realized!
[26Feb2025 04:53:00.469] [main/WARN] [dev.architectury.registry.registries.forge.RegistrarManagerImpl/]: Registry entry listened Registry Entry [minecraft:item / biomemakeover:green_terracotta_brick_slab] was not realized!
[26Feb2025 04:53:00.470] [main/WARN] [dev.architectury.registry.registries.forge.RegistrarManagerImpl/]: Registry entry listened Registry Entry [minecraft:item / biomemakeover:bulbus_root] was not realized!
[26Feb2025 04:53:00.470] [main/WARN] [dev.architectury.registry.registries.forge.RegistrarManagerImpl/]: Registry entry listened Registry Entry [minecraft:item / biomemakeover:green_glowshroom_block] was not realized!
[26Feb2025 04:53:00.470] [main/WARN] [dev.architectury.registry.registries.forge.RegistrarManagerImpl/]: Registry entry listened Registry Entry [minecraft:item / biomemakeover:willow_sapling] was not realized!
[26Feb2025 04:53:00.470] [main/WARN] [dev.architectury.registry.registries.forge.RegistrarManagerImpl/]: Registry entry listened Registry Entry [minecraft:item / biomemakeover:mossy_peat] was not realized!
[26Feb2025 04:53:00.470] [main/WARN] [dev.architectury.registry.registries.forge.RegistrarManagerImpl/]: Registry entry listened Registry Entry [minecraft:item / biomemakeover:mossy_dried_peat_brick_wall] was not realized!
[26Feb2025 04:53:00.470] [main/WARN] [dev.architectury.registry.registries.forge.RegistrarManagerImpl/]: Registry entry listened Registry Entry [minecraft:item / biomemakeover:glowshroom_stem] was not realized!
[26Feb2025 04:53:00.470] [main/WARN] [dev.architectury.registry.registries.forge.RegistrarManagerImpl/]: Registry entry listened Registry Entry [minecraft:item / biomemakeover:reed_thatch_stairs] was not realized!
[26Feb2025 04:53:00.470] [main/WARN] [dev.architectury.registry.registries.forge.RegistrarManagerImpl/]: Registry entry listened Registry Entry [minecraft:item / biomemakeover:stripped_ancient_oak_log] was not realized!
[26Feb2025 04:53:00.471] [main/WARN] [dev.architectury.registry.registries.forge.RegistrarManagerImpl/]: Registry entry listened Registry Entry [minecraft:item / biomemakeover:mossy_dried_peat_bricks] was not realized!
[26Feb2025 04:53:00.471] [main/WARN] [dev.architectury.registry.registries.forge.RegistrarManagerImpl/]: Registry entry listened Registry Entry [minecraft:item / biomemakeover:orange_glowshroom_brick] was not realized!
[26Feb2025 04:53:00.471] [main/WARN] [dev.architectury.registry.registries.forge.RegistrarManagerImpl/]: Registry entry listened Registry Entry [minecraft:item / biomemakeover:swamp_cypress_fence_gate] was not realized!
[26Feb2025 04:53:00.471] [main/WARN] [dev.architectury.registry.registries.forge.RegistrarManagerImpl/]: Registry entry listened Registry Entry [minecraft:item / biomemakeover:purple_glowshroom_block] was not realized!
[26Feb2025 04:53:00.471] [main/WARN] [dev.architectury.registry.registries.forge.RegistrarManagerImpl/]: Registry entry listened Registry Entry [minecraft:item / biomemakeover:cladding_upgrade_smithing_template] was not realized!
[26Feb2025 04:53:00.471] [main/WARN] [dev.architectury.registry.registries.forge.RegistrarManagerImpl/]: Registry entry listened Registry Entry [minecraft:item / biomemakeover:blue_terracotta_brick_stairs] was not realized!
[26Feb2025 04:53:00.471] [main/WARN] [dev.architectury.registry.registries.forge.RegistrarManagerImpl/]: Registry entry listened Registry Entry [minecraft:item / biomemakeover:light_blue_terracotta_bricks] was not realized!
[26Feb2025 04:53:00.471] [main/WARN] [dev.architectury.registry.registries.forge.RegistrarManagerImpl/]: Registry entry listened Registry Entry [minecraft:item / biomemakeover:blightbat_wing] was not realized!
[26Feb2025 04:53:00.471] [main/WARN] [dev.architectury.registry.registries.forge.RegistrarManagerImpl/]: Registry entry listened Registry Entry [minecraft:item / biomemakeover:glowshroom_stew] was not realized!
[26Feb2025 04:53:00.471] [main/WARN] [dev.architectury.registry.registries.forge.RegistrarManagerImpl/]: Registry entry listened Registry Entry [minecraft:item / biomemakeover:light_blue_tapestry] was not realized!
[26Feb2025 04:53:00.471] [main/WARN] [dev.architectury.registry.registries.forge.RegistrarManagerImpl/]: Registry entry listened Registry Entry [minecraft:item / biomemakeover:blighted_balsa_door] was not realized!
[26Feb2025 04:53:00.472] [main/WARN] [dev.architectury.registry.registries.forge.RegistrarManagerImpl/]: Registry entry listened Registry Entry [minecraft:item / biomemakeover:small_illunite_bud] was not realized!
[26Feb2025 04:53:00.472] [main/WARN] [dev.architectury.registry.registries.forge.RegistrarManagerImpl/]: Registry entry listened Registry Entry [minecraft:item / biomemakeover:buttonbush] was not realized!
[26Feb2025 04:53:00.472] [main/WARN] [dev.architectury.registry.registries.forge.RegistrarManagerImpl/]: Registry entry listened Registry Entry [minecraft:item / biomemakeover:blighted_stone_bricks] was not realized!
[26Feb2025 04:53:00.472] [main/WARN] [dev.architectury.registry.registries.forge.RegistrarManagerImpl/]: Registry entry listened Registry Entry [minecraft:item / biomemakeover:light_gray_terracotta_brick_stairs] was not realized!
[26Feb2025 04:53:00.472] [main/WARN] [dev.architectury.registry.registries.forge.RegistrarManagerImpl/]: Registry entry listened Registry Entry [minecraft:item / biomemakeover:purple_terracotta_brick_stairs] was not realized!
[26Feb2025 04:53:00.472] [main/WARN] [dev.architectury.registry.registries.forge.RegistrarManagerImpl/]: Registry entry listened Registry Entry [minecraft:item / biomemakeover:moth_blossom] was not realized!
[26Feb2025 04:53:00.472] [main/WARN] [dev.architectury.registry.registries.forge.RegistrarManagerImpl/]: Registry entry listened Registry Entry [minecraft:item / biomemakeover:orange_glowshroom_brick_stairs] was not realized!
[26Feb2025 04:53:00.472] [main/WARN] [dev.architectury.registry.registries.forge.RegistrarManagerImpl/]: Registry entry listened Registry Entry [minecraft:item / biomemakeover:willow_fence_gate] was not realized!
[26Feb2025 04:53:00.472] [main/WARN] [dev.architectury.registry.registries.forge.RegistrarManagerImpl/]: Registry entry listened Registry Entry [minecraft:item / biomemakeover:gray_terracotta_brick_stairs] was not realized!
[26Feb2025 04:53:00.472] [main/WARN] [dev.architectury.registry.registries.forge.RegistrarManagerImpl/]: Registry entry listened Registry Entry [minecraft:item / biomemakeover:itching_ivy] was not realized!
[26Feb2025 04:53:00.472] [main/WARN] [dev.architectury.registry.registries.forge.RegistrarManagerImpl/]: Registry entry listened Registry Entry [minecraft:item / biomemakeover:mesmerite_wall] was not realized!
[26Feb2025 04:53:00.473] [main/WARN] [dev.architectury.registry.registries.forge.RegistrarManagerImpl/]: Registry entry listened Registry Entry [minecraft:item / biomemakeover:blighted_balsa_planks] was not realized!
[26Feb2025 04:53:00.473] [main/WARN] [dev.architectury.registry.registries.forge.RegistrarManagerImpl/]: Registry entry listened Registry Entry [minecraft:item / biomemakeover:pink_terracotta_brick_slab] was not realized!
[26Feb2025 04:53:00.473] [main/WARN] [dev.architectury.registry.registries.forge.RegistrarManagerImpl/]: Registry entry listened Registry Entry [minecraft:item / biomemakeover:cracked_brick] was not realized!
[26Feb2025 04:53:00.473] [main/WARN] [dev.architectury.registry.registries.forge.RegistrarManagerImpl/]: Registry entry listened Registry Entry [minecraft:item / biomemakeover:red_mushroom_brick_slab] was not realized!
[26Feb2025 04:53:00.473] [main/WARN] [dev.architectury.registry.registries.forge.RegistrarManagerImpl/]: Registry entry listened Registry Entry [minecraft:item / biomemakeover:ancient_oak_leaves] was not realized!
[26Feb2025 04:53:00.473] [main/WARN] [dev.architectury.registry.registries.forge.RegistrarManagerImpl/]: Registry entry listened Registry Entry [minecraft:item / biomemakeover:pink_bud] was not realized!
[26Feb2025 04:53:00.473] [main/WARN] [dev.architectury.registry.registries.forge.RegistrarManagerImpl/]: Registry entry listened Registry Entry [minecraft:item / biomemakeover:lightning_bug_spawn_egg] was not realized!
[26Feb2025 04:53:00.473] [main/WARN] [dev.architectury.registry.registries.forge.RegistrarManagerImpl/]: Registry entry listened Registry Entry [minecraft:item / biomemakeover:paydirt] was not realized!
[26Feb2025 04:53:00.473] [main/WARN] [dev.architectury.registry.registries.forge.RegistrarManagerImpl/]: Registry entry listened Registry Entry [minecraft:item / biomemakeover:helmit_crab_spawn_egg] was not realized!
[26Feb2025 04:53:00.473] [main/WARN] [dev.architectury.registry.registries.forge.RegistrarManagerImpl/]: Registry entry listened Registry Entry [minecraft:item / biomemakeover:ancient_oak_pressure_plate] was not realized!
[26Feb2025 04:53:00.473] [main/WARN] [dev.architectury.registry.registries.forge.RegistrarManagerImpl/]: Registry entry listened Registry Entry [minecraft:item / biomemakeover:green_tapestry] was not realized!
[26Feb2025 04:53:00.474] [main/WARN] [dev.architectury.registry.registries.forge.RegistrarManagerImpl/]: Registry entry listened Registry Entry [minecraft:item / biomemakeover:blue_terracotta_brick_wall] was not realized!
[26Feb2025 04:53:00.474] [main/WARN] [dev.architectury.registry.registries.forge.RegistrarManagerImpl/]: Registry entry listened Registry Entry [minecraft:item / biomemakeover:water_lily] was not realized!
[26Feb2025 04:53:00.474] [main/WARN] [dev.architectury.registry.registries.forge.RegistrarManagerImpl/]: Registry entry listened Registry Entry [minecraft:item / biomemakeover:black_tapestry] was not realized!
[26Feb2025 04:53:00.474] [main/WARN] [dev.architectury.registry.registries.forge.RegistrarManagerImpl/]: Registry entry listened Registry Entry [minecraft:item / biomemakeover:green_terracotta_brick_stairs] was not realized!
[26Feb2025 04:53:00.474] [main/WARN] [dev.architectury.registry.registries.forge.RegistrarManagerImpl/]: Registry entry listened Registry Entry [minecraft:item / biomemakeover:magenta_terracotta_brick_wall] was not realized!
[26Feb2025 04:53:00.474] [main/WARN] [dev.architectury.registry.registries.forge.RegistrarManagerImpl/]: Registry entry listened Registry Entry [minecraft:item / biomemakeover:blighted_stone_bricks_wall] was not realized!
[26Feb2025 04:53:00.474] [main/WARN] [dev.architectury.registry.registries.forge.RegistrarManagerImpl/]: Registry entry listened Registry Entry [minecraft:item / biomemakeover:peat_farmland] was not realized!
[26Feb2025 04:53:00.474] [main/WARN] [dev.architectury.registry.registries.forge.RegistrarManagerImpl/]: Registry entry listened Registry Entry [minecraft:item / biomemakeover:soul_embers] was not realized!
[26Feb2025 04:53:00.474] [main/WARN] [dev.architectury.registry.registries.forge.RegistrarManagerImpl/]: Registry entry listened Registry Entry [minecraft:item / biomemakeover:dried_peat] was not realized!
[26Feb2025 04:53:00.474] [main/WARN] [dev.architectury.registry.registries.forge.RegistrarManagerImpl/]: Registry entry listened Registry Entry [minecraft:item / biomemakeover:ancient_oak_log] was not realized!
[26Feb2025 04:53:00.474] [main/WARN] [dev.architectury.registry.registries.forge.RegistrarManagerImpl/]: Registry entry listened Registry Entry [minecraft:item / biomemakeover:terracotta_brick_slab] was not realized!
[26Feb2025 04:53:00.474] [main/WARN] [dev.architectury.registry.registries.forge.RegistrarManagerImpl/]: Registry entry listened Registry Entry [minecraft:item / biomemakeover:blightbat_spawn_egg] was not realized!
[26Feb2025 04:53:00.474] [main/WARN] [dev.architectury.registry.registries.forge.RegistrarManagerImpl/]: Registry entry listened Registry Entry [minecraft:item / biomemakeover:purple_terracotta_brick_slab] was not realized!
[26Feb2025 04:53:00.474] [main/WARN] [dev.architectury.registry.registries.forge.RegistrarManagerImpl/]: Registry entry listened Registry Entry [minecraft:item / biomemakeover:red_tapestry] was not realized!
[26Feb2025 04:53:00.474] [main/WARN] [dev.architectury.registry.registries.forge.RegistrarManagerImpl/]: Registry entry listened Registry Entry [minecraft:item / biomemakeover:whinny_pottery_sherd] was not realized!
[26Feb2025 04:53:00.475] [main/WARN] [dev.architectury.registry.registries.forge.RegistrarManagerImpl/]: Registry entry listened Registry Entry [minecraft:item / biomemakeover:blighted_balsa_sapling] was not realized!
[26Feb2025 04:53:00.475] [main/WARN] [dev.architectury.registry.registries.forge.RegistrarManagerImpl/]: Registry entry listened Registry Entry [minecraft:item / biomemakeover:cracked_bricks] was not realized!
[26Feb2025 04:53:00.475] [main/WARN] [dev.architectury.registry.registries.forge.RegistrarManagerImpl/]: Registry entry listened Registry Entry [minecraft:item / biomemakeover:button_mushrooms_music_disk] was not realized!
[26Feb2025 04:53:00.475] [main/WARN] [dev.architectury.registry.registries.forge.RegistrarManagerImpl/]: Registry entry listened Registry Entry [minecraft:item / biomemakeover:brown_tapestry] was not realized!
[26Feb2025 04:53:00.475] [main/WARN] [dev.architectury.registry.registries.forge.RegistrarManagerImpl/]: Registry entry listened Registry Entry [minecraft:item / biomemakeover:mesmerite_stairs] was not realized!
[26Feb2025 04:53:00.475] [main/WARN] [dev.architectury.registry.registries.forge.RegistrarManagerImpl/]: Registry entry listened Registry Entry [minecraft:item / biomemakeover:brown_mushroom_brick] was not realized!
[26Feb2025 04:53:00.475] [main/WARN] [dev.architectury.registry.registries.forge.RegistrarManagerImpl/]: Registry entry listened Registry Entry [minecraft:item / biomemakeover:ivy] was not realized!
[26Feb2025 04:53:00.475] [main/WARN] [dev.architectury.registry.registries.forge.RegistrarManagerImpl/]: Registry entry listened Registry Entry [minecraft:item / biomemakeover:tall_red_mushroom] was not realized!
[26Feb2025 04:53:00.475] [main/WARN] [dev.architectury.registry.registries.forge.RegistrarManagerImpl/]: Registry entry listened Registry Entry [minecraft:item / biomemakeover:mesmerite] was not realized!
[26Feb2025 04:53:00.475] [main/WARN] [dev.architectury.registry.registries.forge.RegistrarManagerImpl/]: Registry entry listened Registry Entry [minecraft:item / biomemakeover:scuttler_tail] was not realized!
[26Feb2025 04:53:00.475] [main/WARN] [dev.architectury.registry.registries.forge.RegistrarManagerImpl/]: Registry entry listened Registry Entry [minecraft:item / biomemakeover:willow_button] was not realized!
[26Feb2025 04:53:00.475] [main/WARN] [dev.architectury.registry.registries.forge.RegistrarManagerImpl/]: Registry entry listened Registry Entry [minecraft:item / biomemakeover:brown_terracotta_brick_wall] was not realized!
[26Feb2025 04:53:00.475] [main/WARN] [dev.architectury.registry.registries.forge.RegistrarManagerImpl/]: Registry entry listened Registry Entry [minecraft:item / biomemakeover:swamp_cypress_fence] was not realized!
[26Feb2025 04:53:00.475] [main/WARN] [dev.architectury.registry.registries.forge.RegistrarManagerImpl/]: Registry entry listened Registry Entry [minecraft:item / biomemakeover:lime_tapestry] was not realized!
[26Feb2025 04:53:00.475] [main/WARN] [dev.architectury.registry.registries.forge.RegistrarManagerImpl/]: Registry entry listened Registry Entry [minecraft:item / biomemakeover:blighted_balsa_button] was not realized!
[26Feb2025 04:53:00.475] [main/WARN] [dev.architectury.registry.registries.forge.RegistrarManagerImpl/]: Registry entry listened Registry Entry [minecraft:item / biomemakeover:ancient_oak_fence_gate] was not realized!
[26Feb2025 04:53:00.476] [main/WARN] [dev.architectury.registry.registries.forge.RegistrarManagerImpl/]: Registry entry listened Registry Entry [minecraft:item / biomemakeover:cyan_terracotta_brick_slab] was not realized!
[26Feb2025 04:53:00.476] [main/WARN] [dev.architectury.registry.registries.forge.RegistrarManagerImpl/]: Registry entry listened Registry Entry [minecraft:item / biomemakeover:brown_mushroom_brick_slab] was not realized!
[26Feb2025 04:53:00.476] [main/WARN] [dev.architectury.registry.registries.forge.RegistrarManagerImpl/]: Registry entry listened Registry Entry [minecraft:item / biomemakeover:reed] was not realized!
[26Feb2025 04:53:00.476] [main/WARN] [dev.architectury.registry.registries.forge.RegistrarManagerImpl/]: Registry entry listened Registry Entry [minecraft:item / biomemakeover:ancient_oak_slab] was not realized!
[26Feb2025 04:53:00.476] [main/WARN] [dev.architectury.registry.registries.forge.RegistrarManagerImpl/]: Registry entry listened Registry Entry [minecraft:item / biomemakeover:raw_crab] was not realized!
[26Feb2025 04:53:00.476] [main/WARN] [dev.architectury.registry.registries.forge.RegistrarManagerImpl/]: Registry entry listened Registry Entry [minecraft:item / biomemakeover:wild_mushrooms] was not realized!
[26Feb2025 04:53:00.476] [main/WARN] [dev.architectury.registry.registries.forge.RegistrarManagerImpl/]: Registry entry listened Registry Entry [minecraft:item / biomemakeover:magenta_terracotta_bricks] was not realized!
[26Feb2025 04:53:00.476] [main/WARN] [dev.architectury.registry.registries.forge.RegistrarManagerImpl/]: Registry entry listened Registry Entry [minecraft:item / biomemakeover:crab_chowder] was not realized!
[26Feb2025 04:53:00.476] [main/WARN] [dev.architectury.registry.registries.forge.RegistrarManagerImpl/]: Registry entry listened Registry Entry [minecraft:item / biomemakeover:swamp_cypress_button] was not realized!
[26Feb2025 04:53:00.477] [main/WARN] [dev.architectury.registry.registries.forge.RegistrarManagerImpl/]: Registry entry listened Registry Entry [minecraft:item / biomemakeover:red_terracotta_brick_wall] was not realized!
[26Feb2025 04:53:00.477] [main/WARN] [dev.architectury.registry.registries.forge.RegistrarManagerImpl/]: Registry entry listened Registry Entry [minecraft:item / biomemakeover:rootling_spawn_egg] was not realized!
[26Feb2025 04:53:00.478] [main/WARN] [dev.architectury.registry.registries.forge.RegistrarManagerImpl/]: Registry entry listened Registry Entry [minecraft:item / biomemakeover:swamp_cypress_stairs] was not realized!
[26Feb2025 04:53:00.478] [main/WARN] [dev.architectury.registry.registries.forge.RegistrarManagerImpl/]: Registry entry listened Registry Entry [minecraft:item / biomemakeover:mushroom_stem_brick_stairs] was not realized!
[26Feb2025 04:53:00.478] [main/WARN] [dev.architectury.registry.registries.forge.RegistrarManagerImpl/]: Registry entry listened Registry Entry [minecraft:item / biomemakeover:stripped_blighted_balsa_wood] was not realized!
[26Feb2025 04:53:00.478] [main/WARN] [dev.architectury.registry.registries.forge.RegistrarManagerImpl/]: Registry entry listened Registry Entry [minecraft:item / biomemakeover:swamp_cypress_log] was not realized!
[26Feb2025 04:53:00.478] [main/WARN] [dev.architectury.registry.registries.forge.RegistrarManagerImpl/]: Registry entry listened Registry Entry [minecraft:item / biomemakeover:light_blue_terracotta_brick_wall] was not realized!
[26Feb2025 04:53:00.478] [main/WARN] [dev.architectury.registry.registries.forge.RegistrarManagerImpl/]: Registry entry listened Registry Entry [minecraft:item / biomemakeover:wart] was not realized!
[26Feb2025 04:53:00.478] [main/WARN] [dev.architectury.registry.registries.forge.RegistrarManagerImpl/]: Registry entry listened Registry Entry [minecraft:item / biomemakeover:cracked_dried_peat_brick_wall] was not realized!
[26Feb2025 04:53:00.478] [main/WARN] [dev.architectury.registry.registries.forge.RegistrarManagerImpl/]: Registry entry listened Registry Entry [minecraft:item / biomemakeover:polished_mesmerite] was not realized!
[26Feb2025 04:53:00.478] [main/WARN] [dev.architectury.registry.registries.forge.RegistrarManagerImpl/]: Registry entry listened Registry Entry [minecraft:item / biomemakeover:cladded_stone] was not realized!
[26Feb2025 04:53:00.478] [main/WARN] [dev.architectury.registry.registries.forge.RegistrarManagerImpl/]: Registry entry listened Registry Entry [minecraft:item / biomemakeover:blue_bud] was not realized!
[26Feb2025 04:53:00.479] [main/WARN] [dev.architectury.registry.registries.forge.RegistrarManagerImpl/]: Registry entry listened Registry Entry [minecraft:item / biomemakeover:illunite_cluster] was not realized!
[26Feb2025 04:53:00.479] [main/WARN] [dev.architectury.registry.registries.forge.RegistrarManagerImpl/]: Registry entry listened Registry Entry [minecraft:item / biomemakeover:polished_mesmerite_stairs] was not realized!
[26Feb2025 04:53:00.479] [main/WARN] [dev.architectury.registry.registries.forge.RegistrarManagerImpl/]: Registry entry listened Registry Entry [minecraft:item / biomemakeover:lime_terracotta_bricks] was not realized!
[26Feb2025 04:53:00.479] [main/WARN] [dev.architectury.registry.registries.forge.RegistrarManagerImpl/]: Registry entry listened Registry Entry [minecraft:item / biomemakeover:orange_glowshroom] was not realized!
[26Feb2025 04:53:00.479] [main/WARN] [dev.architectury.registry.registries.forge.RegistrarManagerImpl/]: Registry entry listened Registry Entry [minecraft:item / biomemakeover:ancient_oak_trapdoor] was not realized!
[26Feb2025 04:53:00.479] [main/WARN] [dev.architectury.registry.registries.forge.RegistrarManagerImpl/]: Registry entry listened Registry Entry [minecraft:item / biomemakeover:white_terracotta_brick_wall] was not realized!
[26Feb2025 04:53:00.479] [main/WARN] [dev.architectury.registry.registries.forge.RegistrarManagerImpl/]: Registry entry listened Registry Entry [minecraft:item / biomemakeover:yellow_terracotta_brick_slab] was not realized!
[26Feb2025 04:53:00.479] [main/WARN] [dev.architectury.registry.registries.forge.RegistrarManagerImpl/]: Registry entry listened Registry Entry [minecraft:item / biomemakeover:green_glowshroom] was not realized!
[26Feb2025 04:53:00.479] [main/WARN] [dev.architectury.registry.registries.forge.RegistrarManagerImpl/]: Registry entry listened Registry Entry [minecraft:item / biomemakeover:moth_scales] was not realized!
[26Feb2025 04:53:00.479] [main/WARN] [dev.architectury.registry.registries.forge.RegistrarManagerImpl/]: Registry entry listened Registry Entry [minecraft:item / biomemakeover:magenta_terracotta_brick_stairs] was not realized!
[26Feb2025 04:53:00.479] [main/WARN] [dev.architectury.registry.registries.forge.RegistrarManagerImpl/]: Registry entry listened Registry Entry [minecraft:item / biomemakeover:cyan_terracotta_brick_stairs] was not realized!
[26Feb2025 04:53:00.479] [main/WARN] [dev.architectury.registry.registries.forge.RegistrarManagerImpl/]: Registry entry listened Registry Entry [minecraft:item / biomemakeover:red_terracotta_brick_stairs] was not realized!
[26Feb2025 04:53:00.479] [main/WARN] [dev.architectury.registry.registries.forge.RegistrarManagerImpl/]: Registry entry listened Registry Entry [minecraft:item / biomemakeover:dried_peat_bricks_slab] was not realized!
[26Feb2025 04:53:00.479] [main/WARN] [dev.architectury.registry.registries.forge.RegistrarManagerImpl/]: Registry entry listened Registry Entry [minecraft:item / biomemakeover:swamp_cypress_trapdoor] was not realized!
[26Feb2025 04:53:00.480] [main/WARN] [dev.architectury.registry.registries.forge.RegistrarManagerImpl/]: Registry entry listened Registry Entry [minecraft:item / biomemakeover:blighted_balsa_fence_gate] was not realized!
[26Feb2025 04:53:00.480] [main/WARN] [dev.architectury.registry.registries.forge.RegistrarManagerImpl/]: Registry entry listened Registry Entry [minecraft:item / biomemakeover:brown_terracotta_bricks] was not realized!
[26Feb2025 04:53:00.480] [main/WARN] [dev.architectury.registry.registries.forge.RegistrarManagerImpl/]: Registry entry listened Registry Entry [minecraft:item / biomemakeover:cladded_leggings] was not realized!
[26Feb2025 04:53:00.480] [main/WARN] [dev.architectury.registry.registries.forge.RegistrarManagerImpl/]: Registry entry listened Registry Entry [minecraft:item / biomemakeover:willow_leaves] was not realized!
[26Feb2025 04:53:00.480] [main/WARN] [dev.architectury.registry.registries.forge.RegistrarManagerImpl/]: Registry entry listened Registry Entry [minecraft:item / biomemakeover:barrel_cactus_flowered] was not realized!
[26Feb2025 04:53:00.480] [main/WARN] [dev.architectury.registry.registries.forge.RegistrarManagerImpl/]: Registry entry listened Registry Entry [minecraft:item / biomemakeover:blighted_balsa_fence] was not realized!
[26Feb2025 04:53:00.480] [main/WARN] [dev.architectury.registry.registries.forge.RegistrarManagerImpl/]: Registry entry listened Registry Entry [minecraft:item / biomemakeover:white_tapestry] was not realized!
[26Feb2025 04:53:00.480] [main/WARN] [dev.architectury.registry.registries.forge.RegistrarManagerImpl/]: Registry entry listened Registry Entry [minecraft:item / biomemakeover:cladded_boots] was not realized!
[26Feb2025 04:53:00.480] [main/WARN] [dev.architectury.registry.registries.forge.RegistrarManagerImpl/]: Registry entry listened Registry Entry [minecraft:item / biomemakeover:light_gray_terracotta_bricks] was not realized!
[26Feb2025 04:53:00.481] [main/WARN] [dev.architectury.registry.registries.forge.RegistrarManagerImpl/]: Registry entry listened Registry Entry [minecraft:item / biomemakeover:glowfish_bucket] was not realized!
[26Feb2025 04:53:00.481] [main/WARN] [dev.architectury.registry.registries.forge.RegistrarManagerImpl/]: Registry entry listened Registry Entry [minecraft:item / biomemakeover:terracotta_brick_stairs] was not realized!
[26Feb2025 04:53:00.481] [main/WARN] [dev.architectury.registry.registries.forge.RegistrarManagerImpl/]: Registry entry listened Registry Entry [minecraft:item / biomemakeover:icon_item] was not realized!
[26Feb2025 04:53:00.481] [main/WARN] [dev.architectury.registry.registries.forge.RegistrarManagerImpl/]: Registry entry listened Registry Entry [minecraft:item / biomemakeover:purple_glowshroom] was not realized!
[26Feb2025 04:53:00.481] [main/WARN] [dev.architectury.registry.registries.forge.RegistrarManagerImpl/]: Registry entry listened Registry Entry [minecraft:item / biomemakeover:brown_terracotta_brick_slab] was not realized!
[26Feb2025 04:53:00.481] [main/WARN] [dev.architectury.registry.registries.forge.RegistrarManagerImpl/]: Registry entry listened Registry Entry [minecraft:item / biomemakeover:small_lily_pad] was not realized!
[26Feb2025 04:53:00.481] [main/WARN] [dev.architectury.registry.registries.forge.RegistrarManagerImpl/]: Registry entry listened Registry Entry [minecraft:item / biomemakeover:cyan_bud] was not realized!
[26Feb2025 04:53:00.481] [main/WARN] [dev.architectury.registry.registries.forge.RegistrarManagerImpl/]: Registry entry listened Registry Entry [minecraft:item / biomemakeover:cooked_crab] was not realized!
[26Feb2025 04:53:00.481] [main/WARN] [dev.architectury.registry.registries.forge.RegistrarManagerImpl/]: Registry entry listened Registry Entry [minecraft:item / biomemakeover:foxglove] was not realized!
[26Feb2025 04:53:00.481] [main/WARN] [dev.architectury.registry.registries.forge.RegistrarManagerImpl/]: Registry entry listened Registry Entry [minecraft:item / biomemakeover:cooked_glowfish] was not realized!
[26Feb2025 04:53:00.481] [main/WARN] [dev.architectury.registry.registries.forge.RegistrarManagerImpl/]: Registry entry listened Registry Entry [minecraft:item / biomemakeover:orange_glowshroom_brick_slab] was not realized!
[26Feb2025 04:53:00.481] [main/WARN] [dev.architectury.registry.registries.forge.RegistrarManagerImpl/]: Registry entry listened Registry Entry [minecraft:item / biomemakeover:swamp_cypress_planks] was not realized!
[26Feb2025 04:53:00.481] [main/WARN] [dev.architectury.registry.registries.forge.RegistrarManagerImpl/]: Registry entry listened Registry Entry [minecraft:item / biomemakeover:blighted_cobblestone_slab] was not realized!
[26Feb2025 04:53:00.481] [main/WARN] [dev.architectury.registry.registries.forge.RegistrarManagerImpl/]: Registry entry listened Registry Entry [minecraft:item / biomemakeover:stone_golem_spawn_egg] was not realized!
[26Feb2025 04:53:00.481] [main/WARN] [dev.architectury.registry.registries.forge.RegistrarManagerImpl/]: Registry entry listened Registry Entry [minecraft:item / biomemakeover:light_blue_terracotta_brick_stairs] was not realized!
[26Feb2025 04:53:00.482] [main/WARN] [dev.architectury.registry.registries.forge.RegistrarManagerImpl/]: Registry entry listened Registry Entry [minecraft:item / biomemakeover:lime_terracotta_brick_slab] was not realized!
[26Feb2025 04:53:00.482] [main/WARN] [dev.architectury.registry.registries.forge.RegistrarManagerImpl/]: Registry entry listened Registry Entry [minecraft:item / biomemakeover:red_terracotta_bricks] was not realized!
[26Feb2025 04:53:00.482] [main/WARN] [dev.architectury.registry.registries.forge.RegistrarManagerImpl/]: Registry entry listened Registry Entry [minecraft:item / biomemakeover:orange_terracotta_brick_wall] was not realized!
[26Feb2025 04:53:00.482] [main/WARN] [dev.architectury.registry.registries.forge.RegistrarManagerImpl/]: Registry entry listened Registry Entry [minecraft:item / biomemakeover:blighted_balsa_leaves] was not realized!
[26Feb2025 04:53:00.482] [main/WARN] [dev.architectury.registry.registries.forge.RegistrarManagerImpl/]: Registry entry listened Registry Entry [minecraft:item / biomemakeover:cowboy_spawn_egg] was not realized!
[26Feb2025 04:53:00.482] [main/WARN] [dev.architectury.registry.registries.forge.RegistrarManagerImpl/]: Registry entry listened Registry Entry [minecraft:item / biomemakeover:mossy_dried_peat_brick_slab] was not realized!
[26Feb2025 04:53:00.482] [main/WARN] [dev.architectury.registry.registries.forge.RegistrarManagerImpl/]: Registry entry listened Registry Entry [minecraft:item / biomemakeover:willow_wood] was not realized!
[26Feb2025 04:53:00.482] [main/WARN] [dev.architectury.registry.registries.forge.RegistrarManagerImpl/]: Registry entry listened Registry Entry [minecraft:item / biomemakeover:gray_terracotta_brick_slab] was not realized!
[26Feb2025 04:53:00.482] [main/WARN] [dev.architectury.registry.registries.forge.RegistrarManagerImpl/]: Registry entry listened Registry Entry [minecraft:item / biomemakeover:lightning_bug_bottle] was not realized!
[26Feb2025 04:53:00.482] [main/WARN] [dev.architectury.registry.registries.forge.RegistrarManagerImpl/]: Registry entry listened Registry Entry [minecraft:item / biomemakeover:yellow_terracotta_bricks] was not realized!
[26Feb2025 04:53:00.482] [main/WARN] [dev.architectury.registry.registries.forge.RegistrarManagerImpl/]: Registry entry listened Registry Entry [minecraft:item / biomemakeover:purple_glowshroom_brick_slab] was not realized!
[26Feb2025 04:53:00.482] [main/WARN] [dev.architectury.registry.registries.forge.RegistrarManagerImpl/]: Registry entry listened Registry Entry [minecraft:item / biomemakeover:mushroom_stem_brick_wall] was not realized!
[26Feb2025 04:53:00.482] [main/WARN] [dev.architectury.registry.registries.forge.RegistrarManagerImpl/]: Registry entry listened Registry Entry [minecraft:item / biomemakeover:cracked_dried_peat_bricks] was not realized!
[26Feb2025 04:53:00.482] [main/WARN] [dev.architectury.registry.registries.forge.RegistrarManagerImpl/]: Registry entry listened Registry Entry [minecraft:item / biomemakeover:crude_fragment] was not realized!
[26Feb2025 04:53:00.482] [main/WARN] [dev.architectury.registry.registries.forge.RegistrarManagerImpl/]: Registry entry listened Registry Entry [minecraft:item / biomemakeover:stripped_swamp_cypress_log] was not realized!
[26Feb2025 04:53:00.482] [main/WARN] [dev.architectury.registry.registries.forge.RegistrarManagerImpl/]: Registry entry listened Registry Entry [minecraft:item / biomemakeover:swamp_cypress_wood] was not realized!
[26Feb2025 04:53:00.483] [main/WARN] [dev.architectury.registry.registries.forge.RegistrarManagerImpl/]: Registry entry listened Registry Entry [minecraft:item / biomemakeover:ancient_oak_sapling] was not realized!
[26Feb2025 04:53:00.483] [main/WARN] [dev.architectury.registry.registries.forge.RegistrarManagerImpl/]: Registry entry listened Registry Entry [minecraft:item / biomemakeover:barrel_cactus] was not realized!
[26Feb2025 04:53:00.483] [main/WARN] [dev.architectury.registry.registries.forge.RegistrarManagerImpl/]: Registry entry listened Registry Entry [minecraft:item / biomemakeover:adjudicator_tapestry] was not realized!
[26Feb2025 04:53:00.483] [main/WARN] [dev.architectury.registry.registries.forge.RegistrarManagerImpl/]: Registry entry listened Registry Entry [minecraft:item / biomemakeover:dragonfly_wings] was not realized!
[26Feb2025 04:53:00.483] [main/WARN] [dev.architectury.registry.registries.forge.RegistrarManagerImpl/]: Registry entry listened Registry Entry [minecraft:item / biomemakeover:blighted_stone_bricks_stairs] was not realized!
[26Feb2025 04:53:00.483] [main/WARN] [dev.architectury.registry.registries.forge.RegistrarManagerImpl/]: Registry entry listened Registry Entry [minecraft:item / biomemakeover:polished_mesmerite_slab] was not realized!
[26Feb2025 04:53:00.483] [main/WARN] [dev.architectury.registry.registries.forge.RegistrarManagerImpl/]: Registry entry listened Registry Entry [minecraft:item / biomemakeover:raw_toad] was not realized!
[26Feb2025 04:53:00.483] [main/WARN] [dev.architectury.registry.registries.forge.RegistrarManagerImpl/]: Registry entry listened Registry Entry [minecraft:item / biomemakeover:orange_terracotta_brick_stairs] was not realized!
[26Feb2025 04:53:00.483] [main/WARN] [dev.architectury.registry.registries.forge.RegistrarManagerImpl/]: Registry entry listened Registry Entry [minecraft:item / biomemakeover:lightning_bottle] was not realized!
[26Feb2025 04:53:00.483] [main/WARN] [dev.architectury.registry.registries.forge.RegistrarManagerImpl/]: Registry entry listened Registry Entry [minecraft:item / biomemakeover:brown_mushroom_brick_stairs] was not realized!
[26Feb2025 04:53:00.483] [main/WARN] [dev.architectury.registry.registries.forge.RegistrarManagerImpl/]: Registry entry listened Registry Entry [minecraft:item / biomemakeover:white_terracotta_brick_stairs] was not realized!
[26Feb2025 04:53:00.483] [main/WARN] [dev.architectury.registry.registries.forge.RegistrarManagerImpl/]: Registry entry listened Registry Entry [minecraft:item / biomemakeover:willow_fence] was not realized!
[26Feb2025 04:53:00.483] [main/WARN] [dev.architectury.registry.registries.forge.RegistrarManagerImpl/]: Registry entry listened Registry Entry [minecraft:item / biomemakeover:cladded_helmet] was not realized!
[26Feb2025 04:53:00.483] [main/WARN] [dev.architectury.registry.registries.forge.RegistrarManagerImpl/]: Registry entry listened Registry Entry [minecraft:item / biomemakeover:stripped_swamp_cypress_wood] was not realized!
[26Feb2025 04:53:00.483] [main/WARN] [dev.architectury.registry.registries.forge.RegistrarManagerImpl/]: Registry entry listened Registry Entry [minecraft:item / biomemakeover:decayed_spawn_egg] was not realized!
[26Feb2025 04:53:00.483] [main/WARN] [dev.architectury.registry.registries.forge.RegistrarManagerImpl/]: Registry entry listened Registry Entry [minecraft:item / biomemakeover:gray_tapestry] was not realized!
[26Feb2025 04:53:00.484] [main/WARN] [dev.architectury.registry.registries.forge.RegistrarManagerImpl/]: Registry entry listened Registry Entry [minecraft:item / biomemakeover:purple_terracotta_brick_wall] was not realized!
[26Feb2025 04:53:00.484] [main/WARN] [dev.architectury.registry.registries.forge.RegistrarManagerImpl/]: Registry entry listened Registry Entry [minecraft:item / biomemakeover:blighted_stone_bricks_slab] was not realized!
[26Feb2025 04:53:00.484] [main/WARN] [dev.architectury.registry.registries.forge.RegistrarManagerImpl/]: Registry entry listened Registry Entry [minecraft:item / biomemakeover:ghost_town_music_disk] was not realized!
[26Feb2025 04:53:00.484] [main/WARN] [dev.architectury.registry.registries.forge.RegistrarManagerImpl/]: Registry entry listened Registry Entry [minecraft:item / biomemakeover:glowshroom_stem_brick_slab] was not realized!
[26Feb2025 04:53:00.484] [main/WARN] [dev.architectury.registry.registries.forge.RegistrarManagerImpl/]: Registry entry listened Registry Entry [minecraft:item / biomemakeover:green_glowshroom_brick_slab] was not realized!
[26Feb2025 04:53:00.484] [main/WARN] [dev.architectury.registry.registries.forge.RegistrarManagerImpl/]: Registry entry listened Registry Entry [minecraft:item / biomemakeover:cyan_tapestry] was not realized!
[26Feb2025 04:53:00.484] [main/WARN] [dev.architectury.registry.registries.forge.RegistrarManagerImpl/]: Registry entry listened Registry Entry [minecraft:item / biomemakeover:purple_glowshroom_brick_stairs] was not realized!
[26Feb2025 04:53:01.532] [main/WARN] [dev.architectury.registry.registries.forge.RegistrarManagerImpl/]: Registry entry listened Registry Entry [minecraft:entity_type / biomemakeover:tadpole] was not realized!
[26Feb2025 04:53:01.532] [main/WARN] [dev.architectury.registry.registries.forge.RegistrarManagerImpl/]: Registry entry listened Registry Entry [minecraft:entity_type / biomemakeover:owl] was not realized!
[26Feb2025 04:53:01.532] [main/WARN] [dev.architectury.registry.registries.forge.RegistrarManagerImpl/]: Registry entry listened Registry Entry [minecraft:entity_type / biomemakeover:blightbat] was not realized!
[26Feb2025 04:53:01.532] [main/WARN] [dev.architectury.registry.registries.forge.RegistrarManagerImpl/]: Registry entry listened Registry Entry [minecraft:entity_type / biomemakeover:stone_golem] was not realized!
[26Feb2025 04:53:01.532] [main/WARN] [dev.architectury.registry.registries.forge.RegistrarManagerImpl/]: Registry entry listened Registry Entry [minecraft:entity_type / biomemakeover:mushroom_trader] was not realized!
[26Feb2025 04:53:01.532] [main/WARN] [dev.architectury.registry.registries.forge.RegistrarManagerImpl/]: Registry entry listened Registry Entry [minecraft:entity_type / biomemakeover:helmit_crab] was not realized!
[26Feb2025 04:53:01.532] [main/WARN] [dev.architectury.registry.registries.forge.RegistrarManagerImpl/]: Registry entry listened Registry Entry [minecraft:entity_type / biomemakeover:glowfish] was not realized!
[26Feb2025 04:53:01.532] [main/WARN] [dev.architectury.registry.registries.forge.RegistrarManagerImpl/]: Registry entry listened Registry Entry [minecraft:entity_type / biomemakeover:rootling] was not realized!
[26Feb2025 04:53:01.532] [main/WARN] [dev.architectury.registry.registries.forge.RegistrarManagerImpl/]: Registry entry listened Registry Entry [minecraft:entity_type / biomemakeover:decayed] was not realized!
[26Feb2025 04:53:01.532] [main/WARN] [dev.architectury.registry.registries.forge.RegistrarManagerImpl/]: Registry entry listened Registry Entry [minecraft:entity_type / biomemakeover:lightning_bug_alternate] was not realized!
[26Feb2025 04:53:01.532] [main/WARN] [dev.architectury.registry.registries.forge.RegistrarManagerImpl/]: Registry entry listened Registry Entry [minecraft:entity_type / biomemakeover:ghost] was not realized!
[26Feb2025 04:53:01.532] [main/WARN] [dev.architectury.registry.registries.forge.RegistrarManagerImpl/]: Registry entry listened Registry Entry [minecraft:entity_type / biomemakeover:cowboy] was not realized!
[26Feb2025 04:53:01.532] [main/WARN] [dev.architectury.registry.registries.forge.RegistrarManagerImpl/]: Registry entry listened Registry Entry [minecraft:entity_type / biomemakeover:dragonfly] was not realized!
[26Feb2025 04:53:01.532] [main/WARN] [dev.architectury.registry.registries.forge.RegistrarManagerImpl/]: Registry entry listened Registry Entry [minecraft:entity_type / biomemakeover:moth] was not realized!
[26Feb2025 04:53:01.532] [main/WARN] [dev.architectury.registry.registries.forge.RegistrarManagerImpl/]: Registry entry listened Registry Entry [minecraft:entity_type / biomemakeover:scuttler] was not realized!
[26Feb2025 04:53:01.532] [main/WARN] [dev.architectury.registry.registries.forge.RegistrarManagerImpl/]: Registry entry listened Registry Entry [minecraft:entity_type / biomemakeover:toad] was not realized!
[26Feb2025 04:53:01.545] [main/INFO] [Every Compat/]: Registering Compat WoodType Blocks
[26Feb2025 04:53:01.582] [main/INFO] [Every Compat/]: EveryCompat Create Module: registered 114 WoodType blocks
[26Feb2025 04:53:01.675] [main/INFO] [Every Compat/]: EveryCompat Decorative Blocks Module: registered 228 WoodType blocks
[26Feb2025 04:53:01.681] [main/INFO] [Every Compat/]: EveryCompat Friendsandfoes Module: registered 55 WoodType blocks
[26Feb2025 04:53:01.690] [main/INFO] [Every Compat/]: EveryCompat Farmersdelight Module: registered 53 WoodType blocks
[26Feb2025 04:53:01.971] [main/INFO] [Every Compat/]: EveryCompat Valhelsia Furniture Module: registered 342 WoodType blocks
[26Feb2025 04:53:01.997] [main/INFO] [Every Compat/]: EveryCompat Storagedrawers Module: registered 399 WoodType blocks
[26Feb2025 04:53:02.000] [main/INFO] [Every Compat/]: EveryCompat Regions Unexplored Module: registered 28 WoodType blocks
[26Feb2025 04:53:02.026] [main/INFO] [Every Compat/]: EveryCompat Shutter Module: registered 46 WoodType blocks
[26Feb2025 04:53:02.072] [main/INFO] [Every Compat/]: EveryCompat Valhelsia Structures Module: registered 320 WoodType blocks
[26Feb2025 04:53:02.205] [main/INFO] [Every Compat/]: EveryCompat Woodworks Module: registered 387 WoodType blocks
[26Feb2025 04:53:02.205] [main/INFO] [Every Compat/]: Registering Compat LeavesType Blocks
[26Feb2025 04:53:02.208] [main/INFO] [Every Compat/]: EveryCompat Regions Unexplored Module: registered 25 LeavesType blocks
[26Feb2025 04:53:02.294] [main/INFO] [Every Compat/]: EveryCompat Woodworks Module: registered 56 LeavesType blocks
[26Feb2025 04:53:03.557] [main/WARN] [dev.architectury.registry.registries.forge.RegistrarManagerImpl/]: Registry entry listened Registry Entry [minecraft:entity_type / biomemakeover:tadpole] was not realized!
[26Feb2025 04:53:03.557] [main/WARN] [dev.architectury.registry.registries.forge.RegistrarManagerImpl/]: Registry entry listened Registry Entry [minecraft:entity_type / biomemakeover:owl] was not realized!
[26Feb2025 04:53:03.557] [main/WARN] [dev.architectury.registry.registries.forge.RegistrarManagerImpl/]: Registry entry listened Registry Entry [minecraft:entity_type / biomemakeover:blightbat] was not realized!
[26Feb2025 04:53:03.557] [main/WARN] [dev.architectury.registry.registries.forge.RegistrarManagerImpl/]: Registry entry listened Registry Entry [minecraft:entity_type / biomemakeover:stone_golem] was not realized!
[26Feb2025 04:53:03.557] [main/WARN] [dev.architectury.registry.registries.forge.RegistrarManagerImpl/]: Registry entry listened Registry Entry [minecraft:entity_type / biomemakeover:mushroom_trader] was not realized!
[26Feb2025 04:53:03.557] [main/WARN] [dev.architectury.registry.registries.forge.RegistrarManagerImpl/]: Registry entry listened Registry Entry [minecraft:entity_type / biomemakeover:helmit_crab] was not realized!
[26Feb2025 04:53:03.557] [main/WARN] [dev.architectury.registry.registries.forge.RegistrarManagerImpl/]: Registry entry listened Registry Entry [minecraft:entity_type / biomemakeover:glowfish] was not realized!
[26Feb2025 04:53:03.557] [main/WARN] [dev.architectury.registry.registries.forge.RegistrarManagerImpl/]: Registry entry listened Registry Entry [minecraft:entity_type / biomemakeover:rootling] was not realized!
[26Feb2025 04:53:03.557] [main/WARN] [dev.architectury.registry.registries.forge.RegistrarManagerImpl/]: Registry entry listened Registry Entry [minecraft:entity_type / biomemakeover:decayed] was not realized!
[26Feb2025 04:53:03.557] [main/WARN] [dev.architectury.registry.registries.forge.RegistrarManagerImpl/]: Registry entry listened Registry Entry [minecraft:entity_type / biomemakeover:lightning_bug_alternate] was not realized!
[26Feb2025 04:53:03.558] [main/WARN] [dev.architectury.registry.registries.forge.RegistrarManagerImpl/]: Registry entry listened Registry Entry [minecraft:entity_type / biomemakeover:ghost] was not realized!
[26Feb2025 04:53:03.558] [main/WARN] [dev.architectury.registry.registries.forge.RegistrarManagerImpl/]: Registry entry listened Registry Entry [minecraft:entity_type / biomemakeover:cowboy] was not realized!
[26Feb2025 04:53:03.558] [main/WARN] [dev.architectury.registry.registries.forge.RegistrarManagerImpl/]: Registry entry listened Registry Entry [minecraft:entity_type / biomemakeover:dragonfly] was not realized!
[26Feb2025 04:53:03.558] [main/WARN] [dev.architectury.registry.registries.forge.RegistrarManagerImpl/]: Registry entry listened Registry Entry [minecraft:entity_type / biomemakeover:moth] was not realized!
[26Feb2025 04:53:03.558] [main/WARN] [dev.architectury.registry.registries.forge.RegistrarManagerImpl/]: Registry entry listened Registry Entry [minecraft:entity_type / biomemakeover:scuttler] was not realized!
[26Feb2025 04:53:03.558] [main/WARN] [dev.architectury.registry.registries.forge.RegistrarManagerImpl/]: Registry entry listened Registry Entry [minecraft:entity_type / biomemakeover:toad] was not realized!
[26Feb2025 04:53:05.571] [main/INFO] [ModdingLegacy/StructureGel/]: [structure_gel] Registering data for structure_gel:loot_table_alias
[26Feb2025 04:53:05.587] [main/INFO] [ModdingLegacy/StructureGel/]: [structure_gel] Registering data for structure_gel:data_handler_type
[26Feb2025 04:53:05.592] [main/INFO] [ModdingLegacy/StructureGel/]: [structure_gel] Registering data for structure_gel:dynamic_spawner
[26Feb2025 04:53:05.597] [main/INFO] [ModdingLegacy/StructureGel/]: [structure_gel] Registering data for structure_gel:jigsaw_type
[26Feb2025 04:53:05.724] [main/WARN] [net.minecraftforge.registries.ForgeRegistry/REGISTRIES]: Registry forge:global_loot_modifier_serializers: The object RecordCodec[UnitDecoder[vectorwing.farmersdelight.common.loot.modifier.AddItemModifier$$Lambda$30270/0x000076ae27a40b40@3107007b] * Field[conditions: passthrough[flatXmapped]] * Field[item: net.minecraftforge.registries.ForgeRegistry$RegistryCodec@5e306f77] * OptionalFieldCodec[count: Int][xmapped]] has been registered twice for the same name farmersdelight:add_item.
[26Feb2025 04:53:05.725] [main/WARN] [net.minecraftforge.registries.ForgeRegistry/REGISTRIES]: Registry forge:global_loot_modifier_serializers: The object RecordCodec[UnitDecoder[vectorwing.farmersdelight.common.loot.modifier.ReplaceItemModifier$$Lambda$30275/0x000076ae27a41680@6a8f0772] * Field[conditions: passthrough[flatXmapped]] * Field[removed_item: net.minecraftforge.registries.ForgeRegistry$RegistryCodec@5e306f77] * Field[added_item: net.minecraftforge.registries.ForgeRegistry$RegistryCodec@5e306f77] * OptionalFieldCodec[count: Int][xmapped]] has been registered twice for the same name farmersdelight:replace_item.
[26Feb2025 04:53:05.725] [main/WARN] [net.minecraftforge.registries.ForgeRegistry/REGISTRIES]: Registry forge:global_loot_modifier_serializers: The object RecordCodec[UnitDecoder[vectorwing.farmersdelight.common.loot.modifier.AddLootTableModifier$$Lambda$30278/0x000076ae27a41d50@6c86740c] * Field[conditions: passthrough[flatXmapped]] * Field[lootTable: String[comapFlatMapped]]] has been registered twice for the same name farmersdelight:add_loot_table.
[26Feb2025 04:53:05.725] [main/WARN] [net.minecraftforge.registries.ForgeRegistry/REGISTRIES]: Registry forge:global_loot_modifier_serializers: The object RecordCodec[UnitDecoder[vectorwing.farmersdelight.common.loot.modifier.PastrySlicingModifier$$Lambda$30281/0x000076ae27a42400@658bb53f] * Field[conditions: passthrough[flatXmapped]] * Field[slice: net.minecraftforge.registries.ForgeRegistry$RegistryCodec@5e306f77]] has been registered twice for the same name farmersdelight:pastry_slicing.
[26Feb2025 04:53:05.911] [main/INFO] [net.morimori0317.bestylewither.BEStyleWither/]: Pre config loading completed
[26Feb2025 04:53:05.934] [main/WARN] [net.minecraft.network.syncher.SynchedEntityData/]: defineId called for: class net.mcreator.borninchaosv.entity.BabySpiderEntity from class net.mcreator.borninchaosv.entity.MotherSpiderEntity
[26Feb2025 04:53:06.027] [main/WARN] [net.minecraft.network.syncher.SynchedEntityData/]: defineId called for: class com.github.alexmodguy.alexscaves.server.entity.living.TremorzillaEntity from class com.github.alexmodguy.alexscaves.server.entity.living.LicowitchEntity
[26Feb2025 04:53:06.316] [main/INFO] [com.tom.storagemod.StorageMod/]: Loaded Tom's Simple Storage config file toms_storage-common.toml
[26Feb2025 04:53:06.333] [main/INFO] [com.cupboard.Cupboard/]: Loaded config for: connectivity.json
[26Feb2025 04:53:06.528] [main/WARN] [net.minecraftforge.common.ForgeConfigSpec/CORE]: Configuration file /workspaces/max/servidor_minecraft/config/guardvillagers-common.toml is not correct. Correcting
[26Feb2025 04:53:06.538] [main/INFO] [Puzzles Lib/]: Loading common config for stoneworks
[26Feb2025 04:53:06.836] [modloading-worker-0/INFO] [com.clickadv.ClickAdvancements/]: clickadv mod initialized
[26Feb2025 04:53:06.883] [modloading-worker-0/INFO] [io.github.jamalam360.rightclickharvest.RightClickHarvestModInit/]: Initialized
[26Feb2025 04:53:06.897] [modloading-worker-0/INFO] [com.tom.storagemod.StorageMod/]: Tom's Storage Setup starting
[26Feb2025 04:53:06.902] [modloading-worker-0/INFO] [com.tom.storagemod.StorageMod/]: Initilaized Network Handler
[26Feb2025 04:53:06.941] [modloading-worker-0/INFO] [CorgiLib/]: Initializing network...
[26Feb2025 04:53:06.945] [modloading-worker-0/INFO] [CorgiLib/]: Initialized network!
[26Feb2025 04:53:06.945] [modloading-worker-0/INFO] [net.jrdemiurge.skyarena.SkyArena/]: Registering triggers...
[26Feb2025 04:53:06.954] [modloading-worker-0/INFO] [com.gpumemleakfix.Gpumemleakfix/]: gpumemleakfix mod initialized
[26Feb2025 04:53:06.957] [modloading-worker-0/INFO] [com.structureessentials.StructureEssentials/]: structureessentials mod initialized
[26Feb2025 04:53:06.993] [modloading-worker-0/INFO] [necronomicon/]: File exists, reading config for elocindev.item_obliterator.forge.config.ConfigEntries.
[26Feb2025 04:53:06.996] [modloading-worker-0/INFO] [necronomicon/]: Config for elocindev.item_obliterator.forge.config.ConfigEntries read successfully.
[26Feb2025 04:53:07.022] [modloading-worker-0/INFO] [elocindev.item_obliterator.forge.ItemObliterator/]: Loaded Item Obliterator Config
[26Feb2025 04:53:07.034] [Thread-0/INFO] [ModernFix/]: Please use /mfsrc to reload any changed mod config files
[26Feb2025 04:53:07.052] [modloading-worker-0/INFO] [com.dragonfight.DragonfightMod/]: dragonfight mod initialized
[26Feb2025 04:53:07.127] [modloading-worker-0/INFO] [com.jaquadro.minecraft.storagedrawers.StorageDrawers/]: New compacting rule 4 clay_ball = 1 clay
[26Feb2025 04:53:07.127] [modloading-worker-0/INFO] [com.jaquadro.minecraft.storagedrawers.StorageDrawers/]: New compacting rule 4 snowball = 1 snow_block
[26Feb2025 04:53:07.127] [modloading-worker-0/INFO] [com.jaquadro.minecraft.storagedrawers.StorageDrawers/]: New compacting rule 4 glowstone_dust = 1 glowstone
[26Feb2025 04:53:07.128] [modloading-worker-0/INFO] [com.jaquadro.minecraft.storagedrawers.StorageDrawers/]: New compacting rule 4 brick = 1 bricks
[26Feb2025 04:53:07.128] [modloading-worker-0/INFO] [com.jaquadro.minecraft.storagedrawers.StorageDrawers/]: New compacting rule 4 nether_brick = 1 nether_bricks
[26Feb2025 04:53:07.137] [modloading-worker-0/INFO] [com.jaquadro.minecraft.storagedrawers.StorageDrawers/]: New compacting rule 9 nether_wart = 1 nether_wart_block
[26Feb2025 04:53:07.137] [modloading-worker-0/INFO] [com.jaquadro.minecraft.storagedrawers.StorageDrawers/]: New compacting rule 4 quartz = 1 quartz_block
[26Feb2025 04:53:07.138] [modloading-worker-0/INFO] [com.jaquadro.minecraft.storagedrawers.StorageDrawers/]: New compacting rule 9 melon_slice = 1 melon
[26Feb2025 04:53:07.138] [modloading-worker-0/INFO] [com.jaquadro.minecraft.storagedrawers.StorageDrawers/]: New compacting rule 4 sand = 1 sandstone
[26Feb2025 04:53:07.138] [modloading-worker-0/INFO] [com.jaquadro.minecraft.storagedrawers.StorageDrawers/]: New compacting rule 4 red_sand = 1 red_sandstone
[26Feb2025 04:53:07.196] [modloading-worker-0/INFO] [com.jaquadro.minecraft.storagedrawers.StorageDrawers/]: New compacting rule 4 clay_ball = 1 clay
[26Feb2025 04:53:07.223] [modloading-worker-0/INFO] [com.chunksending.ChunkSending/]: chunksending mod initialized
[26Feb2025 04:53:07.235] [modloading-worker-0/INFO] [com.recipeessentials.RecipeEssentials/]: recipeessentials mod initialized
[26Feb2025 04:53:07.235] [modloading-worker-0/INFO] [com.connectivity.Connectivity/]: Connectivity initialized
[26Feb2025 04:53:07.301] [modloading-worker-0/INFO] [com.axedgaming.endersdelight.EndersDelight/]: HELLO FROM PREINIT
[26Feb2025 04:53:07.301] [modloading-worker-0/INFO] [com.axedgaming.endersdelight.EndersDelight/]: DIRT BLOCK >> translation{key='block.minecraft.dirt', args=[]}
[26Feb2025 04:53:07.373] [modloading-worker-0/INFO] [com.limitedchunks.LimitedChunks/]: Limited chunkloading initialized
[26Feb2025 04:53:07.386] [Forge Version Check/INFO] [net.minecraftforge.fml.VersionChecker/]: [majruszsdifficulty] Starting version check at https://raw.githubusercontent.com/Majrusz/MinecraftCommon/main/ProgressiveDifficulty/update.json
[26Feb2025 04:53:07.439] [modloading-worker-0/INFO] [com.betterchunkloading.BetterChunkLoading/]: betterchunkloading mod initialized
[26Feb2025 04:53:07.469] [modloading-worker-0/INFO] [FTB Library/]: Setting game stages provider implementation to: KubeJS Stages
[26Feb2025 04:53:07.470] [modloading-worker-0/INFO] [FTB XMod Compat/]: Chose [KubeJS Stages] as the active game stages implementation
[26Feb2025 04:53:07.479] [modloading-worker-0/INFO] [FTB XMod Compat/]: Chose [FALLBACK] as the active permissions implementation
[26Feb2025 04:53:07.483] [modloading-worker-0/INFO] [FTB XMod Compat/]: [FTB Quests] recipe helper provider is [JEI]
[26Feb2025 04:53:07.487] [modloading-worker-0/INFO] [FTB XMod Compat/]: [FTB Chunks] Enabled Waystones integration
[26Feb2025 04:53:07.681] [Forge Version Check/INFO] [net.minecraftforge.fml.VersionChecker/]: [majruszsdifficulty] Found status: UP_TO_DATE Current: 1.9.10 Target: null
[26Feb2025 04:53:07.681] [Forge Version Check/INFO] [net.minecraftforge.fml.VersionChecker/]: [forgeendertech] Starting version check at https://forge.curseupdate.com/244844/forgeendertech
[26Feb2025 04:53:07.917] [main/INFO] [terrablender/]: Registered region biomesoplenty:overworld_primary to index 2 for type OVERWORLD
[26Feb2025 04:53:07.918] [main/INFO] [terrablender/]: Registered region biomesoplenty:overworld_secondary to index 3 for type OVERWORLD
[26Feb2025 04:53:07.918] [main/INFO] [terrablender/]: Registered region biomesoplenty:overworld_rare to index 4 for type OVERWORLD
[26Feb2025 04:53:07.918] [main/INFO] [terrablender/]: Registered region biomesoplenty:nether_common to index 1 for type NETHER
[26Feb2025 04:53:07.918] [main/INFO] [terrablender/]: Registered region biomesoplenty:nether_rare to index 2 for type NETHER
[26Feb2025 04:53:07.944] [Forge Version Check/INFO] [net.minecraftforge.fml.VersionChecker/]: [forgeendertech] Found status: UP_TO_DATE Current: 11.1.6.0 Target: null
[26Feb2025 04:53:07.944] [Forge Version Check/INFO] [net.minecraftforge.fml.VersionChecker/]: [harderspawners] Starting version check at https://github.com/mactso/HarderSpawners/raw/main/update.json
[26Feb2025 04:53:07.984] [main/INFO] [Every Compat/]: Registered 2121 compat blocks making up 21.49% of total blocks registered
[26Feb2025 04:53:08.030] [main/INFO] [com.eeeab.eeeabsmobs.EEEABMobs/]: Starting to register Curios item...
[26Feb2025 04:53:08.133] [main/WARN] [net.mehvahdjukaar.smarterfarmers.SmarterFarmers/]: Failed to add custom foods to villagers
[26Feb2025 04:53:08.133] [Forge Version Check/INFO] [net.minecraftforge.fml.VersionChecker/]: [harderspawners] Found status: BETA Current: 46.25.3 Target: 46.25.2
[26Feb2025 04:53:08.134] [Forge Version Check/INFO] [net.minecraftforge.fml.VersionChecker/]: [structure_gel] Starting version check at http://changelogs.moddinglegacy.com/structure-gel.json
[26Feb2025 04:53:08.227] [main/INFO] [Supplementaries/]: Finished mod setup in: [16, 5, 0, 0, 0, 0, 21, 10, 1] ms
[26Feb2025 04:53:08.263] [main/INFO] [terrablender/]: Registered region yungscavebiomes:overworld to index 5 for type OVERWORLD
[26Feb2025 04:53:08.379] [main/INFO] [Moonlight/]: Initialized color sets in 95ms
[26Feb2025 04:53:08.379] [main/INFO] [terrablender/]: Registered region regions_unexplored:primary to index 6 for type OVERWORLD
[26Feb2025 04:53:08.379] [main/INFO] [terrablender/]: Registered region regions_unexplored:secondary to index 7 for type OVERWORLD
[26Feb2025 04:53:08.379] [main/INFO] [terrablender/]: Registered region regions_unexplored:nether to index 3 for type NETHER
[26Feb2025 04:53:08.475] [modloading-worker-0/INFO] [xaero.minimap.XaeroMinimap/]: Loading Xaero's Minimap - Stage 1/2 (Server)
[26Feb2025 04:53:08.475] [modloading-worker-0/INFO] [xaero.map.server.WorldMapServer/]: Loading Xaero's World Map - Stage 1/2 (Server)
[26Feb2025 04:53:08.485] [Forge Version Check/INFO] [net.minecraftforge.fml.VersionChecker/]: [structure_gel] Found status: BETA Current: 2.16.2 Target: null
[26Feb2025 04:53:08.485] [Forge Version Check/INFO] [net.minecraftforge.fml.VersionChecker/]: [corpse] Starting version check at https://update.maxhenkel.de/forge/corpse
[26Feb2025 04:53:08.499] [main/INFO] [xaero.map.server.WorldMapServer/]: Loading Xaero's World Map - Stage 2/2 (Server)
[26Feb2025 04:53:08.499] [main/INFO] [xaero.minimap.XaeroMinimap/]: Loading Xaero's Minimap - Stage 2/2 (Server)
[26Feb2025 04:53:08.782] [modloading-worker-0/INFO] [com.eeeab.eeeabsmobs.EEEABMobs/]: Registering custom criteria trigger...
[26Feb2025 04:53:08.784] [modloading-worker-0/INFO] [ShoulderSurfing/]: Registering plugin for Shoulder Surfing Reloaded (shouldersurfing)
[26Feb2025 04:53:08.796] [modloading-worker-0/INFO] [customvillagertrades/]: CVT MESSAGE: Loading CVT global config
[26Feb2025 04:53:08.806] [modloading-worker-0/INFO] [customvillagertrades/]: CVT MESSAGE: Loading custom villager trades from file: toolsmith.json
[26Feb2025 04:53:08.922] [modloading-worker-0/ERROR] [net.minecraftforge.fml.loading.RuntimeDistCleaner/DISTXFORM]: Attempted to load class net/minecraft/client/Minecraft for invalid dist DEDICATED_SERVER
[26Feb2025 04:53:08.927] [modloading-worker-0/ERROR] [ShoulderSurfing/]: Failed to load plugin for Shoulder Surfing Reloaded (shouldersurfing)
java.lang.BootstrapMethodError: java.lang.RuntimeException: Attempted to load class net/minecraft/client/Minecraft for invalid dist DEDICATED_SERVER
	at com.github.exopandora.shouldersurfing.plugin.ShoulderSurfingPlugin.register(ShoulderSurfingPlugin.java:26) ~[ShoulderSurfing-Forge-1.20.1-4.9.1.jar%23772!/:1.20.1-4.9.1]
	at com.github.exopandora.shouldersurfing.plugin.PluginLoader.loadPlugin(PluginLoader.java:33) ~[ShoulderSurfing-Forge-1.20.1-4.9.1.jar%23772!/:1.20.1-4.9.1]
	at com.github.exopandora.shouldersurfing.forge.plugin.PluginLoaderForge.loadPlugins(PluginLoaderForge.java:23) ~[ShoulderSurfing-Forge-1.20.1-4.9.1.jar%23772!/:1.20.1-4.9.1]
	at com.github.exopandora.shouldersurfing.forge.ShoulderSurfingForge.loadComplete(ShoulderSurfingForge.java:73) ~[ShoulderSurfing-Forge-1.20.1-4.9.1.jar%23772!/:1.20.1-4.9.1]
	at net.minecraftforge.eventbus.EventBus.doCastFilter(EventBus.java:260) ~[eventbus-6.0.5.jar%2352!/:?]
	at net.minecraftforge.eventbus.EventBus.lambda$addListener$11(EventBus.java:252) ~[eventbus-6.0.5.jar%2352!/:?]
	at net.minecraftforge.eventbus.EventBus.post(EventBus.java:315) ~[eventbus-6.0.5.jar%2352!/:?]
	at net.minecraftforge.eventbus.EventBus.post(EventBus.java:296) ~[eventbus-6.0.5.jar%2352!/:?]
	at net.minecraftforge.fml.javafmlmod.FMLModContainer.acceptEvent(FMLModContainer.java:114) ~[javafmllanguage-1.20.1-47.3.7.jar%23861!/:?]
	at net.minecraftforge.fml.ModContainer.lambda$buildTransitionHandler$4(ModContainer.java:125) ~[fmlcore-1.20.1-47.3.7.jar%23860!/:?]
	at java.util.concurrent.CompletableFuture$AsyncRun.run(CompletableFuture.java:1804) ~[?:?]
	at java.util.concurrent.CompletableFuture$AsyncRun.exec(CompletableFuture.java:1796) ~[?:?]
	at java.util.concurrent.ForkJoinTask.doExec(ForkJoinTask.java:373) ~[?:?]
	at java.util.concurrent.ForkJoinPool$WorkQueue.topLevelExec(ForkJoinPool.java:1182) ~[?:?]
	at java.util.concurrent.ForkJoinPool.scan(ForkJoinPool.java:1655) ~[?:?]
	at java.util.concurrent.ForkJoinPool.runWorker(ForkJoinPool.java:1622) ~[?:?]
	at java.util.concurrent.ForkJoinWorkerThread.run(ForkJoinWorkerThread.java:165) ~[?:?]
Caused by: java.lang.RuntimeException: Attempted to load class net/minecraft/client/Minecraft for invalid dist DEDICATED_SERVER
	at net.minecraftforge.fml.loading.RuntimeDistCleaner.processClassWithFlags(RuntimeDistCleaner.java:57) ~[fmlloader-1.20.1-47.3.7.jar%2369!/:1.0]
	at cpw.mods.modlauncher.LaunchPluginHandler.offerClassNodeToPlugins(LaunchPluginHandler.java:88) ~[modlauncher-10.0.9.jar%2355!/:?]
	at cpw.mods.modlauncher.ClassTransformer.transform(ClassTransformer.java:120) ~[modlauncher-10.0.9.jar%2355!/:?]
	at cpw.mods.modlauncher.TransformingClassLoader.maybeTransformClassBytes(TransformingClassLoader.java:50) ~[modlauncher-10.0.9.jar%2355!/:?]
	at cpw.mods.cl.ModuleClassLoader.readerToClass(ModuleClassLoader.java:113) ~[securejarhandler-2.1.10.jar:?]
	at cpw.mods.cl.ModuleClassLoader.lambda$findClass$15(ModuleClassLoader.java:219) ~[securejarhandler-2.1.10.jar:?]
	at cpw.mods.cl.ModuleClassLoader.loadFromModule(ModuleClassLoader.java:229) ~[securejarhandler-2.1.10.jar:?]
	at cpw.mods.cl.ModuleClassLoader.findClass(ModuleClassLoader.java:219) ~[securejarhandler-2.1.10.jar:?]
	at cpw.mods.cl.ModuleClassLoader.loadClass(ModuleClassLoader.java:135) ~[securejarhandler-2.1.10.jar:?]
	at java.lang.ClassLoader.loadClass(ClassLoader.java:525) ~[?:?]
	... 17 more
[26Feb2025 04:53:08.964] [modloading-worker-0/INFO] [Jade/]: Start loading plugin at dev.shadowsoffire.gateways.compat.GatewayJadePlugin
[26Feb2025 04:53:08.968] [modloading-worker-0/INFO] [Jade/]: Start loading plugin at snownee.snow.compat.jade.JadeCompat
[26Feb2025 04:53:08.969] [modloading-worker-0/INFO] [Jade/]: Start loading plugin at de.maxhenkel.corpse.integration.waila.PluginCorpse
[26Feb2025 04:53:08.970] [modloading-worker-0/INFO] [Jade/]: Start loading plugin at snownee.kiwi.customization.compat.jade.JadeCompat
[26Feb2025 04:53:08.971] [modloading-worker-0/INFO] [Jade/]: Start loading plugin at com.github.exopandora.shouldersurfing.integration.ShoulderSurfingJadePlugin
[26Feb2025 04:53:08.972] [modloading-worker-0/INFO] [Jade/]: Start loading plugin at com.jaquadro.minecraft.storagedrawers.integration.Waila
[26Feb2025 04:53:08.972] [modloading-worker-0/INFO] [Jade/]: Start loading plugin at com.alekiponi.alekiships.compat.waila.JadeIntegration
[26Feb2025 04:53:08.975] [modloading-worker-0/INFO] [Jade/]: Start loading plugin at snownee.jade.addon.JadeAddonsBase
[26Feb2025 04:53:08.978] [modloading-worker-0/INFO] [de.mennomax.astikorcarts.AstikorCarts/]: Automatic pull animal configuration:
pull_animals = [
    "minecraft:camel",
    "minecraft:donkey",
    "minecraft:horse",
    "minecraft:mule",
    "minecraft:skeleton_horse",
    "minecraft:sniffer",
    "minecraft:zombie_horse",
    "minecraft:player",
    "bygonenether:wither_skeleton_horse",
    "alexscaves:candicorn"
  ]
[26Feb2025 04:53:08.985] [modloading-worker-0/INFO] [Jade/]: Start loading plugin at ht.treechop.compat.Jade
[26Feb2025 04:53:08.986] [modloading-worker-0/INFO] [Jade/]: Start loading plugin at net.untitledduckmod.compat.jade.JadePlugin
[26Feb2025 04:53:08.987] [modloading-worker-0/INFO] [Jade/]: Start loading plugin at net.mehvahdjukaar.supplementaries.integration.JadeCompat
[26Feb2025 04:53:08.988] [modloading-worker-0/INFO] [Jade/]: Start loading plugin at net.blay09.mods.waystones.compat.JadeIntegration
[26Feb2025 04:53:08.988] [modloading-worker-0/INFO] [Jade/]: Start loading plugin at snownee.jade.addon.vanilla.VanillaPlugin
[26Feb2025 04:53:09.007] [modloading-worker-0/INFO] [Jade/]: Start loading plugin at snownee.jade.addon.universal.UniversalPlugin
[26Feb2025 04:53:09.012] [modloading-worker-0/INFO] [Jade/]: Start loading plugin at snownee.jade.addon.core.CorePlugin
[26Feb2025 04:53:09.152] [Forge Version Check/INFO] [net.minecraftforge.fml.VersionChecker/]: [corpse] Found status: AHEAD Current: 1.20.1-1.0.20 Target: null
[26Feb2025 04:53:09.153] [Forge Version Check/INFO] [net.minecraftforge.fml.VersionChecker/]: [gml] Starting version check at https://maven.moddinginquisition.org/releases/org/groovymc/gml/gml/forge-promotions.json
[26Feb2025 04:53:09.510] [Forge Version Check/INFO] [net.minecraftforge.fml.VersionChecker/]: [gml] Found status: BETA Current: 4.0.9 Target: null
[26Feb2025 04:53:09.510] [Forge Version Check/INFO] [net.minecraftforge.fml.VersionChecker/]: [highlighter] Starting version check at https://mc-update-check.anthonyhilyard.com/521590
[26Feb2025 04:53:09.873] [Forge Version Check/INFO] [net.minecraftforge.fml.VersionChecker/]: [highlighter] Found status: UP_TO_DATE Current: 1.1.9 Target: null
[26Feb2025 04:53:09.873] [Forge Version Check/INFO] [net.minecraftforge.fml.VersionChecker/]: [toms_storage] Starting version check at https://raw.githubusercontent.com/tom5454/Toms-Storage/master/version-check.json
[26Feb2025 04:53:09.890] [Forge Version Check/INFO] [net.minecraftforge.fml.VersionChecker/]: [toms_storage] Found status: BETA Current: 1.7.0 Target: 1.6.9
[26Feb2025 04:53:09.890] [Forge Version Check/INFO] [net.minecraftforge.fml.VersionChecker/]: [enchantinginfuser] Starting version check at https://raw.githubusercontent.com/Fuzss/modresources/main/update/enchantinginfuser.json
[26Feb2025 04:53:09.904] [Forge Version Check/INFO] [net.minecraftforge.fml.VersionChecker/]: [enchantinginfuser] Found status: UP_TO_DATE Current: 8.0.3 Target: null
[26Feb2025 04:53:09.904] [Forge Version Check/INFO] [net.minecraftforge.fml.VersionChecker/]: [nebs] Starting version check at https://infernalstudios.org/api/mods/nekosenchantedbooks/forge
[26Feb2025 04:53:10.108] [Forge Version Check/INFO] [net.minecraftforge.fml.VersionChecker/]: [nebs] Found status: AHEAD Current: 2.0.2 Target: null
[26Feb2025 04:53:10.108] [Forge Version Check/INFO] [net.minecraftforge.fml.VersionChecker/]: [visualworkbench] Starting version check at https://raw.githubusercontent.com/Fuzss/modresources/main/update/visualworkbench.json
[26Feb2025 04:53:10.118] [main/INFO] [com.mojang.authlib.yggdrasil.YggdrasilAuthenticationService/]: Environment: authHost='https://authserver.mojang.com', accountsHost='https://api.mojang.com', sessionHost='https://sessionserver.mojang.com', servicesHost='https://api.minecraftservices.com', name='PROD'
[26Feb2025 04:53:10.126] [Forge Version Check/INFO] [net.minecraftforge.fml.VersionChecker/]: [visualworkbench] Found status: UP_TO_DATE Current: 8.0.0 Target: null
[26Feb2025 04:53:10.126] [Forge Version Check/INFO] [net.minecraftforge.fml.VersionChecker/]: [goblintraders] Starting version check at https://mrcrayfish.com/modupdatejson?id=goblintraders
[26Feb2025 04:53:11.176] [main/WARN] [net.minecraft.server.packs.VanillaPackResourcesBuilder/]: Assets URL 'union:/workspaces/max/servidor_minecraft/libraries/net/minecraft/server/1.20.1-20230612.114412/server-1.20.1-20230612.114412-srg.jar%23859!/assets/.mcassetsroot' uses unexpected schema
[26Feb2025 04:53:11.176] [main/WARN] [net.minecraft.server.packs.VanillaPackResourcesBuilder/]: Assets URL 'union:/workspaces/max/servidor_minecraft/libraries/net/minecraft/server/1.20.1-20230612.114412/server-1.20.1-20230612.114412-srg.jar%23859!/data/.mcassetsroot' uses unexpected schema
[26Feb2025 04:53:12.036] [main/WARN] [mixin/]: Static binding violation: PRIVATE @Overwrite method m_215924_ in modernfix-forge.mixins.json:perf.tag_id_caching.TagEntryMixin cannot reduce visibiliy of PUBLIC target method, visibility will be upgraded.
[26Feb2025 04:53:13.268] [main/INFO] [Every Compat/]: Generated runtime SERVER_DATA for pack Everycomp Generated Pack (everycomp) in: 1451 ms
[26Feb2025 04:53:13.316] [main/INFO] [suppsquared/]: Generated runtime SERVER_DATA for pack Suppsquared Generated Pack (suppsquared) in: 47 ms
[26Feb2025 04:53:13.362] [Forge Version Check/INFO] [net.minecraftforge.fml.VersionChecker/]: [goblintraders] Found status: BETA Current: 1.9.3 Target: 1.9.3
[26Feb2025 04:53:13.362] [Forge Version Check/INFO] [net.minecraftforge.fml.VersionChecker/]: [mr_hero_proof] Starting version check at https://api.modrinth.com/updates/GDmztpJg/forge_updates.json
[26Feb2025 04:53:13.388] [main/INFO] [Supplementaries/]: Generated runtime SERVER_DATA for pack Supplementaries Generated Pack (supplementaries) in: 65 ms
[26Feb2025 04:53:13.566] [Forge Version Check/INFO] [net.minecraftforge.fml.VersionChecker/]: [mr_hero_proof] Found status: OUTDATED Current: 5.2.1 Target: 5.2.1+mod
[26Feb2025 04:53:13.566] [Forge Version Check/INFO] [net.minecraftforge.fml.VersionChecker/]: [trade_cycling] Starting version check at https://update.maxhenkel.de/forge/trade_cycling
[26Feb2025 04:53:13.712] [Forge Version Check/INFO] [net.minecraftforge.fml.VersionChecker/]: [trade_cycling] Found status: OUTDATED Current: 1.20.1-1.0.15 Target: 1.20.1-1.0.17
[26Feb2025 04:53:13.713] [Forge Version Check/INFO] [net.minecraftforge.fml.VersionChecker/]: [adlods] Starting version check at https://forge.curseupdate.com/318833/adlods
[26Feb2025 04:53:13.766] [Forge Version Check/INFO] [net.minecraftforge.fml.VersionChecker/]: [adlods] Found status: OUTDATED Current: 8.1.3.1 Target: 8.1.3.2
[26Feb2025 04:53:13.766] [Forge Version Check/INFO] [net.minecraftforge.fml.VersionChecker/]: [flywheel] Starting version check at https://api.modrinth.com/updates/flywheel/forge_updates.json
[26Feb2025 04:53:13.876] [Forge Version Check/INFO] [net.minecraftforge.fml.VersionChecker/]: [flywheel] Found status: BETA Current: 0.6.11-13 Target: null
[26Feb2025 04:53:13.876] [Forge Version Check/INFO] [net.minecraftforge.fml.VersionChecker/]: [completionistsindex] Starting version check at https://raw.githubusercontent.com/Fuzss/modresources/main/update/completionistsindex.json
[26Feb2025 04:53:13.894] [Forge Version Check/INFO] [net.minecraftforge.fml.VersionChecker/]: [completionistsindex] Found status: UP_TO_DATE Current: 8.0.0 Target: null
[26Feb2025 04:53:13.895] [Forge Version Check/INFO] [net.minecraftforge.fml.VersionChecker/]: [prism] Starting version check at https://mc-update-check.anthonyhilyard.com/638111
[26Feb2025 04:53:13.964] [Forge Version Check/INFO] [net.minecraftforge.fml.VersionChecker/]: [prism] Found status: UP_TO_DATE Current: 1.0.5 Target: null
[26Feb2025 04:53:13.964] [Forge Version Check/INFO] [net.minecraftforge.fml.VersionChecker/]: [cobweb] Starting version check at https://api.modrinth.com/updates/cobweb/forge_updates.json
[26Feb2025 04:53:13.984] [main/INFO] [Every Compat/]: Generated runtime SERVER_DATA for pack Everycomp Generated Pack (everycomp) in: 512 ms
[26Feb2025 04:53:13.997] [main/INFO] [suppsquared/]: Generated runtime SERVER_DATA for pack Suppsquared Generated Pack (suppsquared) in: 12 ms
[26Feb2025 04:53:14.005] [main/INFO] [Supplementaries/]: Generated runtime SERVER_DATA for pack Supplementaries Generated Pack (supplementaries) in: 7 ms
[26Feb2025 04:53:14.051] [Forge Version Check/INFO] [net.minecraftforge.fml.VersionChecker/]: [cobweb] Found status: UP_TO_DATE Current: 1.0.1 Target: null
[26Feb2025 04:53:14.052] [Forge Version Check/INFO] [net.minecraftforge.fml.VersionChecker/]: [bookshelf] Starting version check at https://updates.blamejared.com/get?n=bookshelf&gv=1.20.1
[26Feb2025 04:53:14.592] [Forge Version Check/INFO] [net.minecraftforge.fml.VersionChecker/]: [bookshelf] Found status: BETA Current: 20.2.13 Target: 20.2.13
[26Feb2025 04:53:14.592] [Forge Version Check/INFO] [net.minecraftforge.fml.VersionChecker/]: [shieldexp] Starting version check at https://infernalstudios.org/api/mods/shieldexpansion/forge
[26Feb2025 04:53:14.622] [Forge Version Check/INFO] [net.minecraftforge.fml.VersionChecker/]: [shieldexp] Found status: BETA Current: 1.2.2 Target: null
[26Feb2025 04:53:14.624] [Forge Version Check/INFO] [net.minecraftforge.fml.VersionChecker/]: [anvilrepairing] Starting version check at https://updates.blamejared.com/get?n=anvilrepairing&gv=1.20.1
[26Feb2025 04:53:14.771] [Forge Version Check/INFO] [net.minecraftforge.fml.VersionChecker/]: [anvilrepairing] Found status: BETA Current: 4.0.9 Target: 4.0.9
[26Feb2025 04:53:14.772] [Forge Version Check/INFO] [net.minecraftforge.fml.VersionChecker/]: [framework] Starting version check at https://mrcrayfish.com/modupdatejson?id=framework
[26Feb2025 04:53:14.774] [main/INFO] [KubeJS Server/]: example.js#5: Hello, World! (Loaded server scripts)
[26Feb2025 04:53:14.774] [main/INFO] [KubeJS Server/]: Loaded script server_scripts:example.js in 0.001 s
[26Feb2025 04:53:14.774] [main/INFO] [KubeJS Server/]: Loaded 1/1 KubeJS server scripts in 0.023 s with 0 errors and 0 warnings
[26Feb2025 04:53:14.775] [main/INFO] [KubeJS Server/]: Scripts loaded
[26Feb2025 04:53:14.828] [main/INFO] [com.teamabnormals.blueprint.core.Blueprint/]: Successfully loaded 0 data remolders!
[26Feb2025 04:53:15.304] [Forge Version Check/INFO] [net.minecraftforge.fml.VersionChecker/]: [framework] Found status: BETA Current: 0.7.12 Target: 0.7.12
[26Feb2025 04:53:15.305] [Forge Version Check/INFO] [net.minecraftforge.fml.VersionChecker/]: [easymagic] Starting version check at https://raw.githubusercontent.com/Fuzss/modresources/main/update/easymagic.json
[26Feb2025 04:53:15.318] [Forge Version Check/INFO] [net.minecraftforge.fml.VersionChecker/]: [easymagic] Found status: UP_TO_DATE Current: 8.0.1 Target: null
[26Feb2025 04:53:15.318] [Forge Version Check/INFO] [net.minecraftforge.fml.VersionChecker/]: [obscure_api] Starting version check at https://raw.githubusercontent.com/ObscuriaLithium/Home/main/obscure_api/versions.json
[26Feb2025 04:53:15.504] [Forge Version Check/WARN] [net.minecraftforge.fml.VersionChecker/]: Failed to process update information
com.google.gson.JsonSyntaxException: java.lang.IllegalStateException: Expected BEGIN_OBJECT but was NUMBER at line 1 column 4 path $
	at com.google.gson.Gson.fromJson(Gson.java:1226) ~[gson-2.10.jar%2372!/:?]
	at com.google.gson.Gson.fromJson(Gson.java:1124) ~[gson-2.10.jar%2372!/:?]
	at com.google.gson.Gson.fromJson(Gson.java:1034) ~[gson-2.10.jar%2372!/:?]
	at com.google.gson.Gson.fromJson(Gson.java:969) ~[gson-2.10.jar%2372!/:?]
	at net.minecraftforge.fml.VersionChecker$1.process(VersionChecker.java:183) ~[fmlcore-1.20.1-47.3.7.jar%23860!/:?]
	at java.lang.Iterable.forEach(Iterable.java:75) ~[?:?]
	at net.minecraftforge.fml.VersionChecker$1.run(VersionChecker.java:114) ~[fmlcore-1.20.1-47.3.7.jar%23860!/:?]
Caused by: java.lang.IllegalStateException: Expected BEGIN_OBJECT but was NUMBER at line 1 column 4 path $
	at com.google.gson.stream.JsonReader.beginObject(JsonReader.java:393) ~[gson-2.10.jar%2372!/:?]
	at com.google.gson.internal.bind.MapTypeAdapterFactory$Adapter.read(MapTypeAdapterFactory.java:182) ~[gson-2.10.jar%2372!/:?]
	at com.google.gson.internal.bind.MapTypeAdapterFactory$Adapter.read(MapTypeAdapterFactory.java:144) ~[gson-2.10.jar%2372!/:?]
	at com.google.gson.Gson.fromJson(Gson.java:1214) ~[gson-2.10.jar%2372!/:?]
	... 6 more
[26Feb2025 04:53:15.506] [Forge Version Check/INFO] [net.minecraftforge.fml.VersionChecker/]: [clumps] Starting version check at https://updates.blamejared.com/get?n=clumps&gv=1.20.1
[26Feb2025 04:53:15.653] [Forge Version Check/INFO] [net.minecraftforge.fml.VersionChecker/]: [clumps] Found status: BETA Current: 12.0.0.4 Target: 12.0.0.4
[26Feb2025 04:53:15.654] [Forge Version Check/INFO] [net.minecraftforge.fml.VersionChecker/]: [smoothboot] Starting version check at https://github.com/AbdElAziz333/SmoothBoot-Reloaded/raw/mc1.20.1/dev/updates.json
[26Feb2025 04:53:15.720] [Forge Version Check/INFO] [net.minecraftforge.fml.VersionChecker/]: [smoothboot] Found status: UP_TO_DATE Current: 0.0.4 Target: null
[26Feb2025 04:53:15.721] [Forge Version Check/INFO] [net.minecraftforge.fml.VersionChecker/]: [betterf3] Starting version check at https://api.modrinth.com/updates/betterf3/forge_updates.json
[26Feb2025 04:53:15.881] [Forge Version Check/INFO] [net.minecraftforge.fml.VersionChecker/]: [betterf3] Found status: UP_TO_DATE Current: 7.0.2 Target: null
[26Feb2025 04:53:15.881] [Forge Version Check/INFO] [net.minecraftforge.fml.VersionChecker/]: [majruszsenchantments] Starting version check at https://raw.githubusercontent.com/Majrusz/MinecraftCommon/main/Enchantments/update.json
[26Feb2025 04:53:15.893] [Forge Version Check/INFO] [net.minecraftforge.fml.VersionChecker/]: [majruszsenchantments] Found status: UP_TO_DATE Current: 1.10.8 Target: null
[26Feb2025 04:53:15.893] [Forge Version Check/INFO] [net.minecraftforge.fml.VersionChecker/]: [overflowingbars] Starting version check at https://raw.githubusercontent.com/Fuzss/modresources/main/update/overflowingbars.json
[26Feb2025 04:53:15.906] [Forge Version Check/INFO] [net.minecraftforge.fml.VersionChecker/]: [overflowingbars] Found status: UP_TO_DATE Current: 8.0.1 Target: null
[26Feb2025 04:53:15.906] [Forge Version Check/INFO] [net.minecraftforge.fml.VersionChecker/]: [saturn] Starting version check at https://github.com/AbdElAziz333/Saturn/raw/mc1.20.1/dev/updates.json
[26Feb2025 04:53:16.117] [Forge Version Check/WARN] [net.minecraftforge.fml.VersionChecker/]: Failed to process update information
com.google.gson.JsonSyntaxException: java.lang.IllegalStateException: Expected BEGIN_OBJECT but was STRING at line 9 column 1 path $
	at com.google.gson.Gson.fromJson(Gson.java:1226) ~[gson-2.10.jar%2372!/:?]
	at com.google.gson.Gson.fromJson(Gson.java:1124) ~[gson-2.10.jar%2372!/:?]
	at com.google.gson.Gson.fromJson(Gson.java:1034) ~[gson-2.10.jar%2372!/:?]
	at com.google.gson.Gson.fromJson(Gson.java:969) ~[gson-2.10.jar%2372!/:?]
	at net.minecraftforge.fml.VersionChecker$1.process(VersionChecker.java:183) ~[fmlcore-1.20.1-47.3.7.jar%23860!/:?]
	at java.lang.Iterable.forEach(Iterable.java:75) ~[?:?]
	at net.minecraftforge.fml.VersionChecker$1.run(VersionChecker.java:114) ~[fmlcore-1.20.1-47.3.7.jar%23860!/:?]
Caused by: java.lang.IllegalStateException: Expected BEGIN_OBJECT but was STRING at line 9 column 1 path $
	at com.google.gson.stream.JsonReader.beginObject(JsonReader.java:393) ~[gson-2.10.jar%2372!/:?]
	at com.google.gson.internal.bind.MapTypeAdapterFactory$Adapter.read(MapTypeAdapterFactory.java:182) ~[gson-2.10.jar%2372!/:?]
	at com.google.gson.internal.bind.MapTypeAdapterFactory$Adapter.read(MapTypeAdapterFactory.java:144) ~[gson-2.10.jar%2372!/:?]
	at com.google.gson.Gson.fromJson(Gson.java:1214) ~[gson-2.10.jar%2372!/:?]
	... 6 more
[26Feb2025 04:53:16.120] [Forge Version Check/INFO] [net.minecraftforge.fml.VersionChecker/]: [secondchanceforge] Starting version check at https://infernalstudios.org/api/mods/secondchanceforge/forge
[26Feb2025 04:53:16.147] [Forge Version Check/INFO] [net.minecraftforge.fml.VersionChecker/]: [secondchanceforge] Found status: BETA Current: 1.5.1 Target: null
[26Feb2025 04:53:16.147] [Forge Version Check/INFO] [net.minecraftforge.fml.VersionChecker/]: [easyanvils] Starting version check at https://raw.githubusercontent.com/Fuzss/modresources/main/update/easyanvils.json
[26Feb2025 04:53:16.161] [Forge Version Check/INFO] [net.minecraftforge.fml.VersionChecker/]: [easyanvils] Found status: UP_TO_DATE Current: 8.0.2 Target: null
[26Feb2025 04:53:16.161] [Forge Version Check/INFO] [net.minecraftforge.fml.VersionChecker/]: [sound_physics_remastered] Starting version check at https://update.maxhenkel.de/forge/sound_physics_remastered
[26Feb2025 04:53:16.307] [Forge Version Check/INFO] [net.minecraftforge.fml.VersionChecker/]: [sound_physics_remastered] Found status: AHEAD Current: 1.20.1-1.4.8 Target: null
[26Feb2025 04:53:16.307] [Forge Version Check/INFO] [net.minecraftforge.fml.VersionChecker/]: [maxhealthfix] Starting version check at https://updates.blamejared.com/get?n=maxhealthfix&gv=1.20.1
[26Feb2025 04:53:16.453] [Forge Version Check/INFO] [net.minecraftforge.fml.VersionChecker/]: [maxhealthfix] Found status: BETA Current: 12.0.3 Target: 12.0.3
[26Feb2025 04:53:16.453] [Forge Version Check/INFO] [net.minecraftforge.fml.VersionChecker/]: [resourcepackoverrides] Starting version check at https://raw.githubusercontent.com/Fuzss/modresources/main/update/resourcepackoverrides.json
[26Feb2025 04:53:16.498] [Forge Version Check/INFO] [net.minecraftforge.fml.VersionChecker/]: [resourcepackoverrides] Found status: UP_TO_DATE Current: 8.0.3 Target: null
[26Feb2025 04:53:16.498] [Forge Version Check/INFO] [net.minecraftforge.fml.VersionChecker/]: [guardvillagers] Starting version check at https://raw.githubusercontent.com/seymourimadeit/guardvillagers/master/update.json
[26Feb2025 04:53:16.516] [Forge Version Check/INFO] [net.minecraftforge.fml.VersionChecker/]: [guardvillagers] Found status: BETA Current: 1.20.1-1.6.10 Target: 1.20-1.6.5
[26Feb2025 04:53:16.516] [Forge Version Check/INFO] [net.minecraftforge.fml.VersionChecker/]: [mr_tidal_towns] Starting version check at https://api.modrinth.com/updates/EEIwvQVo/forge_updates.json
[26Feb2025 04:53:16.596] [Forge Version Check/INFO] [net.minecraftforge.fml.VersionChecker/]: [mr_tidal_towns] Found status: OUTDATED Current: 1.3.4 Target: 1.3.4+mod
[26Feb2025 04:53:16.597] [Forge Version Check/INFO] [net.minecraftforge.fml.VersionChecker/]: [searchables] Starting version check at https://updates.blamejared.com/get?n=searchables&gv=1.20.1
[26Feb2025 04:53:16.743] [Forge Version Check/INFO] [net.minecraftforge.fml.VersionChecker/]: [searchables] Found status: BETA Current: 1.0.3 Target: 1.0.3
[26Feb2025 04:53:16.743] [Forge Version Check/INFO] [net.minecraftforge.fml.VersionChecker/]: [mr_limesplatus_ending] Starting version check at https://api.modrinth.com/updates/MCnBYP0b/forge_updates.json
[26Feb2025 04:53:16.820] [Forge Version Check/INFO] [net.minecraftforge.fml.VersionChecker/]: [mr_limesplatus_ending] Found status: OUTDATED Current: 1-v1.1.0c Target: 1.1.0c+mod
[26Feb2025 04:53:16.820] [Forge Version Check/INFO] [net.minecraftforge.fml.VersionChecker/]: [easyshulkerboxes] Starting version check at https://raw.githubusercontent.com/Fuzss/modresources/main/update/easyshulkerboxes.json
[26Feb2025 04:53:16.835] [Forge Version Check/INFO] [net.minecraftforge.fml.VersionChecker/]: [easyshulkerboxes] Found status: UP_TO_DATE Current: 8.0.2 Target: null
[26Feb2025 04:53:16.835] [Forge Version Check/INFO] [net.minecraftforge.fml.VersionChecker/]: [sliceanddice] Starting version check at https://api.modrinth.com/updates/slice-and-dice/forge_updates.json
[26Feb2025 04:53:16.919] [Forge Version Check/INFO] [net.minecraftforge.fml.VersionChecker/]: [sliceanddice] Found status: UP_TO_DATE Current: 3.3.0 Target: null
[26Feb2025 04:53:16.919] [Forge Version Check/INFO] [net.minecraftforge.fml.VersionChecker/]: [majruszlibrary] Starting version check at https://raw.githubusercontent.com/Majrusz/MinecraftCommon/main/Library/update.json
[26Feb2025 04:53:16.931] [Forge Version Check/INFO] [net.minecraftforge.fml.VersionChecker/]: [majruszlibrary] Found status: AHEAD Current: 7.0.8 Target: null
[26Feb2025 04:53:16.931] [Forge Version Check/INFO] [net.minecraftforge.fml.VersionChecker/]: [darkpaintings] Starting version check at https://updates.blamejared.com/get?n=darkpaintings&gv=1.20.1
[26Feb2025 04:53:17.078] [Forge Version Check/INFO] [net.minecraftforge.fml.VersionChecker/]: [darkpaintings] Found status: BETA Current: 17.0.4 Target: 17.0.4
[26Feb2025 04:53:17.079] [Forge Version Check/INFO] [net.minecraftforge.fml.VersionChecker/]: [stylisheffects] Starting version check at https://raw.githubusercontent.com/Fuzss/modresources/main/update/stylisheffects.json
[26Feb2025 04:53:17.094] [Forge Version Check/INFO] [net.minecraftforge.fml.VersionChecker/]: [stylisheffects] Found status: UP_TO_DATE Current: 8.0.2 Target: null
[26Feb2025 04:53:17.094] [Forge Version Check/INFO] [net.minecraftforge.fml.VersionChecker/]: [puzzlesapi] Starting version check at https://raw.githubusercontent.com/Fuzss/modresources/main/update/puzzlesapi.json
[26Feb2025 04:53:17.110] [Forge Version Check/INFO] [net.minecraftforge.fml.VersionChecker/]: [puzzlesapi] Found status: BETA Current: 8.1.6 Target: null
[26Feb2025 04:53:17.111] [Forge Version Check/INFO] [net.minecraftforge.fml.VersionChecker/]: [universalbonemeal] Starting version check at https://raw.githubusercontent.com/Fuzss/modresources/main/update/universalbonemeal.json
[26Feb2025 04:53:17.127] [Forge Version Check/INFO] [net.minecraftforge.fml.VersionChecker/]: [universalbonemeal] Found status: UP_TO_DATE Current: 8.0.1 Target: null
[26Feb2025 04:53:17.127] [Forge Version Check/INFO] [net.minecraftforge.fml.VersionChecker/]: [stoneworks] Starting version check at https://raw.githubusercontent.com/Fuzss/modresources/main/update/stoneworks.json
[26Feb2025 04:53:17.143] [Forge Version Check/INFO] [net.minecraftforge.fml.VersionChecker/]: [stoneworks] Found status: UP_TO_DATE Current: 8.0.0 Target: null
[26Feb2025 04:53:17.144] [Forge Version Check/INFO] [net.minecraftforge.fml.VersionChecker/]: [mr_blossom_blade] Starting version check at https://api.modrinth.com/updates/UMmSTwE0/forge_updates.json
[26Feb2025 04:53:17.225] [Forge Version Check/INFO] [net.minecraftforge.fml.VersionChecker/]: [mr_blossom_blade] Found status: OUTDATED Current: 1.2 Target: 1.2+mod
[26Feb2025 04:53:17.225] [Forge Version Check/INFO] [net.minecraftforge.fml.VersionChecker/]: [puzzlesaccessapi] Starting version check at https://raw.githubusercontent.com/Fuzss/modresources/main/update/puzzlesaccessapi.json
[26Feb2025 04:53:17.341] [Forge Version Check/INFO] [net.minecraftforge.fml.VersionChecker/]: [puzzlesaccessapi] Found status: BETA Current: 8.0.9 Target: null
[26Feb2025 04:53:17.341] [Forge Version Check/INFO] [net.minecraftforge.fml.VersionChecker/]: [forge] Starting version check at https://files.minecraftforge.net/net/minecraftforge/forge/promotions_slim.json
[26Feb2025 04:53:17.560] [Forge Version Check/INFO] [net.minecraftforge.fml.VersionChecker/]: [forge] Found status: OUTDATED Current: 47.3.7 Target: 47.3.33
[26Feb2025 04:53:17.560] [Forge Version Check/INFO] [net.minecraftforge.fml.VersionChecker/]: [betterdays] Starting version check at https://raw.githubusercontent.com/wendall911/BetterDays/1.20.1/files/updates.json
[26Feb2025 04:53:17.574] [Forge Version Check/INFO] [net.minecraftforge.fml.VersionChecker/]: [betterdays] Found status: UP_TO_DATE Current: 1.20.1-3.1.1.1-FORGE Target: null
[26Feb2025 04:53:17.574] [Forge Version Check/INFO] [net.minecraftforge.fml.VersionChecker/]: [bestylewither] Starting version check at https://raw.githubusercontent.com/MORIMORI0317/BEStyleWither/main/version_check.json
[26Feb2025 04:53:17.585] [Forge Version Check/INFO] [net.minecraftforge.fml.VersionChecker/]: [bestylewither] Found status: UP_TO_DATE Current: 1.6.1 Target: null
[26Feb2025 04:53:17.585] [Forge Version Check/INFO] [net.minecraftforge.fml.VersionChecker/]: [leavemybarsalone] Starting version check at https://raw.githubusercontent.com/Fuzss/modresources/main/update/leavemybarsalone.json
[26Feb2025 04:53:17.599] [Forge Version Check/INFO] [net.minecraftforge.fml.VersionChecker/]: [leavemybarsalone] Found status: UP_TO_DATE Current: 8.0.0 Target: null
[26Feb2025 04:53:17.599] [Forge Version Check/INFO] [net.minecraftforge.fml.VersionChecker/]: [canary] Starting version check at https://github.com/AbdElAziz333/Canary/raw/mc1.19.2/dev/updates.json
[26Feb2025 04:53:17.728] [Forge Version Check/INFO] [net.minecraftforge.fml.VersionChecker/]: [canary] Found status: UP_TO_DATE Current: 0.3.3 Target: null
[26Feb2025 04:53:17.728] [Forge Version Check/INFO] [net.minecraftforge.fml.VersionChecker/]: [embeddium_extra] Starting version check at https://api.modrinth.com/updates/rubidium-extra/forge_updates.json
[26Feb2025 04:53:17.875] [Forge Version Check/INFO] [net.minecraftforge.fml.VersionChecker/]: [embeddium_extra] Found status: UP_TO_DATE Current: 0.5.4.4+mc1.20.1-build.131 Target: null
[26Feb2025 04:53:17.875] [Forge Version Check/INFO] [net.minecraftforge.fml.VersionChecker/]: [puzzleslib] Starting version check at https://raw.githubusercontent.com/Fuzss/modresources/main/update/puzzleslib.json
[26Feb2025 04:53:17.887] [Forge Version Check/INFO] [net.minecraftforge.fml.VersionChecker/]: [puzzleslib] Found status: UP_TO_DATE Current: 8.1.25 Target: null
[26Feb2025 04:53:17.887] [Forge Version Check/INFO] [net.minecraftforge.fml.VersionChecker/]: [aquamirae] Starting version check at https://raw.githubusercontent.com/ObscuriaLithium/Home/main/aquamirae/versions.json
[26Feb2025 04:53:17.991] [Forge Version Check/WARN] [net.minecraftforge.fml.VersionChecker/]: Failed to process update information
com.google.gson.JsonSyntaxException: java.lang.IllegalStateException: Expected BEGIN_OBJECT but was NUMBER at line 1 column 4 path $
	at com.google.gson.Gson.fromJson(Gson.java:1226) ~[gson-2.10.jar%2372!/:?]
	at com.google.gson.Gson.fromJson(Gson.java:1124) ~[gson-2.10.jar%2372!/:?]
	at com.google.gson.Gson.fromJson(Gson.java:1034) ~[gson-2.10.jar%2372!/:?]
	at com.google.gson.Gson.fromJson(Gson.java:969) ~[gson-2.10.jar%2372!/:?]
	at net.minecraftforge.fml.VersionChecker$1.process(VersionChecker.java:183) ~[fmlcore-1.20.1-47.3.7.jar%23860!/:?]
	at java.lang.Iterable.forEach(Iterable.java:75) ~[?:?]
	at net.minecraftforge.fml.VersionChecker$1.run(VersionChecker.java:114) ~[fmlcore-1.20.1-47.3.7.jar%23860!/:?]
Caused by: java.lang.IllegalStateException: Expected BEGIN_OBJECT but was NUMBER at line 1 column 4 path $
	at com.google.gson.stream.JsonReader.beginObject(JsonReader.java:393) ~[gson-2.10.jar%2372!/:?]
	at com.google.gson.internal.bind.MapTypeAdapterFactory$Adapter.read(MapTypeAdapterFactory.java:182) ~[gson-2.10.jar%2372!/:?]
	at com.google.gson.internal.bind.MapTypeAdapterFactory$Adapter.read(MapTypeAdapterFactory.java:144) ~[gson-2.10.jar%2372!/:?]
	at com.google.gson.Gson.fromJson(Gson.java:1214) ~[gson-2.10.jar%2372!/:?]
	... 6 more
[26Feb2025 04:53:17.991] [Forge Version Check/INFO] [net.minecraftforge.fml.VersionChecker/]: [crittersandcompanions] Starting version check at https://api.modrinth.com/updates/critters-and-companions/forge_updates.json
[26Feb2025 04:53:18.073] [Forge Version Check/INFO] [net.minecraftforge.fml.VersionChecker/]: [crittersandcompanions] Found status: UP_TO_DATE Current: 2.2.2 Target: null
[26Feb2025 04:53:18.073] [Forge Version Check/INFO] [net.minecraftforge.fml.VersionChecker/]: [controlling] Starting version check at https://updates.blamejared.com/get?n=controlling&gv=1.20.1
[26Feb2025 04:53:18.219] [Forge Version Check/INFO] [net.minecraftforge.fml.VersionChecker/]: [controlling] Found status: BETA Current: 12.0.2 Target: 12.0.2
[26Feb2025 04:53:18.220] [Forge Version Check/INFO] [net.minecraftforge.fml.VersionChecker/]: [supplementaries] Starting version check at https://raw.githubusercontent.com/MehVahdJukaar/Supplementaries/1.20/forge/update.json
[26Feb2025 04:53:18.247] [Forge Version Check/INFO] [net.minecraftforge.fml.VersionChecker/]: [supplementaries] Found status: BETA Current: 1.20-3.1.12 Target: null
[26Feb2025 04:53:18.248] [Forge Version Check/INFO] [net.minecraftforge.fml.VersionChecker/]: [configured] Starting version check at https://mrcrayfish.com/modupdatejson?id=configured
[26Feb2025 04:53:18.908] [Forge Version Check/INFO] [net.minecraftforge.fml.VersionChecker/]: [configured] Found status: BETA Current: 2.2.3 Target: 2.2.3
[26Feb2025 04:53:18.909] [Forge Version Check/INFO] [net.minecraftforge.fml.VersionChecker/]: [mr_lukis_grandcapitals] Starting version check at https://api.modrinth.com/updates/8Lw09aLb/forge_updates.json
[26Feb2025 04:53:18.996] [Forge Version Check/INFO] [net.minecraftforge.fml.VersionChecker/]: [mr_lukis_grandcapitals] Found status: OUTDATED Current: 1.1.1 Target: 1.1.1+mod
[26Feb2025 04:53:18.997] [Forge Version Check/INFO] [net.minecraftforge.fml.VersionChecker/]: [enchdesc] Starting version check at https://updates.blamejared.com/get?n=enchdesc&gv=1.20.1
[26Feb2025 04:53:19.142] [Forge Version Check/INFO] [net.minecraftforge.fml.VersionChecker/]: [enchdesc] Found status: BETA Current: 17.1.19 Target: 17.1.19
[26Feb2025 04:53:19.142] [Forge Version Check/INFO] [net.minecraftforge.fml.VersionChecker/]: [moonlight] Starting version check at https://raw.githubusercontent.com/MehVahdJukaar/Moonlight/multi-loader/forge/update.json
[26Feb2025 04:53:19.168] [Forge Version Check/INFO] [net.minecraftforge.fml.VersionChecker/]: [moonlight] Found status: BETA Current: 1.20-2.13.58 Target: null
[26Feb2025 04:53:19.168] [Forge Version Check/INFO] [net.minecraftforge.fml.VersionChecker/]: [torch_hit] Starting version check at https://api.modrinth.com/updates/torch-hit/forge_updates.json
[26Feb2025 04:53:19.255] [Forge Version Check/INFO] [net.minecraftforge.fml.VersionChecker/]: [torch_hit] Found status: UP_TO_DATE Current: 7.0.0 Target: null
[26Feb2025 04:53:19.255] [Forge Version Check/INFO] [net.minecraftforge.fml.VersionChecker/]: [soul_fire_d] Starting version check at https://api.modrinth.com/updates/soul-fire-d/forge_updates.json
[26Feb2025 04:53:19.344] [Forge Version Check/INFO] [net.minecraftforge.fml.VersionChecker/]: [soul_fire_d] Found status: UP_TO_DATE Current: 4.0.10 Target: null
[26Feb2025 04:53:19.344] [Forge Version Check/INFO] [net.minecraftforge.fml.VersionChecker/]: [iceberg] Starting version check at https://mc-update-check.anthonyhilyard.com/520110
[26Feb2025 04:53:19.528] [Forge Version Check/INFO] [net.minecraftforge.fml.VersionChecker/]: [iceberg] Found status: UP_TO_DATE Current: 1.1.25 Target: null
[26Feb2025 04:53:19.529] [Forge Version Check/INFO] [net.minecraftforge.fml.VersionChecker/]: [rrls] Starting version check at https://api.modrinth.com/updates/rrls/forge_updates.json
[26Feb2025 04:53:19.636] [Forge Version Check/INFO] [net.minecraftforge.fml.VersionChecker/]: [rrls] Found status: UP_TO_DATE Current: 4.0.6.1+mc1.20.1-forge Target: null
[26Feb2025 04:53:19.637] [Forge Version Check/INFO] [net.minecraftforge.fml.VersionChecker/]: [presencefootsteps] Starting version check at https://forge.curseupdate.com/433068/presencefootsteps
[26Feb2025 04:53:19.693] [Forge Version Check/INFO] [net.minecraftforge.fml.VersionChecker/]: [presencefootsteps] Found status: BETA Current: 1.20.1-1.9.1-beta.1 Target: 1.20.1-1.9.1-beta.1
[26Feb2025 04:53:20.823] [main/INFO] [com.github.alexthe666.alexsmobs.AlexsMobs/]: Adding datapack listener capsid_recipes
[26Feb2025 04:53:21.915] [Worker-Main-2/ERROR] [net.minecraft.tags.TagLoader/]: Not a JSON object: "TFBiomes.SNOWY_FOREST"
[26Feb2025 04:53:21.917] [Worker-Main-2/ERROR] [net.minecraft.tags.TagLoader/]: Couldn't read tag list minecraft:snowy from minecraft:tags/worldgen/biome/snowy.json in data pack mowzie_respawner-1.0.0-forge-1.20.1.jar
java.lang.RuntimeException: Not a JSON object: "TFBiomes.SNOWY_FOREST"
	at com.mojang.serialization.DataResult.lambda$getOrThrow$5(DataResult.java:101) ~[datafixerupper-6.0.8.jar%2377!/:?]
	at com.mojang.datafixers.util.Either$Right.map(Either.java:99) ~[datafixerupper-6.0.8.jar%2377!/:?]
	at com.mojang.serialization.DataResult.getOrThrow(DataResult.java:93) ~[datafixerupper-6.0.8.jar%2377!/:?]
	at net.minecraft.tags.TagLoader.m_144495_(TagLoader.java:53) ~[server-1.20.1-20230612.114412-srg.jar%23859!/:?]
	at net.minecraft.tags.TagLoader.m_203900_(TagLoader.java:114) ~[server-1.20.1-20230612.114412-srg.jar%23859!/:?]
	at net.minecraft.tags.TagManager.m_203920_(TagManager.java:55) ~[server-1.20.1-20230612.114412-srg.jar%23859!/:?]
	at java.util.concurrent.CompletableFuture$AsyncSupply.run(CompletableFuture.java:1768) ~[?:?]
	at java.util.concurrent.CompletableFuture$AsyncSupply.exec(CompletableFuture.java:1760) ~[?:?]
	at java.util.concurrent.ForkJoinTask.doExec(ForkJoinTask.java:373) ~[?:?]
	at java.util.concurrent.ForkJoinPool$WorkQueue.topLevelExec(ForkJoinPool.java:1182) ~[?:?]
	at java.util.concurrent.ForkJoinPool.scan(ForkJoinPool.java:1655) ~[?:?]
	at java.util.concurrent.ForkJoinPool.runWorker(ForkJoinPool.java:1622) ~[?:?]
	at java.util.concurrent.ForkJoinWorkerThread.run(ForkJoinWorkerThread.java:165) ~[?:?]
[26Feb2025 04:53:22.142] [Worker-Main-2/ERROR] [net.minecraft.tags.TagLoader/]: [Load My Fucking Tags] Couldn't load certain entries with the tag legendary_monsters:ancient_stronghold_biomes: minecraft:spruce_forest (from legendarymonsters-1.6.2 MC 1.20.1.jar)
[26Feb2025 04:53:22.457] [Worker-Main-15/ERROR] [net.minecraft.tags.TagLoader/]: [Load My Fucking Tags] Couldn't load certain entries with the tag forge:cooked_trilocararis: alexscaves:cooked_trilocararis (from alexscavesdelight-1.0.24-1.20.1.jar)
[26Feb2025 04:53:22.460] [Worker-Main-15/ERROR] [net.minecraft.tags.TagLoader/]: [Load My Fucking Tags] Couldn't load certain entries with the tag supplementaries:lunch_basket_blacklist: potionbundles:potion_bundle (from supplementaries-1.20-3.1.12.jar)
[26Feb2025 04:53:22.466] [Worker-Main-15/ERROR] [net.minecraft.tags.TagLoader/]: [Load My Fucking Tags] Couldn't load certain entries with the tag forge:dinosaur_chop_raw: alexscaves:dinosaur_chop_raw (from alexscavesdelight-1.0.24-1.20.1.jar)
[26Feb2025 04:53:22.483] [Worker-Main-15/ERROR] [net.minecraft.tags.TagLoader/]: [Load My Fucking Tags] Couldn't load certain entries with the tag quark:vertical_slab: bygonenether:withered_blackstone_vertical_slab (from bygonenether-1.3.2-1.20.x.jar), bygonenether:cracked_withered_blackstone_vertical_slab (from bygonenether-1.3.2-1.20.x.jar), bygonenether:warped_nether_brick_vertical_slab (from bygonenether-1.3.2-1.20.x.jar)
[26Feb2025 04:53:22.486] [Worker-Main-15/ERROR] [net.minecraft.tags.TagLoader/]: [Load My Fucking Tags] Couldn't load certain entries with the tag curios:spellbook: celestisynth:celestial_spell_book (from celestisynth-1.20.1-1.3.1.jar)
[26Feb2025 04:53:22.539] [Worker-Main-15/ERROR] [net.minecraft.tags.TagLoader/]: [Load My Fucking Tags] Couldn't load certain entries with the tag forge:dinosaur_chop_cooked: alexscaves:dinosaur_chop_cooked (from alexscavesdelight-1.0.24-1.20.1.jar)
[26Feb2025 04:53:22.624] [Worker-Main-9/ERROR] [net.minecraft.tags.TagLoader/]: [Load My Fucking Tags] Couldn't load certain entries with the tag quark:wraith_spawnable: quark:soul_stone (from bygonenether-1.3.2-1.20.x.jar)
[26Feb2025 04:53:22.626] [Worker-Main-9/ERROR] [net.minecraft.tags.TagLoader/]: [Load My Fucking Tags] Couldn't load certain entries with the tag quark:vertical_slab: bygonenether:withered_blackstone_vertical_slab (from bygonenether-1.3.2-1.20.x.jar), bygonenether:cracked_withered_blackstone_vertical_slab (from bygonenether-1.3.2-1.20.x.jar), bygonenether:warped_nether_brick_vertical_slab (from bygonenether-1.3.2-1.20.x.jar)
[26Feb2025 04:53:25.834] [Worker-Main-10/ERROR] [net.minecraftforge.common.ForgeHooks/]: Couldn't parse element loot_tables:bygonenether:blocks/withered_blackstone_vertical_slab
java.lang.IllegalArgumentException: Can't find block bygonenether:withered_blackstone_vertical_slab
	at net.minecraft.world.level.storage.loot.predicates.LootItemBlockStatePropertyCondition$Serializer.m_81802_(LootItemBlockStatePropertyCondition.java:79) ~[server-1.20.1-20230612.114412-srg.jar%23859!/:?]
	at java.util.Optional.orElseThrow(Optional.java:403) ~[?:?]
	at net.minecraft.world.level.storage.loot.predicates.LootItemBlockStatePropertyCondition$Serializer.m_7561_(LootItemBlockStatePropertyCondition.java:79) ~[server-1.20.1-20230612.114412-srg.jar%23859!/:?]
	at net.minecraft.world.level.storage.loot.predicates.LootItemBlockStatePropertyCondition$Serializer.m_7561_(LootItemBlockStatePropertyCondition.java:68) ~[server-1.20.1-20230612.114412-srg.jar%23859!/:?]
	at net.minecraft.world.level.storage.loot.GsonAdapterFactory$JsonAdapter.deserialize(GsonAdapterFactory.java:102) ~[server-1.20.1-20230612.114412-srg.jar%23859!/:?]
	at com.google.gson.internal.bind.TreeTypeAdapter.read(TreeTypeAdapter.java:76) ~[gson-2.10.jar%2372!/:?]
	at com.google.gson.internal.bind.TypeAdapterRuntimeTypeWrapper.read(TypeAdapterRuntimeTypeWrapper.java:40) ~[gson-2.10.jar%2372!/:?]
	at com.google.gson.internal.bind.ArrayTypeAdapter.read(ArrayTypeAdapter.java:72) ~[gson-2.10.jar%2372!/:?]
	at com.google.gson.Gson.fromJson(Gson.java:1214) ~[gson-2.10.jar%2372!/:?]
	at com.google.gson.Gson.fromJson(Gson.java:1319) ~[gson-2.10.jar%2372!/:?]
	at com.google.gson.Gson.fromJson(Gson.java:1290) ~[gson-2.10.jar%2372!/:?]
	at com.google.gson.internal.bind.TreeTypeAdapter$GsonContextImpl.deserialize(TreeTypeAdapter.java:179) ~[gson-2.10.jar%2372!/:?]
	at net.minecraft.util.GsonHelper.m_13808_(GsonHelper.java:463) ~[server-1.20.1-20230612.114412-srg.jar%23859!/:?]
	at net.minecraft.util.GsonHelper.m_13845_(GsonHelper.java:481) ~[server-1.20.1-20230612.114412-srg.jar%23859!/:?]
	at net.minecraft.world.level.storage.loot.functions.LootItemConditionalFunction$Serializer.m_7561_(LootItemConditionalFunction.java:98) ~[server-1.20.1-20230612.114412-srg.jar%23859!/:?]
	at net.minecraft.world.level.storage.loot.functions.LootItemConditionalFunction$Serializer.m_7561_(LootItemConditionalFunction.java:88) ~[server-1.20.1-20230612.114412-srg.jar%23859!/:?]
	at net.minecraft.world.level.storage.loot.GsonAdapterFactory$JsonAdapter.deserialize(GsonAdapterFactory.java:102) ~[server-1.20.1-20230612.114412-srg.jar%23859!/:?]
	at com.google.gson.internal.bind.TreeTypeAdapter.read(TreeTypeAdapter.java:76) ~[gson-2.10.jar%2372!/:?]
	at com.google.gson.internal.bind.TypeAdapterRuntimeTypeWrapper.read(TypeAdapterRuntimeTypeWrapper.java:40) ~[gson-2.10.jar%2372!/:?]
	at com.google.gson.internal.bind.ArrayTypeAdapter.read(ArrayTypeAdapter.java:72) ~[gson-2.10.jar%2372!/:?]
	at com.google.gson.Gson.fromJson(Gson.java:1214) ~[gson-2.10.jar%2372!/:?]
	at com.google.gson.Gson.fromJson(Gson.java:1319) ~[gson-2.10.jar%2372!/:?]
	at com.google.gson.Gson.fromJson(Gson.java:1290) ~[gson-2.10.jar%2372!/:?]
	at com.google.gson.internal.bind.TreeTypeAdapter$GsonContextImpl.deserialize(TreeTypeAdapter.java:179) ~[gson-2.10.jar%2372!/:?]
	at net.minecraft.util.GsonHelper.m_13808_(GsonHelper.java:463) ~[server-1.20.1-20230612.114412-srg.jar%23859!/:?]
	at net.minecraft.util.GsonHelper.m_13845_(GsonHelper.java:481) ~[server-1.20.1-20230612.114412-srg.jar%23859!/:?]
	at net.minecraft.world.level.storage.loot.entries.LootPoolSingletonContainer$Serializer.m_5921_(LootPoolSingletonContainer.java:149) ~[server-1.20.1-20230612.114412-srg.jar%23859!/:?]
	at net.minecraft.world.level.storage.loot.entries.LootPoolSingletonContainer$Serializer.m_5921_(LootPoolSingletonContainer.java:129) ~[server-1.20.1-20230612.114412-srg.jar%23859!/:?]
	at net.minecraft.world.level.storage.loot.entries.LootPoolEntryContainer$Serializer.m_7561_(LootPoolEntryContainer.java:86) ~[server-1.20.1-20230612.114412-srg.jar%23859!/:?]
	at net.minecraft.world.level.storage.loot.entries.LootPoolEntryContainer$Serializer.m_7561_(LootPoolEntryContainer.java:74) ~[server-1.20.1-20230612.114412-srg.jar%23859!/:?]
	at net.minecraft.world.level.storage.loot.GsonAdapterFactory$JsonAdapter.deserialize(GsonAdapterFactory.java:102) ~[server-1.20.1-20230612.114412-srg.jar%23859!/:?]
	at com.google.gson.internal.bind.TreeTypeAdapter.read(TreeTypeAdapter.java:76) ~[gson-2.10.jar%2372!/:?]
	at com.google.gson.internal.bind.TypeAdapterRuntimeTypeWrapper.read(TypeAdapterRuntimeTypeWrapper.java:40) ~[gson-2.10.jar%2372!/:?]
	at com.google.gson.internal.bind.ArrayTypeAdapter.read(ArrayTypeAdapter.java:72) ~[gson-2.10.jar%2372!/:?]
	at com.google.gson.Gson.fromJson(Gson.java:1214) ~[gson-2.10.jar%2372!/:?]
	at com.google.gson.Gson.fromJson(Gson.java:1319) ~[gson-2.10.jar%2372!/:?]
	at com.google.gson.Gson.fromJson(Gson.java:1290) ~[gson-2.10.jar%2372!/:?]
	at com.google.gson.internal.bind.TreeTypeAdapter$GsonContextImpl.deserialize(TreeTypeAdapter.java:179) ~[gson-2.10.jar%2372!/:?]
	at net.minecraft.util.GsonHelper.m_13808_(GsonHelper.java:463) ~[server-1.20.1-20230612.114412-srg.jar%23859!/:?]
	at net.minecraft.util.GsonHelper.m_13836_(GsonHelper.java:471) ~[server-1.20.1-20230612.114412-srg.jar%23859!/:?]
	at net.minecraft.world.level.storage.loot.LootPool$Serializer.deserialize(LootPool.java:192) ~[server-1.20.1-20230612.114412-srg.jar%23859!/:?]
	at net.minecraft.world.level.storage.loot.LootPool$Serializer.deserialize(LootPool.java:189) ~[server-1.20.1-20230612.114412-srg.jar%23859!/:?]
	at com.google.gson.internal.bind.TreeTypeAdapter.read(TreeTypeAdapter.java:76) ~[gson-2.10.jar%2372!/:?]
	at com.google.gson.internal.bind.TypeAdapterRuntimeTypeWrapper.read(TypeAdapterRuntimeTypeWrapper.java:40) ~[gson-2.10.jar%2372!/:?]
	at com.google.gson.internal.bind.ArrayTypeAdapter.read(ArrayTypeAdapter.java:72) ~[gson-2.10.jar%2372!/:?]
	at com.google.gson.Gson.fromJson(Gson.java:1214) ~[gson-2.10.jar%2372!/:?]
	at com.google.gson.Gson.fromJson(Gson.java:1319) ~[gson-2.10.jar%2372!/:?]
	at com.google.gson.Gson.fromJson(Gson.java:1290) ~[gson-2.10.jar%2372!/:?]
	at com.google.gson.internal.bind.TreeTypeAdapter$GsonContextImpl.deserialize(TreeTypeAdapter.java:179) ~[gson-2.10.jar%2372!/:?]
	at net.minecraft.util.GsonHelper.m_13808_(GsonHelper.java:463) ~[server-1.20.1-20230612.114412-srg.jar%23859!/:?]
	at net.minecraft.util.GsonHelper.m_13845_(GsonHelper.java:481) ~[server-1.20.1-20230612.114412-srg.jar%23859!/:?]
	at net.minecraft.world.level.storage.loot.LootTable$Serializer.deserialize(LootTable.java:294) ~[server-1.20.1-20230612.114412-srg.jar%23859!/:?]
	at net.minecraft.world.level.storage.loot.LootTable$Serializer.deserialize(LootTable.java:291) ~[server-1.20.1-20230612.114412-srg.jar%23859!/:?]
	at com.google.gson.internal.bind.TreeTypeAdapter.read(TreeTypeAdapter.java:76) ~[gson-2.10.jar%2372!/:?]
	at com.google.gson.Gson.fromJson(Gson.java:1214) ~[gson-2.10.jar%2372!/:?]
	at com.google.gson.Gson.fromJson(Gson.java:1319) ~[gson-2.10.jar%2372!/:?]
	at com.google.gson.Gson.fromJson(Gson.java:1261) ~[gson-2.10.jar%2372!/:?]
	at net.minecraftforge.common.ForgeHooks.loadLootTable(ForgeHooks.java:871) ~[forge-1.20.1-47.3.7-universal.jar%23864!/:?]
	at net.minecraftforge.common.ForgeHooks.lambda$getLootTableDeserializer$3(ForgeHooks.java:848) ~[forge-1.20.1-47.3.7-universal.jar%23864!/:?]
	at net.minecraft.world.level.storage.loot.LootDataType.deserialize(LootDataType.java:45) ~[server-1.20.1-20230612.114412-srg.jar%23859!/:?]
	at net.minecraft.world.level.storage.loot.LootDataManager.lambda$scheduleElementParse$4(LootDataManager.java:56) ~[server-1.20.1-20230612.114412-srg.jar%23859!/:?]
	at java.util.HashMap.forEach(HashMap.java:1421) ~[?:?]
	at net.minecraft.world.level.storage.loot.LootDataManager.m_278660_(LootDataManager.java:55) ~[server-1.20.1-20230612.114412-srg.jar%23859!/:?]
	at java.util.concurrent.CompletableFuture$AsyncRun.run(CompletableFuture.java:1804) ~[?:?]
	at java.util.concurrent.CompletableFuture$AsyncRun.exec(CompletableFuture.java:1796) ~[?:?]
	at java.util.concurrent.ForkJoinTask.doExec(ForkJoinTask.java:373) ~[?:?]
	at java.util.concurrent.ForkJoinPool$WorkQueue.topLevelExec(ForkJoinPool.java:1182) ~[?:?]
	at java.util.concurrent.ForkJoinPool.scan(ForkJoinPool.java:1655) ~[?:?]
	at java.util.concurrent.ForkJoinPool.runWorker(ForkJoinPool.java:1622) ~[?:?]
	at java.util.concurrent.ForkJoinWorkerThread.run(ForkJoinWorkerThread.java:165) ~[?:?]
[26Feb2025 04:53:26.384] [Worker-Main-10/ERROR] [net.minecraftforge.common.ForgeHooks/]: Couldn't parse element loot_tables:bygonenether:blocks/cracked_withered_blackstone_vertical_slab
com.google.gson.JsonSyntaxException: Expected name to be an item, was unknown string 'bygonenether:cracked_withered_blackstone_vertical_slab'
	at net.minecraft.util.GsonHelper.m_13866_(GsonHelper.java:145) ~[server-1.20.1-20230612.114412-srg.jar%23859!/:?]
	at java.util.Optional.orElseThrow(Optional.java:403) ~[?:?]
	at net.minecraft.util.GsonHelper.m_13874_(GsonHelper.java:145) ~[server-1.20.1-20230612.114412-srg.jar%23859!/:?]
	at net.minecraft.util.GsonHelper.m_13909_(GsonHelper.java:153) ~[server-1.20.1-20230612.114412-srg.jar%23859!/:?]
	at net.minecraft.world.level.storage.loot.entries.LootItem$Serializer.m_7267_(LootItem.java:55) ~[server-1.20.1-20230612.114412-srg.jar%23859!/:?]
	at net.minecraft.world.level.storage.loot.entries.LootItem$Serializer.m_7267_(LootItem.java:40) ~[server-1.20.1-20230612.114412-srg.jar%23859!/:?]
	at net.minecraft.world.level.storage.loot.entries.LootPoolSingletonContainer$Serializer.m_5921_(LootPoolSingletonContainer.java:151) ~[server-1.20.1-20230612.114412-srg.jar%23859!/:?]
	at net.minecraft.world.level.storage.loot.entries.LootPoolSingletonContainer$Serializer.m_5921_(LootPoolSingletonContainer.java:129) ~[server-1.20.1-20230612.114412-srg.jar%23859!/:?]
	at net.minecraft.world.level.storage.loot.entries.LootPoolEntryContainer$Serializer.m_7561_(LootPoolEntryContainer.java:86) ~[server-1.20.1-20230612.114412-srg.jar%23859!/:?]
	at net.minecraft.world.level.storage.loot.entries.LootPoolEntryContainer$Serializer.m_7561_(LootPoolEntryContainer.java:74) ~[server-1.20.1-20230612.114412-srg.jar%23859!/:?]
	at net.minecraft.world.level.storage.loot.GsonAdapterFactory$JsonAdapter.deserialize(GsonAdapterFactory.java:102) ~[server-1.20.1-20230612.114412-srg.jar%23859!/:?]
	at com.google.gson.internal.bind.TreeTypeAdapter.read(TreeTypeAdapter.java:76) ~[gson-2.10.jar%2372!/:?]
	at com.google.gson.internal.bind.TypeAdapterRuntimeTypeWrapper.read(TypeAdapterRuntimeTypeWrapper.java:40) ~[gson-2.10.jar%2372!/:?]
	at com.google.gson.internal.bind.ArrayTypeAdapter.read(ArrayTypeAdapter.java:72) ~[gson-2.10.jar%2372!/:?]
	at com.google.gson.Gson.fromJson(Gson.java:1214) ~[gson-2.10.jar%2372!/:?]
	at com.google.gson.Gson.fromJson(Gson.java:1319) ~[gson-2.10.jar%2372!/:?]
	at com.google.gson.Gson.fromJson(Gson.java:1290) ~[gson-2.10.jar%2372!/:?]
	at com.google.gson.internal.bind.TreeTypeAdapter$GsonContextImpl.deserialize(TreeTypeAdapter.java:179) ~[gson-2.10.jar%2372!/:?]
	at net.minecraft.util.GsonHelper.m_13808_(GsonHelper.java:463) ~[server-1.20.1-20230612.114412-srg.jar%23859!/:?]
	at net.minecraft.util.GsonHelper.m_13836_(GsonHelper.java:471) ~[server-1.20.1-20230612.114412-srg.jar%23859!/:?]
	at net.minecraft.world.level.storage.loot.LootPool$Serializer.deserialize(LootPool.java:192) ~[server-1.20.1-20230612.114412-srg.jar%23859!/:?]
	at net.minecraft.world.level.storage.loot.LootPool$Serializer.deserialize(LootPool.java:189) ~[server-1.20.1-20230612.114412-srg.jar%23859!/:?]
	at com.google.gson.internal.bind.TreeTypeAdapter.read(TreeTypeAdapter.java:76) ~[gson-2.10.jar%2372!/:?]
	at com.google.gson.internal.bind.TypeAdapterRuntimeTypeWrapper.read(TypeAdapterRuntimeTypeWrapper.java:40) ~[gson-2.10.jar%2372!/:?]
	at com.google.gson.internal.bind.ArrayTypeAdapter.read(ArrayTypeAdapter.java:72) ~[gson-2.10.jar%2372!/:?]
	at com.google.gson.Gson.fromJson(Gson.java:1214) ~[gson-2.10.jar%2372!/:?]
	at com.google.gson.Gson.fromJson(Gson.java:1319) ~[gson-2.10.jar%2372!/:?]
	at com.google.gson.Gson.fromJson(Gson.java:1290) ~[gson-2.10.jar%2372!/:?]
	at com.google.gson.internal.bind.TreeTypeAdapter$GsonContextImpl.deserialize(TreeTypeAdapter.java:179) ~[gson-2.10.jar%2372!/:?]
	at net.minecraft.util.GsonHelper.m_13808_(GsonHelper.java:463) ~[server-1.20.1-20230612.114412-srg.jar%23859!/:?]
	at net.minecraft.util.GsonHelper.m_13845_(GsonHelper.java:481) ~[server-1.20.1-20230612.114412-srg.jar%23859!/:?]
	at net.minecraft.world.level.storage.loot.LootTable$Serializer.deserialize(LootTable.java:294) ~[server-1.20.1-20230612.114412-srg.jar%23859!/:?]
	at net.minecraft.world.level.storage.loot.LootTable$Serializer.deserialize(LootTable.java:291) ~[server-1.20.1-20230612.114412-srg.jar%23859!/:?]
	at com.google.gson.internal.bind.TreeTypeAdapter.read(TreeTypeAdapter.java:76) ~[gson-2.10.jar%2372!/:?]
	at com.google.gson.Gson.fromJson(Gson.java:1214) ~[gson-2.10.jar%2372!/:?]
	at com.google.gson.Gson.fromJson(Gson.java:1319) ~[gson-2.10.jar%2372!/:?]
	at com.google.gson.Gson.fromJson(Gson.java:1261) ~[gson-2.10.jar%2372!/:?]
	at net.minecraftforge.common.ForgeHooks.loadLootTable(ForgeHooks.java:871) ~[forge-1.20.1-47.3.7-universal.jar%23864!/:?]
	at net.minecraftforge.common.ForgeHooks.lambda$getLootTableDeserializer$3(ForgeHooks.java:848) ~[forge-1.20.1-47.3.7-universal.jar%23864!/:?]
	at net.minecraft.world.level.storage.loot.LootDataType.deserialize(LootDataType.java:45) ~[server-1.20.1-20230612.114412-srg.jar%23859!/:?]
	at net.minecraft.world.level.storage.loot.LootDataManager.lambda$scheduleElementParse$4(LootDataManager.java:56) ~[server-1.20.1-20230612.114412-srg.jar%23859!/:?]
	at java.util.HashMap.forEach(HashMap.java:1421) ~[?:?]
	at net.minecraft.world.level.storage.loot.LootDataManager.m_278660_(LootDataManager.java:55) ~[server-1.20.1-20230612.114412-srg.jar%23859!/:?]
	at java.util.concurrent.CompletableFuture$AsyncRun.run(CompletableFuture.java:1804) ~[?:?]
	at java.util.concurrent.CompletableFuture$AsyncRun.exec(CompletableFuture.java:1796) ~[?:?]
	at java.util.concurrent.ForkJoinTask.doExec(ForkJoinTask.java:373) ~[?:?]
	at java.util.concurrent.ForkJoinPool$WorkQueue.topLevelExec(ForkJoinPool.java:1182) ~[?:?]
	at java.util.concurrent.ForkJoinPool.scan(ForkJoinPool.java:1655) ~[?:?]
	at java.util.concurrent.ForkJoinPool.runWorker(ForkJoinPool.java:1622) ~[?:?]
	at java.util.concurrent.ForkJoinWorkerThread.run(ForkJoinWorkerThread.java:165) ~[?:?]
[26Feb2025 04:53:27.125] [Worker-Main-10/ERROR] [net.minecraftforge.common.ForgeHooks/]: Couldn't parse element loot_tables:too_many_bows:chests/common_bows
com.google.gson.JsonSyntaxException: Expected name to be an item, was unknown string 'too_many_bows:ancient_sage'
	at net.minecraft.util.GsonHelper.m_13866_(GsonHelper.java:145) ~[server-1.20.1-20230612.114412-srg.jar%23859!/:?]
	at java.util.Optional.orElseThrow(Optional.java:403) ~[?:?]
	at net.minecraft.util.GsonHelper.m_13874_(GsonHelper.java:145) ~[server-1.20.1-20230612.114412-srg.jar%23859!/:?]
	at net.minecraft.util.GsonHelper.m_13909_(GsonHelper.java:153) ~[server-1.20.1-20230612.114412-srg.jar%23859!/:?]
	at net.minecraft.world.level.storage.loot.entries.LootItem$Serializer.m_7267_(LootItem.java:55) ~[server-1.20.1-20230612.114412-srg.jar%23859!/:?]
	at net.minecraft.world.level.storage.loot.entries.LootItem$Serializer.m_7267_(LootItem.java:40) ~[server-1.20.1-20230612.114412-srg.jar%23859!/:?]
	at net.minecraft.world.level.storage.loot.entries.LootPoolSingletonContainer$Serializer.m_5921_(LootPoolSingletonContainer.java:151) ~[server-1.20.1-20230612.114412-srg.jar%23859!/:?]
	at net.minecraft.world.level.storage.loot.entries.LootPoolSingletonContainer$Serializer.m_5921_(LootPoolSingletonContainer.java:129) ~[server-1.20.1-20230612.114412-srg.jar%23859!/:?]
	at net.minecraft.world.level.storage.loot.entries.LootPoolEntryContainer$Serializer.m_7561_(LootPoolEntryContainer.java:86) ~[server-1.20.1-20230612.114412-srg.jar%23859!/:?]
	at net.minecraft.world.level.storage.loot.entries.LootPoolEntryContainer$Serializer.m_7561_(LootPoolEntryContainer.java:74) ~[server-1.20.1-20230612.114412-srg.jar%23859!/:?]
	at net.minecraft.world.level.storage.loot.GsonAdapterFactory$JsonAdapter.deserialize(GsonAdapterFactory.java:102) ~[server-1.20.1-20230612.114412-srg.jar%23859!/:?]
	at com.google.gson.internal.bind.TreeTypeAdapter.read(TreeTypeAdapter.java:76) ~[gson-2.10.jar%2372!/:?]
	at com.google.gson.internal.bind.TypeAdapterRuntimeTypeWrapper.read(TypeAdapterRuntimeTypeWrapper.java:40) ~[gson-2.10.jar%2372!/:?]
	at com.google.gson.internal.bind.ArrayTypeAdapter.read(ArrayTypeAdapter.java:72) ~[gson-2.10.jar%2372!/:?]
	at com.google.gson.Gson.fromJson(Gson.java:1214) ~[gson-2.10.jar%2372!/:?]
	at com.google.gson.Gson.fromJson(Gson.java:1319) ~[gson-2.10.jar%2372!/:?]
	at com.google.gson.Gson.fromJson(Gson.java:1290) ~[gson-2.10.jar%2372!/:?]
	at com.google.gson.internal.bind.TreeTypeAdapter$GsonContextImpl.deserialize(TreeTypeAdapter.java:179) ~[gson-2.10.jar%2372!/:?]
	at net.minecraft.util.GsonHelper.m_13808_(GsonHelper.java:463) ~[server-1.20.1-20230612.114412-srg.jar%23859!/:?]
	at net.minecraft.util.GsonHelper.m_13836_(GsonHelper.java:471) ~[server-1.20.1-20230612.114412-srg.jar%23859!/:?]
	at net.minecraft.world.level.storage.loot.LootPool$Serializer.deserialize(LootPool.java:192) ~[server-1.20.1-20230612.114412-srg.jar%23859!/:?]
	at net.minecraft.world.level.storage.loot.LootPool$Serializer.deserialize(LootPool.java:189) ~[server-1.20.1-20230612.114412-srg.jar%23859!/:?]
	at com.google.gson.internal.bind.TreeTypeAdapter.read(TreeTypeAdapter.java:76) ~[gson-2.10.jar%2372!/:?]
	at com.google.gson.internal.bind.TypeAdapterRuntimeTypeWrapper.read(TypeAdapterRuntimeTypeWrapper.java:40) ~[gson-2.10.jar%2372!/:?]
	at com.google.gson.internal.bind.ArrayTypeAdapter.read(ArrayTypeAdapter.java:72) ~[gson-2.10.jar%2372!/:?]
	at com.google.gson.Gson.fromJson(Gson.java:1214) ~[gson-2.10.jar%2372!/:?]
	at com.google.gson.Gson.fromJson(Gson.java:1319) ~[gson-2.10.jar%2372!/:?]
	at com.google.gson.Gson.fromJson(Gson.java:1290) ~[gson-2.10.jar%2372!/:?]
	at com.google.gson.internal.bind.TreeTypeAdapter$GsonContextImpl.deserialize(TreeTypeAdapter.java:179) ~[gson-2.10.jar%2372!/:?]
	at net.minecraft.util.GsonHelper.m_13808_(GsonHelper.java:463) ~[server-1.20.1-20230612.114412-srg.jar%23859!/:?]
	at net.minecraft.util.GsonHelper.m_13845_(GsonHelper.java:481) ~[server-1.20.1-20230612.114412-srg.jar%23859!/:?]
	at net.minecraft.world.level.storage.loot.LootTable$Serializer.deserialize(LootTable.java:294) ~[server-1.20.1-20230612.114412-srg.jar%23859!/:?]
	at net.minecraft.world.level.storage.loot.LootTable$Serializer.deserialize(LootTable.java:291) ~[server-1.20.1-20230612.114412-srg.jar%23859!/:?]
	at com.google.gson.internal.bind.TreeTypeAdapter.read(TreeTypeAdapter.java:76) ~[gson-2.10.jar%2372!/:?]
	at com.google.gson.Gson.fromJson(Gson.java:1214) ~[gson-2.10.jar%2372!/:?]
	at com.google.gson.Gson.fromJson(Gson.java:1319) ~[gson-2.10.jar%2372!/:?]
	at com.google.gson.Gson.fromJson(Gson.java:1261) ~[gson-2.10.jar%2372!/:?]
	at net.minecraftforge.common.ForgeHooks.loadLootTable(ForgeHooks.java:871) ~[forge-1.20.1-47.3.7-universal.jar%23864!/:?]
	at net.minecraftforge.common.ForgeHooks.lambda$getLootTableDeserializer$3(ForgeHooks.java:848) ~[forge-1.20.1-47.3.7-universal.jar%23864!/:?]
	at net.minecraft.world.level.storage.loot.LootDataType.deserialize(LootDataType.java:45) ~[server-1.20.1-20230612.114412-srg.jar%23859!/:?]
	at net.minecraft.world.level.storage.loot.LootDataManager.lambda$scheduleElementParse$4(LootDataManager.java:56) ~[server-1.20.1-20230612.114412-srg.jar%23859!/:?]
	at java.util.HashMap.forEach(HashMap.java:1421) ~[?:?]
	at net.minecraft.world.level.storage.loot.LootDataManager.m_278660_(LootDataManager.java:55) ~[server-1.20.1-20230612.114412-srg.jar%23859!/:?]
	at java.util.concurrent.CompletableFuture$AsyncRun.run(CompletableFuture.java:1804) ~[?:?]
	at java.util.concurrent.CompletableFuture$AsyncRun.exec(CompletableFuture.java:1796) ~[?:?]
	at java.util.concurrent.ForkJoinTask.doExec(ForkJoinTask.java:373) ~[?:?]
	at java.util.concurrent.ForkJoinPool$WorkQueue.topLevelExec(ForkJoinPool.java:1182) ~[?:?]
	at java.util.concurrent.ForkJoinPool.scan(ForkJoinPool.java:1655) ~[?:?]
	at java.util.concurrent.ForkJoinPool.runWorker(ForkJoinPool.java:1622) ~[?:?]
	at java.util.concurrent.ForkJoinWorkerThread.run(ForkJoinWorkerThread.java:165) ~[?:?]
[26Feb2025 04:53:28.278] [Worker-Main-10/INFO] [com.jerrylu086.netherite_horse_armor.NetheriteHorseArmor/]: Successfully modified loot table: 'minecraft:chests/bastion_treasure'
[26Feb2025 04:53:29.295] [Worker-Main-10/ERROR] [net.minecraftforge.common.ForgeHooks/]: Couldn't parse element loot_tables:bygonenether:blocks/warped_nether_brick_vertical_slab
java.lang.IllegalArgumentException: Can't find block bygonenether:warped_nether_brick_vertical_slab
	at net.minecraft.world.level.storage.loot.predicates.LootItemBlockStatePropertyCondition$Serializer.m_81802_(LootItemBlockStatePropertyCondition.java:79) ~[server-1.20.1-20230612.114412-srg.jar%23859!/:?]
	at java.util.Optional.orElseThrow(Optional.java:403) ~[?:?]
	at net.minecraft.world.level.storage.loot.predicates.LootItemBlockStatePropertyCondition$Serializer.m_7561_(LootItemBlockStatePropertyCondition.java:79) ~[server-1.20.1-20230612.114412-srg.jar%23859!/:?]
	at net.minecraft.world.level.storage.loot.predicates.LootItemBlockStatePropertyCondition$Serializer.m_7561_(LootItemBlockStatePropertyCondition.java:68) ~[server-1.20.1-20230612.114412-srg.jar%23859!/:?]
	at net.minecraft.world.level.storage.loot.GsonAdapterFactory$JsonAdapter.deserialize(GsonAdapterFactory.java:102) ~[server-1.20.1-20230612.114412-srg.jar%23859!/:?]
	at com.google.gson.internal.bind.TreeTypeAdapter.read(TreeTypeAdapter.java:76) ~[gson-2.10.jar%2372!/:?]
	at com.google.gson.internal.bind.TypeAdapterRuntimeTypeWrapper.read(TypeAdapterRuntimeTypeWrapper.java:40) ~[gson-2.10.jar%2372!/:?]
	at com.google.gson.internal.bind.ArrayTypeAdapter.read(ArrayTypeAdapter.java:72) ~[gson-2.10.jar%2372!/:?]
	at com.google.gson.Gson.fromJson(Gson.java:1214) ~[gson-2.10.jar%2372!/:?]
	at com.google.gson.Gson.fromJson(Gson.java:1319) ~[gson-2.10.jar%2372!/:?]
	at com.google.gson.Gson.fromJson(Gson.java:1290) ~[gson-2.10.jar%2372!/:?]
	at com.google.gson.internal.bind.TreeTypeAdapter$GsonContextImpl.deserialize(TreeTypeAdapter.java:179) ~[gson-2.10.jar%2372!/:?]
	at net.minecraft.util.GsonHelper.m_13808_(GsonHelper.java:463) ~[server-1.20.1-20230612.114412-srg.jar%23859!/:?]
	at net.minecraft.util.GsonHelper.m_13845_(GsonHelper.java:481) ~[server-1.20.1-20230612.114412-srg.jar%23859!/:?]
	at net.minecraft.world.level.storage.loot.functions.LootItemConditionalFunction$Serializer.m_7561_(LootItemConditionalFunction.java:98) ~[server-1.20.1-20230612.114412-srg.jar%23859!/:?]
	at net.minecraft.world.level.storage.loot.functions.LootItemConditionalFunction$Serializer.m_7561_(LootItemConditionalFunction.java:88) ~[server-1.20.1-20230612.114412-srg.jar%23859!/:?]
	at net.minecraft.world.level.storage.loot.GsonAdapterFactory$JsonAdapter.deserialize(GsonAdapterFactory.java:102) ~[server-1.20.1-20230612.114412-srg.jar%23859!/:?]
	at com.google.gson.internal.bind.TreeTypeAdapter.read(TreeTypeAdapter.java:76) ~[gson-2.10.jar%2372!/:?]
	at com.google.gson.internal.bind.TypeAdapterRuntimeTypeWrapper.read(TypeAdapterRuntimeTypeWrapper.java:40) ~[gson-2.10.jar%2372!/:?]
	at com.google.gson.internal.bind.ArrayTypeAdapter.read(ArrayTypeAdapter.java:72) ~[gson-2.10.jar%2372!/:?]
	at com.google.gson.Gson.fromJson(Gson.java:1214) ~[gson-2.10.jar%2372!/:?]
	at com.google.gson.Gson.fromJson(Gson.java:1319) ~[gson-2.10.jar%2372!/:?]
	at com.google.gson.Gson.fromJson(Gson.java:1290) ~[gson-2.10.jar%2372!/:?]
	at com.google.gson.internal.bind.TreeTypeAdapter$GsonContextImpl.deserialize(TreeTypeAdapter.java:179) ~[gson-2.10.jar%2372!/:?]
	at net.minecraft.util.GsonHelper.m_13808_(GsonHelper.java:463) ~[server-1.20.1-20230612.114412-srg.jar%23859!/:?]
	at net.minecraft.util.GsonHelper.m_13845_(GsonHelper.java:481) ~[server-1.20.1-20230612.114412-srg.jar%23859!/:?]
	at net.minecraft.world.level.storage.loot.entries.LootPoolSingletonContainer$Serializer.m_5921_(LootPoolSingletonContainer.java:149) ~[server-1.20.1-20230612.114412-srg.jar%23859!/:?]
	at net.minecraft.world.level.storage.loot.entries.LootPoolSingletonContainer$Serializer.m_5921_(LootPoolSingletonContainer.java:129) ~[server-1.20.1-20230612.114412-srg.jar%23859!/:?]
	at net.minecraft.world.level.storage.loot.entries.LootPoolEntryContainer$Serializer.m_7561_(LootPoolEntryContainer.java:86) ~[server-1.20.1-20230612.114412-srg.jar%23859!/:?]
	at net.minecraft.world.level.storage.loot.entries.LootPoolEntryContainer$Serializer.m_7561_(LootPoolEntryContainer.java:74) ~[server-1.20.1-20230612.114412-srg.jar%23859!/:?]
	at net.minecraft.world.level.storage.loot.GsonAdapterFactory$JsonAdapter.deserialize(GsonAdapterFactory.java:102) ~[server-1.20.1-20230612.114412-srg.jar%23859!/:?]
	at com.google.gson.internal.bind.TreeTypeAdapter.read(TreeTypeAdapter.java:76) ~[gson-2.10.jar%2372!/:?]
	at com.google.gson.internal.bind.TypeAdapterRuntimeTypeWrapper.read(TypeAdapterRuntimeTypeWrapper.java:40) ~[gson-2.10.jar%2372!/:?]
	at com.google.gson.internal.bind.ArrayTypeAdapter.read(ArrayTypeAdapter.java:72) ~[gson-2.10.jar%2372!/:?]
	at com.google.gson.Gson.fromJson(Gson.java:1214) ~[gson-2.10.jar%2372!/:?]
	at com.google.gson.Gson.fromJson(Gson.java:1319) ~[gson-2.10.jar%2372!/:?]
	at com.google.gson.Gson.fromJson(Gson.java:1290) ~[gson-2.10.jar%2372!/:?]
	at com.google.gson.internal.bind.TreeTypeAdapter$GsonContextImpl.deserialize(TreeTypeAdapter.java:179) ~[gson-2.10.jar%2372!/:?]
	at net.minecraft.util.GsonHelper.m_13808_(GsonHelper.java:463) ~[server-1.20.1-20230612.114412-srg.jar%23859!/:?]
	at net.minecraft.util.GsonHelper.m_13836_(GsonHelper.java:471) ~[server-1.20.1-20230612.114412-srg.jar%23859!/:?]
	at net.minecraft.world.level.storage.loot.LootPool$Serializer.deserialize(LootPool.java:192) ~[server-1.20.1-20230612.114412-srg.jar%23859!/:?]
	at net.minecraft.world.level.storage.loot.LootPool$Serializer.deserialize(LootPool.java:189) ~[server-1.20.1-20230612.114412-srg.jar%23859!/:?]
	at com.google.gson.internal.bind.TreeTypeAdapter.read(TreeTypeAdapter.java:76) ~[gson-2.10.jar%2372!/:?]
	at com.google.gson.internal.bind.TypeAdapterRuntimeTypeWrapper.read(TypeAdapterRuntimeTypeWrapper.java:40) ~[gson-2.10.jar%2372!/:?]
	at com.google.gson.internal.bind.ArrayTypeAdapter.read(ArrayTypeAdapter.java:72) ~[gson-2.10.jar%2372!/:?]
	at com.google.gson.Gson.fromJson(Gson.java:1214) ~[gson-2.10.jar%2372!/:?]
	at com.google.gson.Gson.fromJson(Gson.java:1319) ~[gson-2.10.jar%2372!/:?]
	at com.google.gson.Gson.fromJson(Gson.java:1290) ~[gson-2.10.jar%2372!/:?]
	at com.google.gson.internal.bind.TreeTypeAdapter$GsonContextImpl.deserialize(TreeTypeAdapter.java:179) ~[gson-2.10.jar%2372!/:?]
	at net.minecraft.util.GsonHelper.m_13808_(GsonHelper.java:463) ~[server-1.20.1-20230612.114412-srg.jar%23859!/:?]
	at net.minecraft.util.GsonHelper.m_13845_(GsonHelper.java:481) ~[server-1.20.1-20230612.114412-srg.jar%23859!/:?]
	at net.minecraft.world.level.storage.loot.LootTable$Serializer.deserialize(LootTable.java:294) ~[server-1.20.1-20230612.114412-srg.jar%23859!/:?]
	at net.minecraft.world.level.storage.loot.LootTable$Serializer.deserialize(LootTable.java:291) ~[server-1.20.1-20230612.114412-srg.jar%23859!/:?]
	at com.google.gson.internal.bind.TreeTypeAdapter.read(TreeTypeAdapter.java:76) ~[gson-2.10.jar%2372!/:?]
	at com.google.gson.Gson.fromJson(Gson.java:1214) ~[gson-2.10.jar%2372!/:?]
	at com.google.gson.Gson.fromJson(Gson.java:1319) ~[gson-2.10.jar%2372!/:?]
	at com.google.gson.Gson.fromJson(Gson.java:1261) ~[gson-2.10.jar%2372!/:?]
	at net.minecraftforge.common.ForgeHooks.loadLootTable(ForgeHooks.java:871) ~[forge-1.20.1-47.3.7-universal.jar%23864!/:?]
	at net.minecraftforge.common.ForgeHooks.lambda$getLootTableDeserializer$3(ForgeHooks.java:848) ~[forge-1.20.1-47.3.7-universal.jar%23864!/:?]
	at net.minecraft.world.level.storage.loot.LootDataType.deserialize(LootDataType.java:45) ~[server-1.20.1-20230612.114412-srg.jar%23859!/:?]
	at net.minecraft.world.level.storage.loot.LootDataManager.lambda$scheduleElementParse$4(LootDataManager.java:56) ~[server-1.20.1-20230612.114412-srg.jar%23859!/:?]
	at java.util.HashMap.forEach(HashMap.java:1421) ~[?:?]
	at net.minecraft.world.level.storage.loot.LootDataManager.m_278660_(LootDataManager.java:55) ~[server-1.20.1-20230612.114412-srg.jar%23859!/:?]
	at java.util.concurrent.CompletableFuture$AsyncRun.run(CompletableFuture.java:1804) ~[?:?]
	at java.util.concurrent.CompletableFuture$AsyncRun.exec(CompletableFuture.java:1796) ~[?:?]
	at java.util.concurrent.ForkJoinTask.doExec(ForkJoinTask.java:373) ~[?:?]
	at java.util.concurrent.ForkJoinPool$WorkQueue.topLevelExec(ForkJoinPool.java:1182) ~[?:?]
	at java.util.concurrent.ForkJoinPool.scan(ForkJoinPool.java:1655) ~[?:?]
	at java.util.concurrent.ForkJoinPool.runWorker(ForkJoinPool.java:1622) ~[?:?]
	at java.util.concurrent.ForkJoinWorkerThread.run(ForkJoinWorkerThread.java:165) ~[?:?]
[26Feb2025 04:53:29.312] [Worker-Main-10/ERROR] [net.minecraftforge.common.ForgeHooks/]: Couldn't parse element loot_tables:too_many_bows:reward_loot_table
com.google.gson.JsonSyntaxException: Expected name to be an item, was unknown string 'too_many_bows:ancient_sage'
	at net.minecraft.util.GsonHelper.m_13866_(GsonHelper.java:145) ~[server-1.20.1-20230612.114412-srg.jar%23859!/:?]
	at java.util.Optional.orElseThrow(Optional.java:403) ~[?:?]
	at net.minecraft.util.GsonHelper.m_13874_(GsonHelper.java:145) ~[server-1.20.1-20230612.114412-srg.jar%23859!/:?]
	at net.minecraft.util.GsonHelper.m_13909_(GsonHelper.java:153) ~[server-1.20.1-20230612.114412-srg.jar%23859!/:?]
	at net.minecraft.world.level.storage.loot.entries.LootItem$Serializer.m_7267_(LootItem.java:55) ~[server-1.20.1-20230612.114412-srg.jar%23859!/:?]
	at net.minecraft.world.level.storage.loot.entries.LootItem$Serializer.m_7267_(LootItem.java:40) ~[server-1.20.1-20230612.114412-srg.jar%23859!/:?]
	at net.minecraft.world.level.storage.loot.entries.LootPoolSingletonContainer$Serializer.m_5921_(LootPoolSingletonContainer.java:151) ~[server-1.20.1-20230612.114412-srg.jar%23859!/:?]
	at net.minecraft.world.level.storage.loot.entries.LootPoolSingletonContainer$Serializer.m_5921_(LootPoolSingletonContainer.java:129) ~[server-1.20.1-20230612.114412-srg.jar%23859!/:?]
	at net.minecraft.world.level.storage.loot.entries.LootPoolEntryContainer$Serializer.m_7561_(LootPoolEntryContainer.java:86) ~[server-1.20.1-20230612.114412-srg.jar%23859!/:?]
	at net.minecraft.world.level.storage.loot.entries.LootPoolEntryContainer$Serializer.m_7561_(LootPoolEntryContainer.java:74) ~[server-1.20.1-20230612.114412-srg.jar%23859!/:?]
	at net.minecraft.world.level.storage.loot.GsonAdapterFactory$JsonAdapter.deserialize(GsonAdapterFactory.java:102) ~[server-1.20.1-20230612.114412-srg.jar%23859!/:?]
	at com.google.gson.internal.bind.TreeTypeAdapter.read(TreeTypeAdapter.java:76) ~[gson-2.10.jar%2372!/:?]
	at com.google.gson.internal.bind.TypeAdapterRuntimeTypeWrapper.read(TypeAdapterRuntimeTypeWrapper.java:40) ~[gson-2.10.jar%2372!/:?]
	at com.google.gson.internal.bind.ArrayTypeAdapter.read(ArrayTypeAdapter.java:72) ~[gson-2.10.jar%2372!/:?]
	at com.google.gson.Gson.fromJson(Gson.java:1214) ~[gson-2.10.jar%2372!/:?]
	at com.google.gson.Gson.fromJson(Gson.java:1319) ~[gson-2.10.jar%2372!/:?]
	at com.google.gson.Gson.fromJson(Gson.java:1290) ~[gson-2.10.jar%2372!/:?]
	at com.google.gson.internal.bind.TreeTypeAdapter$GsonContextImpl.deserialize(TreeTypeAdapter.java:179) ~[gson-2.10.jar%2372!/:?]
	at net.minecraft.util.GsonHelper.m_13808_(GsonHelper.java:463) ~[server-1.20.1-20230612.114412-srg.jar%23859!/:?]
	at net.minecraft.util.GsonHelper.m_13836_(GsonHelper.java:471) ~[server-1.20.1-20230612.114412-srg.jar%23859!/:?]
	at net.minecraft.world.level.storage.loot.LootPool$Serializer.deserialize(LootPool.java:192) ~[server-1.20.1-20230612.114412-srg.jar%23859!/:?]
	at net.minecraft.world.level.storage.loot.LootPool$Serializer.deserialize(LootPool.java:189) ~[server-1.20.1-20230612.114412-srg.jar%23859!/:?]
	at com.google.gson.internal.bind.TreeTypeAdapter.read(TreeTypeAdapter.java:76) ~[gson-2.10.jar%2372!/:?]
	at com.google.gson.internal.bind.TypeAdapterRuntimeTypeWrapper.read(TypeAdapterRuntimeTypeWrapper.java:40) ~[gson-2.10.jar%2372!/:?]
	at com.google.gson.internal.bind.ArrayTypeAdapter.read(ArrayTypeAdapter.java:72) ~[gson-2.10.jar%2372!/:?]
	at com.google.gson.Gson.fromJson(Gson.java:1214) ~[gson-2.10.jar%2372!/:?]
	at com.google.gson.Gson.fromJson(Gson.java:1319) ~[gson-2.10.jar%2372!/:?]
	at com.google.gson.Gson.fromJson(Gson.java:1290) ~[gson-2.10.jar%2372!/:?]
	at com.google.gson.internal.bind.TreeTypeAdapter$GsonContextImpl.deserialize(TreeTypeAdapter.java:179) ~[gson-2.10.jar%2372!/:?]
	at net.minecraft.util.GsonHelper.m_13808_(GsonHelper.java:463) ~[server-1.20.1-20230612.114412-srg.jar%23859!/:?]
	at net.minecraft.util.GsonHelper.m_13845_(GsonHelper.java:481) ~[server-1.20.1-20230612.114412-srg.jar%23859!/:?]
	at net.minecraft.world.level.storage.loot.LootTable$Serializer.deserialize(LootTable.java:294) ~[server-1.20.1-20230612.114412-srg.jar%23859!/:?]
	at net.minecraft.world.level.storage.loot.LootTable$Serializer.deserialize(LootTable.java:291) ~[server-1.20.1-20230612.114412-srg.jar%23859!/:?]
	at com.google.gson.internal.bind.TreeTypeAdapter.read(TreeTypeAdapter.java:76) ~[gson-2.10.jar%2372!/:?]
	at com.google.gson.Gson.fromJson(Gson.java:1214) ~[gson-2.10.jar%2372!/:?]
	at com.google.gson.Gson.fromJson(Gson.java:1319) ~[gson-2.10.jar%2372!/:?]
	at com.google.gson.Gson.fromJson(Gson.java:1261) ~[gson-2.10.jar%2372!/:?]
	at net.minecraftforge.common.ForgeHooks.loadLootTable(ForgeHooks.java:871) ~[forge-1.20.1-47.3.7-universal.jar%23864!/:?]
	at net.minecraftforge.common.ForgeHooks.lambda$getLootTableDeserializer$3(ForgeHooks.java:848) ~[forge-1.20.1-47.3.7-universal.jar%23864!/:?]
	at net.minecraft.world.level.storage.loot.LootDataType.deserialize(LootDataType.java:45) ~[server-1.20.1-20230612.114412-srg.jar%23859!/:?]
	at net.minecraft.world.level.storage.loot.LootDataManager.lambda$scheduleElementParse$4(LootDataManager.java:56) ~[server-1.20.1-20230612.114412-srg.jar%23859!/:?]
	at java.util.HashMap.forEach(HashMap.java:1421) ~[?:?]
	at net.minecraft.world.level.storage.loot.LootDataManager.m_278660_(LootDataManager.java:55) ~[server-1.20.1-20230612.114412-srg.jar%23859!/:?]
	at java.util.concurrent.CompletableFuture$AsyncRun.run(CompletableFuture.java:1804) ~[?:?]
	at java.util.concurrent.CompletableFuture$AsyncRun.exec(CompletableFuture.java:1796) ~[?:?]
	at java.util.concurrent.ForkJoinTask.doExec(ForkJoinTask.java:373) ~[?:?]
	at java.util.concurrent.ForkJoinPool$WorkQueue.topLevelExec(ForkJoinPool.java:1182) ~[?:?]
	at java.util.concurrent.ForkJoinPool.scan(ForkJoinPool.java:1655) ~[?:?]
	at java.util.concurrent.ForkJoinPool.runWorker(ForkJoinPool.java:1622) ~[?:?]
	at java.util.concurrent.ForkJoinWorkerThread.run(ForkJoinWorkerThread.java:165) ~[?:?]
[26Feb2025 04:53:29.419] [main/INFO] [com.teamabnormals.blueprint.core.Blueprint/]: Loot Modification Manager has loaded 6 modifier groups
[26Feb2025 04:53:29.544] [main/WARN] [net.minecraft.world.level.storage.loot.LootDataManager/]: Found loot table element validation problem in {loot_tables:minecraft:chests/abandoned_mineshaft}.pools[8].entries[0]: Unknown loot table called too_many_bows:chests/common_bows
[26Feb2025 04:53:29.545] [main/WARN] [net.minecraft.world.level.storage.loot.LootDataManager/]: Found loot table element validation problem in {loot_tables:minecraft:chests/simple_dungeon}.pools[8].entries[0]: Unknown loot table called too_many_bows:chests/common_bows
[26Feb2025 04:53:29.780] [main/WARN] [Fabric Resource Conditions/]: Skipping object {"type":"minecraft:crafting_shaped","pattern":["#  ","## ","###"],"key":{"#":{"item":"supplementaries:fine_wood"}},"fabric:load_conditions":[{"condition":"supplementaries:flag","flag":"fine_wood"}],"result":{"item":"supplementaries:fine_wood_stairs","count":4}}. Failed to parse resource conditions
com.google.gson.JsonParseException: Unknown recipe condition: supplementaries:flag
	at net.fabricmc.fabric.api.resource.conditions.v1.ResourceConditions.conditionMatches(ResourceConditions.java:169) ~[fabric-resource-conditions-api-v1-2.3.8+9ad825cd77.jar%231148!/:2.3.8+9ad825cd77]
	at net.fabricmc.fabric.api.resource.conditions.v1.ResourceConditions.conditionsMatch(ResourceConditions.java:148) ~[fabric-resource-conditions-api-v1-2.3.8+9ad825cd77.jar%231148!/:2.3.8+9ad825cd77]
	at net.fabricmc.fabric.api.resource.conditions.v1.ResourceConditions.objectMatchesConditions(ResourceConditions.java:131) ~[fabric-resource-conditions-api-v1-2.3.8+9ad825cd77.jar%231148!/:2.3.8+9ad825cd77]
	at net.minecraft.server.packs.resources.SimpleJsonResourceReloadListener.fabric_applyResourceConditions(SimpleJsonResourceReloadListener.java:561) ~[server-1.20.1-20230612.114412-srg.jar%23859!/:?]
	at net.minecraft.server.packs.resources.SimplePreparableReloadListener.handler$zle000$applyResourceConditions(SimplePreparableReloadListener.java:537) ~[server-1.20.1-20230612.114412-srg.jar%23859!/:?]
	at net.minecraft.server.packs.resources.SimplePreparableReloadListener.m_10789_(SimplePreparableReloadListener.java) ~[server-1.20.1-20230612.114412-srg.jar%23859!/:?]
	at java.util.concurrent.CompletableFuture$UniAccept.tryFire(CompletableFuture.java:718) ~[?:?]
	at java.util.concurrent.CompletableFuture$Completion.run(CompletableFuture.java:482) ~[?:?]
	at net.minecraft.server.packs.resources.SimpleReloadInstance.m_143940_(SimpleReloadInstance.java:69) ~[server-1.20.1-20230612.114412-srg.jar%23859!/:?]
	at net.minecraft.Util.m_214652_(Util.java:783) ~[server-1.20.1-20230612.114412-srg.jar%23859!/:?]
	at net.minecraft.Util.m_214679_(Util.java:772) ~[server-1.20.1-20230612.114412-srg.jar%23859!/:?]
	at net.minecraft.server.Main.main(Main.java:166) ~[server-1.20.1-20230612.114412-srg.jar%23859!/:?]
	at jdk.internal.reflect.NativeMethodAccessorImpl.invoke0(Native Method) ~[?:?]
	at jdk.internal.reflect.NativeMethodAccessorImpl.invoke(NativeMethodAccessorImpl.java:77) ~[?:?]
	at jdk.internal.reflect.DelegatingMethodAccessorImpl.invoke(DelegatingMethodAccessorImpl.java:43) ~[?:?]
	at java.lang.reflect.Method.invoke(Method.java:569) ~[?:?]
	at net.minecraftforge.fml.loading.targets.CommonLaunchHandler.runTarget(CommonLaunchHandler.java:111) ~[fmlloader-1.20.1-47.3.7.jar%2369!/:?]
	at net.minecraftforge.fml.loading.targets.CommonLaunchHandler.serverService(CommonLaunchHandler.java:103) ~[fmlloader-1.20.1-47.3.7.jar%2369!/:?]
	at net.minecraftforge.fml.loading.targets.CommonServerLaunchHandler.lambda$makeService$0(CommonServerLaunchHandler.java:27) ~[fmlloader-1.20.1-47.3.7.jar%2369!/:?]
	at cpw.mods.modlauncher.LaunchServiceHandlerDecorator.launch(LaunchServiceHandlerDecorator.java:30) ~[modlauncher-10.0.9.jar%2355!/:?]
	at cpw.mods.modlauncher.LaunchServiceHandler.launch(LaunchServiceHandler.java:53) ~[modlauncher-10.0.9.jar%2355!/:?]
	at cpw.mods.modlauncher.LaunchServiceHandler.launch(LaunchServiceHandler.java:71) ~[modlauncher-10.0.9.jar%2355!/:?]
	at cpw.mods.modlauncher.Launcher.run(Launcher.java:108) ~[modlauncher-10.0.9.jar%2355!/:?]
	at cpw.mods.modlauncher.Launcher.main(Launcher.java:78) ~[modlauncher-10.0.9.jar%2355!/:?]
	at cpw.mods.modlauncher.BootstrapLaunchConsumer.accept(BootstrapLaunchConsumer.java:26) ~[modlauncher-10.0.9.jar%2355!/:?]
	at cpw.mods.modlauncher.BootstrapLaunchConsumer.accept(BootstrapLaunchConsumer.java:23) ~[modlauncher-10.0.9.jar%2355!/:?]
	at cpw.mods.bootstraplauncher.BootstrapLauncher.main(BootstrapLauncher.java:141) ~[bootstraplauncher-1.1.2.jar:?]
[26Feb2025 04:53:29.807] [main/WARN] [Fabric Resource Conditions/]: Skipping object {"type":"minecraft:crafting_shaped","pattern":["###"],"key":{"#":{"item":"supplementaries:fine_wood"}},"fabric:load_conditions":[{"condition":"supplementaries:flag","flag":"fine_wood"}],"result":{"item":"supplementaries:fine_wood_slab","count":6}}. Failed to parse resource conditions
com.google.gson.JsonParseException: Unknown recipe condition: supplementaries:flag
	at net.fabricmc.fabric.api.resource.conditions.v1.ResourceConditions.conditionMatches(ResourceConditions.java:169) ~[fabric-resource-conditions-api-v1-2.3.8+9ad825cd77.jar%231148!/:2.3.8+9ad825cd77]
	at net.fabricmc.fabric.api.resource.conditions.v1.ResourceConditions.conditionsMatch(ResourceConditions.java:148) ~[fabric-resource-conditions-api-v1-2.3.8+9ad825cd77.jar%231148!/:2.3.8+9ad825cd77]
	at net.fabricmc.fabric.api.resource.conditions.v1.ResourceConditions.objectMatchesConditions(ResourceConditions.java:131) ~[fabric-resource-conditions-api-v1-2.3.8+9ad825cd77.jar%231148!/:2.3.8+9ad825cd77]
	at net.minecraft.server.packs.resources.SimpleJsonResourceReloadListener.fabric_applyResourceConditions(SimpleJsonResourceReloadListener.java:561) ~[server-1.20.1-20230612.114412-srg.jar%23859!/:?]
	at net.minecraft.server.packs.resources.SimplePreparableReloadListener.handler$zle000$applyResourceConditions(SimplePreparableReloadListener.java:537) ~[server-1.20.1-20230612.114412-srg.jar%23859!/:?]
	at net.minecraft.server.packs.resources.SimplePreparableReloadListener.m_10789_(SimplePreparableReloadListener.java) ~[server-1.20.1-20230612.114412-srg.jar%23859!/:?]
	at java.util.concurrent.CompletableFuture$UniAccept.tryFire(CompletableFuture.java:718) ~[?:?]
	at java.util.concurrent.CompletableFuture$Completion.run(CompletableFuture.java:482) ~[?:?]
	at net.minecraft.server.packs.resources.SimpleReloadInstance.m_143940_(SimpleReloadInstance.java:69) ~[server-1.20.1-20230612.114412-srg.jar%23859!/:?]
	at net.minecraft.Util.m_214652_(Util.java:783) ~[server-1.20.1-20230612.114412-srg.jar%23859!/:?]
	at net.minecraft.Util.m_214679_(Util.java:772) ~[server-1.20.1-20230612.114412-srg.jar%23859!/:?]
	at net.minecraft.server.Main.main(Main.java:166) ~[server-1.20.1-20230612.114412-srg.jar%23859!/:?]
	at jdk.internal.reflect.NativeMethodAccessorImpl.invoke0(Native Method) ~[?:?]
	at jdk.internal.reflect.NativeMethodAccessorImpl.invoke(NativeMethodAccessorImpl.java:77) ~[?:?]
	at jdk.internal.reflect.DelegatingMethodAccessorImpl.invoke(DelegatingMethodAccessorImpl.java:43) ~[?:?]
	at java.lang.reflect.Method.invoke(Method.java:569) ~[?:?]
	at net.minecraftforge.fml.loading.targets.CommonLaunchHandler.runTarget(CommonLaunchHandler.java:111) ~[fmlloader-1.20.1-47.3.7.jar%2369!/:?]
	at net.minecraftforge.fml.loading.targets.CommonLaunchHandler.serverService(CommonLaunchHandler.java:103) ~[fmlloader-1.20.1-47.3.7.jar%2369!/:?]
	at net.minecraftforge.fml.loading.targets.CommonServerLaunchHandler.lambda$makeService$0(CommonServerLaunchHandler.java:27) ~[fmlloader-1.20.1-47.3.7.jar%2369!/:?]
	at cpw.mods.modlauncher.LaunchServiceHandlerDecorator.launch(LaunchServiceHandlerDecorator.java:30) ~[modlauncher-10.0.9.jar%2355!/:?]
	at cpw.mods.modlauncher.LaunchServiceHandler.launch(LaunchServiceHandler.java:53) ~[modlauncher-10.0.9.jar%2355!/:?]
	at cpw.mods.modlauncher.LaunchServiceHandler.launch(LaunchServiceHandler.java:71) ~[modlauncher-10.0.9.jar%2355!/:?]
	at cpw.mods.modlauncher.Launcher.run(Launcher.java:108) ~[modlauncher-10.0.9.jar%2355!/:?]
	at cpw.mods.modlauncher.Launcher.main(Launcher.java:78) ~[modlauncher-10.0.9.jar%2355!/:?]
	at cpw.mods.modlauncher.BootstrapLaunchConsumer.accept(BootstrapLaunchConsumer.java:26) ~[modlauncher-10.0.9.jar%2355!/:?]
	at cpw.mods.modlauncher.BootstrapLaunchConsumer.accept(BootstrapLaunchConsumer.java:23) ~[modlauncher-10.0.9.jar%2355!/:?]
	at cpw.mods.bootstraplauncher.BootstrapLauncher.main(BootstrapLauncher.java:141) ~[bootstraplauncher-1.1.2.jar:?]
[26Feb2025 04:53:29.808] [main/WARN] [Fabric Resource Conditions/]: Skipping object {"type":"minecraft:crafting_shaped","pattern":["111","121","111"],"key":{"1":{"tag":"minecraft:logs"},"2":{"item":"minecraft:honeycomb"}},"result":{"item":"supplementaries:fine_wood","count":8},"fabric:load_conditions":[{"condition":"supplementaries:flag","flag":"fine_wood"}]}. Failed to parse resource conditions
com.google.gson.JsonParseException: Unknown recipe condition: supplementaries:flag
	at net.fabricmc.fabric.api.resource.conditions.v1.ResourceConditions.conditionMatches(ResourceConditions.java:169) ~[fabric-resource-conditions-api-v1-2.3.8+9ad825cd77.jar%231148!/:2.3.8+9ad825cd77]
	at net.fabricmc.fabric.api.resource.conditions.v1.ResourceConditions.conditionsMatch(ResourceConditions.java:148) ~[fabric-resource-conditions-api-v1-2.3.8+9ad825cd77.jar%231148!/:2.3.8+9ad825cd77]
	at net.fabricmc.fabric.api.resource.conditions.v1.ResourceConditions.objectMatchesConditions(ResourceConditions.java:131) ~[fabric-resource-conditions-api-v1-2.3.8+9ad825cd77.jar%231148!/:2.3.8+9ad825cd77]
	at net.minecraft.server.packs.resources.SimpleJsonResourceReloadListener.fabric_applyResourceConditions(SimpleJsonResourceReloadListener.java:561) ~[server-1.20.1-20230612.114412-srg.jar%23859!/:?]
	at net.minecraft.server.packs.resources.SimplePreparableReloadListener.handler$zle000$applyResourceConditions(SimplePreparableReloadListener.java:537) ~[server-1.20.1-20230612.114412-srg.jar%23859!/:?]
	at net.minecraft.server.packs.resources.SimplePreparableReloadListener.m_10789_(SimplePreparableReloadListener.java) ~[server-1.20.1-20230612.114412-srg.jar%23859!/:?]
	at java.util.concurrent.CompletableFuture$UniAccept.tryFire(CompletableFuture.java:718) ~[?:?]
	at java.util.concurrent.CompletableFuture$Completion.run(CompletableFuture.java:482) ~[?:?]
	at net.minecraft.server.packs.resources.SimpleReloadInstance.m_143940_(SimpleReloadInstance.java:69) ~[server-1.20.1-20230612.114412-srg.jar%23859!/:?]
	at net.minecraft.Util.m_214652_(Util.java:783) ~[server-1.20.1-20230612.114412-srg.jar%23859!/:?]
	at net.minecraft.Util.m_214679_(Util.java:772) ~[server-1.20.1-20230612.114412-srg.jar%23859!/:?]
	at net.minecraft.server.Main.main(Main.java:166) ~[server-1.20.1-20230612.114412-srg.jar%23859!/:?]
	at jdk.internal.reflect.NativeMethodAccessorImpl.invoke0(Native Method) ~[?:?]
	at jdk.internal.reflect.NativeMethodAccessorImpl.invoke(NativeMethodAccessorImpl.java:77) ~[?:?]
	at jdk.internal.reflect.DelegatingMethodAccessorImpl.invoke(DelegatingMethodAccessorImpl.java:43) ~[?:?]
	at java.lang.reflect.Method.invoke(Method.java:569) ~[?:?]
	at net.minecraftforge.fml.loading.targets.CommonLaunchHandler.runTarget(CommonLaunchHandler.java:111) ~[fmlloader-1.20.1-47.3.7.jar%2369!/:?]
	at net.minecraftforge.fml.loading.targets.CommonLaunchHandler.serverService(CommonLaunchHandler.java:103) ~[fmlloader-1.20.1-47.3.7.jar%2369!/:?]
	at net.minecraftforge.fml.loading.targets.CommonServerLaunchHandler.lambda$makeService$0(CommonServerLaunchHandler.java:27) ~[fmlloader-1.20.1-47.3.7.jar%2369!/:?]
	at cpw.mods.modlauncher.LaunchServiceHandlerDecorator.launch(LaunchServiceHandlerDecorator.java:30) ~[modlauncher-10.0.9.jar%2355!/:?]
	at cpw.mods.modlauncher.LaunchServiceHandler.launch(LaunchServiceHandler.java:53) ~[modlauncher-10.0.9.jar%2355!/:?]
	at cpw.mods.modlauncher.LaunchServiceHandler.launch(LaunchServiceHandler.java:71) ~[modlauncher-10.0.9.jar%2355!/:?]
	at cpw.mods.modlauncher.Launcher.run(Launcher.java:108) ~[modlauncher-10.0.9.jar%2355!/:?]
	at cpw.mods.modlauncher.Launcher.main(Launcher.java:78) ~[modlauncher-10.0.9.jar%2355!/:?]
	at cpw.mods.modlauncher.BootstrapLaunchConsumer.accept(BootstrapLaunchConsumer.java:26) ~[modlauncher-10.0.9.jar%2355!/:?]
	at cpw.mods.modlauncher.BootstrapLaunchConsumer.accept(BootstrapLaunchConsumer.java:23) ~[modlauncher-10.0.9.jar%2355!/:?]
	at cpw.mods.bootstraplauncher.BootstrapLauncher.main(BootstrapLauncher.java:141) ~[bootstraplauncher-1.1.2.jar:?]
[26Feb2025 04:53:29.872] [main/INFO] [net.minecraft.world.item.crafting.RecipeManager/]: Skipping loading recipe upgrade_aquatic:driftwood_furnace_boat as it's serializer returned null
[26Feb2025 04:53:29.872] [main/INFO] [net.minecraft.world.item.crafting.RecipeManager/]: Skipping loading recipe woodworks:mangrove_door_from_mangrove_logs_sawing as it's serializer returned null
[26Feb2025 04:53:29.873] [main/INFO] [net.minecraft.world.item.crafting.RecipeManager/]: Skipping loading recipe everycomp:abnww/biomesoplenty/mahogany_pressure_plate_from_mahogany_logs_sawing as it's serializer returned null
[26Feb2025 04:53:29.897] [main/INFO] [net.minecraft.world.item.crafting.RecipeManager/]: Skipping loading recipe upgrade_aquatic:river_door_from_river_logs_sawing as it's serializer returned null
[26Feb2025 04:53:29.898] [main/INFO] [net.minecraft.world.item.crafting.RecipeManager/]: Skipping loading recipe everycomp:abnww/biomesoplenty/redwood_ladder_from_redwood_planks_sawing as it's serializer returned null
[26Feb2025 04:53:29.899] [main/INFO] [net.minecraft.world.item.crafting.RecipeManager/]: Skipping loading recipe everycomp:abnww/regions_unexplored/socotra_pressure_plate_from_socotra_logs_sawing as it's serializer returned null
[26Feb2025 04:53:29.899] [main/INFO] [net.minecraft.world.item.crafting.RecipeManager/]: Skipping loading recipe woodworks:mangrove_trapdoor_from_mangrove_logs_sawing as it's serializer returned null
[26Feb2025 04:53:29.900] [main/INFO] [net.minecraft.world.item.crafting.RecipeManager/]: Skipping loading recipe everycomp:abnww/undergarden/wigglewood_fence_from_wigglewood_logs_sawing as it's serializer returned null
[26Feb2025 04:53:29.901] [main/INFO] [net.minecraft.world.item.crafting.RecipeManager/]: Skipping loading recipe everycomp:abnww/regions_unexplored/joshua_fence_from_joshua_logs_sawing as it's serializer returned null
[26Feb2025 04:53:29.901] [main/INFO] [net.minecraft.world.item.crafting.RecipeManager/]: Skipping loading recipe everycomp:abnww/regions_unexplored/willow_ladder_from_willow_planks_sawing as it's serializer returned null
[26Feb2025 04:53:29.914] [main/INFO] [net.minecraft.world.item.crafting.RecipeManager/]: Skipping loading recipe everycomp:abnww/regions_unexplored/brimwood_sign_from_brimwood_logs_sawing as it's serializer returned null
[26Feb2025 04:53:29.915] [main/INFO] [net.minecraft.world.item.crafting.RecipeManager/]: Skipping loading recipe woodworks:dark_oak_button_from_dark_oak_planks_sawing as it's serializer returned null
[26Feb2025 04:53:29.915] [main/INFO] [net.minecraft.world.item.crafting.RecipeManager/]: Skipping loading recipe everycomp:abnww/regions_unexplored/magnolia_button_from_magnolia_logs_sawing as it's serializer returned null
[26Feb2025 04:53:29.915] [main/INFO] [net.minecraft.world.item.crafting.RecipeManager/]: Skipping loading recipe everycomp:abnww/alexscaves/thornwood_button_from_thornwood_logs_sawing as it's serializer returned null
[26Feb2025 04:53:29.934] [main/INFO] [net.minecraft.world.item.crafting.RecipeManager/]: Skipping loading recipe everycomp:abnww/regions_unexplored/maple_door_from_maple_logs_sawing as it's serializer returned null
[26Feb2025 04:53:29.947] [main/INFO] [net.minecraft.world.item.crafting.RecipeManager/]: Skipping loading recipe woodworks:birch_slab_from_birch_logs_sawing as it's serializer returned null
[26Feb2025 04:53:29.948] [main/INFO] [net.minecraft.world.item.crafting.RecipeManager/]: Skipping loading recipe everycomp:abnww/deeperdarker/echo_sign_from_echo_logs_sawing as it's serializer returned null
[26Feb2025 04:53:29.948] [main/INFO] [net.minecraft.world.item.crafting.RecipeManager/]: Skipping loading recipe everycomp:abnww/regions_unexplored/maple_slab_from_maple_logs_sawing as it's serializer returned null
[26Feb2025 04:53:29.959] [main/INFO] [net.minecraft.world.item.crafting.RecipeManager/]: Skipping loading recipe everycomp:abnww/biomesoplenty/jacaranda_button_from_jacaranda_logs_sawing as it's serializer returned null
[26Feb2025 04:53:29.960] [main/INFO] [net.minecraft.world.item.crafting.RecipeManager/]: Skipping loading recipe everycomp:abnww/ecologics/azalea_slab_from_azalea_logs_sawing as it's serializer returned null
[26Feb2025 04:53:29.961] [main/INFO] [net.minecraft.world.item.crafting.RecipeManager/]: Skipping loading recipe everycomp:abnww/undergarden/smogstem_stairs_from_smogstem_logs_sawing as it's serializer returned null
[26Feb2025 04:53:29.961] [main/INFO] [net.minecraft.world.item.crafting.RecipeManager/]: Skipping loading recipe everycomp:abnww/regions_unexplored/pine_trapdoor_from_pine_logs_sawing as it's serializer returned null
[26Feb2025 04:53:29.962] [main/INFO] [net.minecraft.world.item.crafting.RecipeManager/]: Skipping loading recipe woodworks:crimson_button_from_crimson_planks_sawing as it's serializer returned null
[26Feb2025 04:53:29.962] [main/INFO] [net.minecraft.world.item.crafting.RecipeManager/]: Skipping loading recipe woodworks:spruce_leaves_from_leaf_piles as it's serializer returned null
[26Feb2025 04:53:29.962] [main/INFO] [net.minecraft.world.item.crafting.RecipeManager/]: Skipping loading recipe everycomp:abnww/regions_unexplored/pink_bioshroom_trapdoor_from_pink_bioshroom_logs_sawing as it's serializer returned null
[26Feb2025 04:53:29.981] [main/INFO] [net.minecraft.world.item.crafting.RecipeManager/]: Skipping loading recipe everycomp:abnww/alexscaves/pewen_stairs_from_pewen_logs_sawing as it's serializer returned null
[26Feb2025 04:53:29.981] [main/INFO] [net.minecraft.world.item.crafting.RecipeManager/]: Skipping loading recipe everycomp:abnww/biomesoplenty/mahogany_stairs_from_mahogany_logs_sawing as it's serializer returned null
[26Feb2025 04:53:29.992] [main/INFO] [net.minecraft.world.item.crafting.RecipeManager/]: Skipping loading recipe everycomp:abnww/undergarden/grongle_door_from_grongle_logs_sawing as it's serializer returned null
[26Feb2025 04:53:29.992] [main/INFO] [net.minecraft.world.item.crafting.RecipeManager/]: Skipping loading recipe upgrade_aquatic:driftwood_boards_from_driftwood_logs_sawing as it's serializer returned null
[26Feb2025 04:53:29.993] [main/INFO] [net.minecraft.world.item.crafting.RecipeManager/]: Skipping loading recipe everycomp:abnww/regions_unexplored/socotra_slab_from_socotra_planks_sawing as it's serializer returned null
[26Feb2025 04:53:29.993] [main/INFO] [net.minecraft.world.item.crafting.RecipeManager/]: Skipping loading recipe everycomp:abnww/alexscaves/pewen_slab_from_pewen_logs_sawing as it's serializer returned null
[26Feb2025 04:53:29.994] [main/INFO] [net.minecraft.world.item.crafting.RecipeManager/]: Skipping loading recipe upgrade_aquatic:kelpy_cobblestone_brick_stairs_from_kelpy_cobblestone_stonecutting as it's serializer returned null
[26Feb2025 04:53:29.994] [main/INFO] [net.minecraft.world.item.crafting.RecipeManager/]: Skipping loading recipe upgrade_aquatic:river_slab_from_river_logs_sawing as it's serializer returned null
[26Feb2025 04:53:29.995] [main/INFO] [net.minecraft.world.item.crafting.RecipeManager/]: Skipping loading recipe everycomp:abnww/biomesoplenty/fir_trapdoor_from_fir_logs_sawing as it's serializer returned null
[26Feb2025 04:53:29.996] [main/INFO] [net.minecraft.world.item.crafting.RecipeManager/]: Skipping loading recipe everycomp:abnww/regions_unexplored/dead_fence_from_dead_logs_sawing as it's serializer returned null
[26Feb2025 04:53:29.996] [main/INFO] [net.minecraft.world.item.crafting.RecipeManager/]: Skipping loading recipe everycomp:abnww/palegardenbackport/pale_oak_door_from_pale_oak_logs_sawing as it's serializer returned null
[26Feb2025 04:53:29.996] [main/INFO] [net.minecraft.world.item.crafting.RecipeManager/]: Skipping loading recipe everycomp:abnww/biomesoplenty/palm_ladder_from_palm_logs_sawing as it's serializer returned null
[26Feb2025 04:53:29.997] [main/INFO] [net.minecraft.world.item.crafting.RecipeManager/]: Skipping loading recipe everycomp:abnww/biomesoplenty/magic_ladder_from_magic_planks_sawing as it's serializer returned null
[26Feb2025 04:53:29.997] [main/INFO] [net.minecraft.world.item.crafting.RecipeManager/]: Skipping loading recipe everycomp:abnww/alexscaves/pewen_boards_from_pewen_logs_sawing as it's serializer returned null
[26Feb2025 04:53:30.004] [main/INFO] [net.minecraft.world.item.crafting.RecipeManager/]: Skipping loading recipe everycomp:abnww/regions_unexplored/magnolia_stairs_from_magnolia_planks_sawing as it's serializer returned null
[26Feb2025 04:53:30.004] [main/INFO] [net.minecraft.world.item.crafting.RecipeManager/]: Skipping loading recipe everycomp:abnww/biomemakeover/blighted_balsa_ladder_from_blighted_balsa_planks_sawing as it's serializer returned null
[26Feb2025 04:53:30.011] [main/INFO] [net.minecraft.world.item.crafting.RecipeManager/]: Skipping loading recipe everycomp:abnww/biomesoplenty/willow_fence_from_willow_planks_sawing as it's serializer returned null
[26Feb2025 04:53:30.011] [main/INFO] [net.minecraft.world.item.crafting.RecipeManager/]: Skipping loading recipe everycomp:abnww/regions_unexplored/brimwood_pressure_plate_from_brimwood_logs_sawing as it's serializer returned null
[26Feb2025 04:53:30.011] [main/INFO] [net.minecraft.world.item.crafting.RecipeManager/]: Skipping loading recipe everycomp:abnww/valhelsia_structures/lapidified_jungle_boards_from_lapidified_jungle_logs_sawing as it's serializer returned null
[26Feb2025 04:53:30.020] [main/INFO] [net.minecraft.world.item.crafting.RecipeManager/]: Skipping loading recipe everycomp:abnww/snifferplus/stone_pine_fence_gate_from_stone_pine_logs_sawing as it's serializer returned null
[26Feb2025 04:53:30.021] [main/INFO] [net.minecraft.world.item.crafting.RecipeManager/]: Skipping loading recipe everycomp:abnww/ecologics/flowering_azalea_slab_from_flowering_azalea_logs_sawing as it's serializer returned null
[26Feb2025 04:53:30.021] [main/INFO] [net.minecraft.world.item.crafting.RecipeManager/]: Skipping loading recipe everycomp:abnww/regions_unexplored/socotra_stairs_from_socotra_planks_sawing as it's serializer returned null
[26Feb2025 04:53:30.022] [main/INFO] [net.minecraft.world.item.crafting.RecipeManager/]: Skipping loading recipe everycomp:abnww/regions_unexplored/cypress_button_from_cypress_planks_sawing as it's serializer returned null
[26Feb2025 04:53:30.022] [main/INFO] [net.minecraft.world.item.crafting.RecipeManager/]: Skipping loading recipe everycomp:abnww/regions_unexplored/cobalt_slab_from_cobalt_planks_sawing as it's serializer returned null
[26Feb2025 04:53:30.027] [main/INFO] [net.minecraft.world.item.crafting.RecipeManager/]: Skipping loading recipe everycomp:abnww/regions_unexplored/baobab_button_from_baobab_logs_sawing as it's serializer returned null
[26Feb2025 04:53:30.032] [main/INFO] [net.minecraft.world.item.crafting.RecipeManager/]: Skipping loading recipe everycomp:abnww/born_in_chaos_v1/scorched_ladder_from_scorched_logs_sawing as it's serializer returned null
[26Feb2025 04:53:30.032] [main/INFO] [net.minecraft.world.item.crafting.RecipeManager/]: Skipping loading recipe everycomp:abnww/regions_unexplored/joshua_stairs_from_joshua_logs_sawing as it's serializer returned null
[26Feb2025 04:53:30.033] [main/INFO] [net.minecraft.world.item.crafting.RecipeManager/]: Skipping loading recipe everycomp:abnww/biomesoplenty/dead_door_from_dead_logs_sawing as it's serializer returned null
[26Feb2025 04:53:30.033] [main/INFO] [net.minecraft.world.item.crafting.RecipeManager/]: Skipping loading recipe everycomp:abnww/regions_unexplored/pine_door_from_pine_logs_sawing as it's serializer returned null
[26Feb2025 04:53:30.033] [main/INFO] [net.minecraft.world.item.crafting.RecipeManager/]: Skipping loading recipe everycomp:abnww/ecologics/flowering_azalea_sign_from_flowering_azalea_logs_sawing as it's serializer returned null
[26Feb2025 04:53:30.034] [main/INFO] [net.minecraft.world.item.crafting.RecipeManager/]: Skipping loading recipe woodworks:spruce_trapdoor_from_spruce_logs_sawing as it's serializer returned null
[26Feb2025 04:53:30.034] [main/INFO] [net.minecraft.world.item.crafting.RecipeManager/]: Skipping loading recipe everycomp:abnww/betterarcheology/rotten_fence_from_rotten_logs_sawing as it's serializer returned null
[26Feb2025 04:53:30.034] [main/INFO] [net.minecraft.world.item.crafting.RecipeManager/]: Skipping loading recipe woodworks:acacia_button_from_acacia_planks_sawing as it's serializer returned null
[26Feb2025 04:53:30.035] [main/INFO] [net.minecraft.world.item.crafting.RecipeManager/]: Skipping loading recipe everycomp:abnww/palegardenbackport/pale_oak_fence_from_pale_oak_logs_sawing as it's serializer returned null
[26Feb2025 04:53:30.047] [main/INFO] [net.minecraft.world.item.crafting.RecipeManager/]: Skipping loading recipe everycomp:abnww/undergarden/wigglewood_slab_from_wigglewood_planks_sawing as it's serializer returned null
[26Feb2025 04:53:30.047] [main/INFO] [net.minecraft.world.item.crafting.RecipeManager/]: Skipping loading recipe everycomp:abnww/alexscaves/thornwood_pressure_plate_from_thornwood_logs_sawing as it's serializer returned null
[26Feb2025 04:53:30.047] [main/INFO] [net.minecraft.world.item.crafting.RecipeManager/]: Skipping loading recipe everycomp:abnww/biomemakeover/ancient_oak_sign_from_ancient_oak_logs_sawing as it's serializer returned null
[26Feb2025 04:53:30.047] [main/INFO] [net.minecraft.world.item.crafting.RecipeManager/]: Skipping loading recipe woodworks:jungle_fence_gate_from_jungle_logs_sawing as it's serializer returned null
[26Feb2025 04:53:30.048] [main/INFO] [net.minecraft.world.item.crafting.RecipeManager/]: Skipping loading recipe woodworks:crimson_slab_from_crimson_stems_sawing as it's serializer returned null
[26Feb2025 04:53:30.049] [main/INFO] [net.minecraft.world.item.crafting.RecipeManager/]: Skipping loading recipe everycomp:abnww/biomemakeover/blighted_balsa_planks_from_blighted_balsa_logs_sawing as it's serializer returned null
[26Feb2025 04:53:30.049] [main/INFO] [net.minecraft.world.item.crafting.RecipeManager/]: Skipping loading recipe everycomp:abnww/alexscaves/pewen_door_from_pewen_logs_sawing as it's serializer returned null
[26Feb2025 04:53:30.053] [main/INFO] [net.minecraft.world.item.crafting.RecipeManager/]: Skipping loading recipe everycomp:abnww/regions_unexplored/baobab_ladder_from_baobab_planks_sawing as it's serializer returned null
[26Feb2025 04:53:30.057] [main/INFO] [net.minecraft.world.item.crafting.RecipeManager/]: Skipping loading recipe everycomp:abnww/regions_unexplored/kapok_ladder_from_kapok_planks_sawing as it's serializer returned null
[26Feb2025 04:53:30.058] [main/INFO] [net.minecraft.world.item.crafting.RecipeManager/]: Skipping loading recipe woodworks:birch_door_from_birch_logs_sawing as it's serializer returned null
[26Feb2025 04:53:30.058] [main/INFO] [net.minecraft.world.item.crafting.RecipeManager/]: Skipping loading recipe woodworks:dark_oak_ladder_from_dark_oak_planks_sawing as it's serializer returned null
[26Feb2025 04:53:30.058] [main/INFO] [net.minecraft.world.item.crafting.RecipeManager/]: Skipping loading recipe everycomp:abnww/deeperdarker/echo_trapdoor_from_echo_logs_sawing as it's serializer returned null
[26Feb2025 04:53:30.059] [main/INFO] [net.minecraft.world.item.crafting.RecipeManager/]: Skipping loading recipe upgrade_aquatic:kelpy_cobblestone_tile_slab_from_kelpy_cobblestone_tiles_stonecutting as it's serializer returned null
[26Feb2025 04:53:30.064] [main/INFO] [net.minecraft.world.item.crafting.RecipeManager/]: Skipping loading recipe upgrade_aquatic:river_boards_from_river_planks_sawing as it's serializer returned null
[26Feb2025 04:53:30.064] [main/INFO] [net.minecraft.world.item.crafting.RecipeManager/]: Skipping loading recipe woodworks:cherry_leaf_pile as it's serializer returned null
[26Feb2025 04:53:30.067] [main/INFO] [net.minecraft.world.item.crafting.RecipeManager/]: Skipping loading recipe everycomp:abnww/regions_unexplored/dead_boards_from_dead_planks_sawing as it's serializer returned null
[26Feb2025 04:53:30.068] [main/INFO] [net.minecraft.world.item.crafting.RecipeManager/]: Skipping loading recipe everycomp:abnww/valhelsia_structures/lapidified_jungle_stairs_from_lapidified_jungle_planks_sawing as it's serializer returned null
[26Feb2025 04:53:30.068] [main/INFO] [net.minecraft.world.item.crafting.RecipeManager/]: Skipping loading recipe everycomp:abnww/undergarden/wigglewood_planks_from_wigglewood_logs_sawing as it's serializer returned null
[26Feb2025 04:53:30.071] [main/INFO] [net.minecraft.world.item.crafting.RecipeManager/]: Skipping loading recipe everycomp:abnww/biomesoplenty/hellbark_slab_from_hellbark_logs_sawing as it's serializer returned null
[26Feb2025 04:53:30.071] [main/INFO] [net.minecraft.world.item.crafting.RecipeManager/]: Skipping loading recipe woodworks:dark_oak_fence_from_dark_oak_logs_sawing as it's serializer returned null
[26Feb2025 04:53:30.074] [main/INFO] [net.minecraft.world.item.crafting.RecipeManager/]: Skipping loading recipe everycomp:abnww/biomesoplenty/dead_boards_from_dead_logs_sawing as it's serializer returned null
[26Feb2025 04:53:30.074] [main/INFO] [net.minecraft.world.item.crafting.RecipeManager/]: Skipping loading recipe everycomp:abnww/biomemakeover/swamp_cypress_slab_from_swamp_cypress_planks_sawing as it's serializer returned null
[26Feb2025 04:53:30.079] [main/INFO] [net.minecraft.world.item.crafting.RecipeManager/]: Skipping loading recipe everycomp:abnww/biomesoplenty/redwood_ladder_from_redwood_logs_sawing as it's serializer returned null
[26Feb2025 04:53:30.087] [main/INFO] [net.minecraft.world.item.crafting.RecipeManager/]: Skipping loading recipe everycomp:abnww/undergarden/wigglewood_fence_gate_from_wigglewood_logs_sawing as it's serializer returned null
[26Feb2025 04:53:30.087] [main/INFO] [net.minecraft.world.item.crafting.RecipeManager/]: Skipping loading recipe everycomp:abnww/valhelsia_structures/lapidified_jungle_slab_from_lapidified_jungle_logs_sawing as it's serializer returned null
[26Feb2025 04:53:30.088] [main/INFO] [net.minecraft.world.item.crafting.RecipeManager/]: Skipping loading recipe everycomp:abnww/biomesoplenty/magic_boards_from_magic_logs_sawing as it's serializer returned null
[26Feb2025 04:53:30.088] [main/INFO] [net.minecraft.world.item.crafting.RecipeManager/]: Skipping loading recipe everycomp:abnww/biomesoplenty/palm_ladder_from_palm_planks_sawing as it's serializer returned null
[26Feb2025 04:53:30.088] [main/INFO] [net.minecraft.world.item.crafting.RecipeManager/]: Skipping loading recipe everycomp:abnww/biomesoplenty/palm_pressure_plate_from_palm_logs_sawing as it's serializer returned null
[26Feb2025 04:53:30.088] [main/INFO] [net.minecraft.world.item.crafting.RecipeManager/]: Skipping loading recipe everycomp:abnww/deeperdarker/echo_ladder_from_echo_logs_sawing as it's serializer returned null
[26Feb2025 04:53:30.088] [main/INFO] [net.minecraft.world.item.crafting.RecipeManager/]: Skipping loading recipe everycomp:abnww/regions_unexplored/yellow_bioshroom_pressure_plate_from_yellow_bioshroom_logs_sawing as it's serializer returned null
[26Feb2025 04:53:30.089] [main/INFO] [net.minecraft.world.item.crafting.RecipeManager/]: Skipping loading recipe woodworks:dark_oak_button_from_dark_oak_logs_sawing as it's serializer returned null
[26Feb2025 04:53:30.089] [main/INFO] [net.minecraft.world.item.crafting.RecipeManager/]: Skipping loading recipe everycomp:abnww/alexscaves/thornwood_fence_gate_from_thornwood_logs_sawing as it's serializer returned null
[26Feb2025 04:53:30.089] [main/INFO] [net.minecraft.world.item.crafting.RecipeManager/]: Skipping loading recipe everycomp:abnww/regions_unexplored/magnolia_button_from_magnolia_planks_sawing as it's serializer returned null
[26Feb2025 04:53:30.089] [main/INFO] [net.minecraft.world.item.crafting.RecipeManager/]: Skipping loading recipe everycomp:abnww/regions_unexplored/socotra_boards_from_socotra_logs_sawing as it's serializer returned null
[26Feb2025 04:53:30.090] [main/INFO] [net.minecraft.world.item.crafting.RecipeManager/]: Skipping loading recipe everycomp:abnww/regions_unexplored/green_bioshroom_slab_from_green_bioshroom_logs_sawing as it's serializer returned null
[26Feb2025 04:53:30.093] [main/INFO] [net.minecraft.world.item.crafting.RecipeManager/]: Skipping loading recipe everycomp:abnww/regions_unexplored/yellow_bioshroom_ladder_from_yellow_bioshroom_logs_sawing as it's serializer returned null
[26Feb2025 04:53:30.093] [main/INFO] [net.minecraft.world.item.crafting.RecipeManager/]: Skipping loading recipe everycomp:abnww/regions_unexplored/socotra_slab_from_socotra_logs_sawing as it's serializer returned null
[26Feb2025 04:53:30.096] [main/INFO] [net.minecraft.world.item.crafting.RecipeManager/]: Skipping loading recipe everycomp:abnww/regions_unexplored/larch_ladder_from_larch_planks_sawing as it's serializer returned null
[26Feb2025 04:53:30.096] [main/INFO] [net.minecraft.world.item.crafting.RecipeManager/]: Skipping loading recipe everycomp:abnww/alexscaves/thornwood_fence_from_thornwood_logs_sawing as it's serializer returned null
[26Feb2025 04:53:30.099] [main/INFO] [net.minecraft.world.item.crafting.RecipeManager/]: Skipping loading recipe woodworks:jungle_button_from_jungle_planks_sawing as it's serializer returned null
[26Feb2025 04:53:30.099] [main/INFO] [net.minecraft.world.item.crafting.RecipeManager/]: Skipping loading recipe everycomp:abnww/regions_unexplored/palm_stairs_from_palm_logs_sawing as it's serializer returned null
[26Feb2025 04:53:30.103] [main/INFO] [net.minecraft.world.item.crafting.RecipeManager/]: Skipping loading recipe everycomp:abnww/regions_unexplored/palm_slab_from_palm_planks_sawing as it's serializer returned null
[26Feb2025 04:53:30.104] [main/INFO] [net.minecraft.world.item.crafting.RecipeManager/]: Skipping loading recipe everycomp:abnww/regions_unexplored/willow_stairs_from_willow_planks_sawing as it's serializer returned null
[26Feb2025 04:53:30.109] [main/INFO] [net.minecraft.world.item.crafting.RecipeManager/]: Skipping loading recipe everycomp:abnww/ecologics/coconut_fence_gate_from_coconut_logs_sawing as it's serializer returned null
[26Feb2025 04:53:30.109] [main/INFO] [net.minecraft.world.item.crafting.RecipeManager/]: Skipping loading recipe everycomp:abnww/ecologics/coconut_stairs_from_coconut_planks_sawing as it's serializer returned null
[26Feb2025 04:53:30.110] [main/INFO] [net.minecraft.world.item.crafting.RecipeManager/]: Skipping loading recipe woodworks:oak_button_from_oak_logs_sawing as it's serializer returned null
[26Feb2025 04:53:30.110] [main/INFO] [net.minecraft.world.item.crafting.RecipeManager/]: Skipping loading recipe everycomp:abnww/regions_unexplored/willow_trapdoor_from_willow_logs_sawing as it's serializer returned null
[26Feb2025 04:53:30.110] [main/INFO] [net.minecraft.world.item.crafting.RecipeManager/]: Skipping loading recipe everycomp:abnww/regions_unexplored/joshua_fence_from_joshua_planks_sawing as it's serializer returned null
[26Feb2025 04:53:30.111] [main/INFO] [net.minecraft.world.item.crafting.RecipeManager/]: Skipping loading recipe everycomp:abnww/biomemakeover/blighted_balsa_slab_from_blighted_balsa_planks_sawing as it's serializer returned null
[26Feb2025 04:53:30.111] [main/INFO] [net.minecraft.world.item.crafting.RecipeManager/]: Skipping loading recipe woodworks:oak_leaf_pile as it's serializer returned null
[26Feb2025 04:53:30.111] [main/INFO] [net.minecraft.world.item.crafting.RecipeManager/]: Skipping loading recipe upgrade_aquatic:kelpy_cobblestone_tiles as it's serializer returned null
[26Feb2025 04:53:30.112] [main/INFO] [net.minecraft.world.item.crafting.RecipeManager/]: Skipping loading recipe everycomp:abnww/biomemakeover/blighted_balsa_sign_from_blighted_balsa_logs_sawing as it's serializer returned null
[26Feb2025 04:53:30.112] [main/INFO] [net.minecraft.world.item.crafting.RecipeManager/]: Skipping loading recipe everycomp:abnww/regions_unexplored/redwood_pressure_plate_from_redwood_logs_sawing as it's serializer returned null
[26Feb2025 04:53:30.112] [main/INFO] [net.minecraft.world.item.crafting.RecipeManager/]: Skipping loading recipe woodworks:mangrove_boards_from_mangrove_logs_sawing as it's serializer returned null
[26Feb2025 04:53:30.112] [main/INFO] [net.minecraft.world.item.crafting.RecipeManager/]: Skipping loading recipe everycomp:abnww/regions_unexplored/baobab_slab_from_baobab_planks_sawing as it's serializer returned null
[26Feb2025 04:53:30.118] [main/INFO] [net.minecraft.world.item.crafting.RecipeManager/]: Skipping loading recipe woodworks:dark_oak_slab_from_dark_oak_planks_sawing as it's serializer returned null
[26Feb2025 04:53:30.121] [main/INFO] [net.minecraft.world.item.crafting.RecipeManager/]: Skipping loading recipe woodworks:warped_beehive as it's serializer returned null
[26Feb2025 04:53:30.121] [main/INFO] [net.minecraft.world.item.crafting.RecipeManager/]: Skipping loading recipe everycomp:abnww/cataclysm/chorus_boards_from_chorus_planks_sawing as it's serializer returned null
[26Feb2025 04:53:30.121] [main/INFO] [net.minecraft.world.item.crafting.RecipeManager/]: Skipping loading recipe everycomp:abnww/netherexp/claret_button_from_claret_logs_sawing as it's serializer returned null
[26Feb2025 04:53:30.121] [main/INFO] [net.minecraft.world.item.crafting.RecipeManager/]: Skipping loading recipe everycomp:abnww/regions_unexplored/kapok_planks_from_kapok_logs_sawing as it's serializer returned null
[26Feb2025 04:53:30.122] [main/INFO] [net.minecraft.world.item.crafting.RecipeManager/]: Skipping loading recipe upgrade_aquatic:river_furnace_boat as it's serializer returned null
[26Feb2025 04:53:30.124] [main/INFO] [net.minecraft.world.item.crafting.RecipeManager/]: Skipping loading recipe everycomp:abnww/biomesoplenty/mahogany_ladder_from_mahogany_logs_sawing as it's serializer returned null
[26Feb2025 04:53:30.125] [main/INFO] [net.minecraft.world.item.crafting.RecipeManager/]: Skipping loading recipe everycomp:abnww/regions_unexplored/blackwood_boards_from_blackwood_planks_sawing as it's serializer returned null
[26Feb2025 04:53:30.132] [main/INFO] [net.minecraft.world.item.crafting.RecipeManager/]: Skipping loading recipe everycomp:abnww/biomemakeover/ancient_oak_ladder_from_ancient_oak_planks_sawing as it's serializer returned null
[26Feb2025 04:53:30.134] [main/INFO] [net.minecraft.world.item.crafting.RecipeManager/]: Skipping loading recipe everycomp:abnww/betterarcheology/rotten_fence_gate_from_rotten_logs_sawing as it's serializer returned null
[26Feb2025 04:53:30.135] [main/INFO] [net.minecraft.world.item.crafting.RecipeManager/]: Skipping loading recipe woodworks:birch_stairs_from_birch_planks_sawing as it's serializer returned null
[26Feb2025 04:53:30.135] [main/INFO] [net.minecraft.world.item.crafting.RecipeManager/]: Skipping loading recipe everycomp:abnww/regions_unexplored/green_bioshroom_ladder_from_green_bioshroom_logs_sawing as it's serializer returned null
[26Feb2025 04:53:30.136] [main/INFO] [net.minecraft.world.item.crafting.RecipeManager/]: Skipping loading recipe everycomp:abnww/regions_unexplored/redwood_door_from_redwood_logs_sawing as it's serializer returned null
[26Feb2025 04:53:30.136] [main/INFO] [net.minecraft.world.item.crafting.RecipeManager/]: Skipping loading recipe everycomp:abnww/regions_unexplored/cobalt_fence_gate_from_cobalt_logs_sawing as it's serializer returned null
[26Feb2025 04:53:30.136] [main/INFO] [net.minecraft.world.item.crafting.RecipeManager/]: Skipping loading recipe everycomp:abnww/ecologics/coconut_ladder_from_coconut_logs_sawing as it's serializer returned null
[26Feb2025 04:53:30.136] [main/INFO] [net.minecraft.world.item.crafting.RecipeManager/]: Skipping loading recipe everycomp:abnww/regions_unexplored/joshua_pressure_plate_from_joshua_logs_sawing as it's serializer returned null
[26Feb2025 04:53:30.137] [main/INFO] [net.minecraft.world.item.crafting.RecipeManager/]: Skipping loading recipe everycomp:abnww/biomemakeover/ancient_oak_boards_from_ancient_oak_logs_sawing as it's serializer returned null
[26Feb2025 04:53:30.137] [main/INFO] [net.minecraft.world.item.crafting.RecipeManager/]: Skipping loading recipe everycomp:abnww/regions_unexplored/brimwood_fence_gate_from_brimwood_logs_sawing as it's serializer returned null
[26Feb2025 04:53:30.142] [main/INFO] [net.minecraft.world.item.crafting.RecipeManager/]: Skipping loading recipe everycomp:abnww/undergarden/smogstem_boards_from_smogstem_planks_sawing as it's serializer returned null
[26Feb2025 04:53:30.147] [main/INFO] [net.minecraft.world.item.crafting.RecipeManager/]: Skipping loading recipe everycomp:abnww/regions_unexplored/pine_stairs_from_pine_planks_sawing as it's serializer returned null
[26Feb2025 04:53:30.150] [main/INFO] [net.minecraft.world.item.crafting.RecipeManager/]: Skipping loading recipe everycomp:abnww/netherexp/claret_fence_from_claret_planks_sawing as it's serializer returned null
[26Feb2025 04:53:30.150] [main/INFO] [net.minecraft.world.item.crafting.RecipeManager/]: Skipping loading recipe woodworks:cherry_ladder_from_cherry_planks_sawing as it's serializer returned null
[26Feb2025 04:53:30.151] [main/INFO] [net.minecraft.world.item.crafting.RecipeManager/]: Skipping loading recipe everycomp:abnww/regions_unexplored/yellow_bioshroom_button_from_yellow_bioshroom_planks_sawing as it's serializer returned null
[26Feb2025 04:53:30.151] [main/INFO] [net.minecraft.world.item.crafting.RecipeManager/]: Skipping loading recipe woodworks:birch_button_from_birch_planks_sawing as it's serializer returned null
[26Feb2025 04:53:30.151] [main/INFO] [net.minecraft.world.item.crafting.RecipeManager/]: Skipping loading recipe everycomp:abnww/regions_unexplored/palm_sign_from_palm_logs_sawing as it's serializer returned null
[26Feb2025 04:53:30.152] [main/INFO] [net.minecraft.world.item.crafting.RecipeManager/]: Skipping loading recipe woodworks:acacia_sign_from_acacia_logs_sawing as it's serializer returned null
[26Feb2025 04:53:30.152] [main/INFO] [net.minecraft.world.item.crafting.RecipeManager/]: Skipping loading recipe everycomp:abnww/undergarden/grongle_sign_from_grongle_logs_sawing as it's serializer returned null
[26Feb2025 04:53:30.153] [main/INFO] [net.minecraft.world.item.crafting.RecipeManager/]: Skipping loading recipe everycomp:abnww/biomesoplenty/mahogany_stairs_from_mahogany_planks_sawing as it's serializer returned null
[26Feb2025 04:53:30.153] [main/INFO] [net.minecraft.world.item.crafting.RecipeManager/]: Skipping loading recipe woodworks:bamboo_fence_from_bamboo_planks_sawing as it's serializer returned null
[26Feb2025 04:53:30.161] [main/INFO] [net.minecraft.world.item.crafting.RecipeManager/]: Skipping loading recipe woodworks:dark_oak_planks_from_dark_oak_logs_sawing as it's serializer returned null
[26Feb2025 04:53:30.161] [main/INFO] [net.minecraft.world.item.crafting.RecipeManager/]: Skipping loading recipe everycomp:abnww/biomemakeover/willow_slab_from_willow_logs_sawing as it's serializer returned null
[26Feb2025 04:53:30.161] [main/INFO] [net.minecraft.world.item.crafting.RecipeManager/]: Skipping loading recipe everycomp:abnww/biomemakeover/swamp_cypress_boards_from_swamp_cypress_logs_sawing as it's serializer returned null
[26Feb2025 04:53:30.162] [main/INFO] [net.minecraft.world.item.crafting.RecipeManager/]: Skipping loading recipe everycomp:abnww/regions_unexplored/magnolia_planks_from_magnolia_logs_sawing as it's serializer returned null
[26Feb2025 04:53:30.166] [main/INFO] [net.minecraft.world.item.crafting.RecipeManager/]: Skipping loading recipe everycomp:abnww/biomesoplenty/magic_button_from_magic_logs_sawing as it's serializer returned null
[26Feb2025 04:53:30.166] [main/INFO] [net.minecraft.world.item.crafting.RecipeManager/]: Skipping loading recipe woodworks:birch_beehive as it's serializer returned null
[26Feb2025 04:53:30.170] [main/INFO] [net.minecraft.world.item.crafting.RecipeManager/]: Skipping loading recipe everycomp:abnww/ecologics/flowering_azalea_fence_from_flowering_azalea_planks_sawing as it's serializer returned null
[26Feb2025 04:53:30.179] [main/INFO] [net.minecraft.world.item.crafting.RecipeManager/]: Skipping loading recipe everycomp:abnww/biomesoplenty/redwood_door_from_redwood_logs_sawing as it's serializer returned null
[26Feb2025 04:53:30.180] [main/INFO] [net.minecraft.world.item.crafting.RecipeManager/]: Skipping loading recipe everycomp:abnww/ecologics/coconut_fence_from_coconut_logs_sawing as it's serializer returned null
[26Feb2025 04:53:30.182] [main/INFO] [net.minecraft.world.item.crafting.RecipeManager/]: Skipping loading recipe everycomp:abnww/regions_unexplored/cobalt_fence_from_cobalt_logs_sawing as it's serializer returned null
[26Feb2025 04:53:30.182] [main/INFO] [net.minecraft.world.item.crafting.RecipeManager/]: Skipping loading recipe upgrade_aquatic:kelpy_cobblestone_tile_wall as it's serializer returned null
[26Feb2025 04:53:30.182] [main/INFO] [net.minecraft.world.item.crafting.RecipeManager/]: Skipping loading recipe woodworks:birch_slab_from_birch_planks_sawing as it's serializer returned null
[26Feb2025 04:53:30.183] [main/INFO] [net.minecraft.world.item.crafting.RecipeManager/]: Skipping loading recipe everycomp:abnww/regions_unexplored/socotra_fence_from_socotra_planks_sawing as it's serializer returned null
[26Feb2025 04:53:30.192] [main/INFO] [net.minecraft.world.item.crafting.RecipeManager/]: Skipping loading recipe everycomp:abnww/ecologics/walnut_slab_from_walnut_logs_sawing as it's serializer returned null
[26Feb2025 04:53:30.192] [main/INFO] [net.minecraft.world.item.crafting.RecipeManager/]: Skipping loading recipe everycomp:abnww/palegardenbackport/pale_oak_sign_from_pale_oak_logs_sawing as it's serializer returned null
[26Feb2025 04:53:30.195] [main/INFO] [net.minecraft.world.item.crafting.RecipeManager/]: Skipping loading recipe everycomp:abnww/regions_unexplored/green_bioshroom_boards_from_green_bioshroom_logs_sawing as it's serializer returned null
[26Feb2025 04:53:30.195] [main/INFO] [net.minecraft.world.item.crafting.RecipeManager/]: Skipping loading recipe everycomp:abnww/regions_unexplored/joshua_ladder_from_joshua_logs_sawing as it's serializer returned null
[26Feb2025 04:53:30.195] [main/INFO] [net.minecraft.world.item.crafting.RecipeManager/]: Skipping loading recipe everycomp:abnww/regions_unexplored/socotra_sign_from_socotra_logs_sawing as it's serializer returned null
[26Feb2025 04:53:30.206] [main/INFO] [net.minecraft.world.item.crafting.RecipeManager/]: Skipping loading recipe everycomp:abnww/regions_unexplored/kapok_fence_from_kapok_planks_sawing as it's serializer returned null
[26Feb2025 04:53:30.213] [main/INFO] [net.minecraft.world.item.crafting.RecipeManager/]: Skipping loading recipe everycomp:abnww/biomesoplenty/redwood_fence_gate_from_redwood_logs_sawing as it's serializer returned null
[26Feb2025 04:53:30.213] [main/INFO] [net.minecraft.world.item.crafting.RecipeManager/]: Skipping loading recipe everycomp:abnww/biomesoplenty/magic_door_from_magic_logs_sawing as it's serializer returned null
[26Feb2025 04:53:30.214] [main/INFO] [net.minecraft.world.item.crafting.RecipeManager/]: Skipping loading recipe woodworks:acacia_trapdoor_from_acacia_logs_sawing as it's serializer returned null
[26Feb2025 04:53:30.215] [main/INFO] [net.minecraft.world.item.crafting.RecipeManager/]: Skipping loading recipe everycomp:abnww/regions_unexplored/pink_bioshroom_pressure_plate_from_pink_bioshroom_logs_sawing as it's serializer returned null
[26Feb2025 04:53:30.215] [main/INFO] [net.minecraft.world.item.crafting.RecipeManager/]: Skipping loading recipe woodworks:spruce_slab_from_spruce_planks_sawing as it's serializer returned null
[26Feb2025 04:53:30.216] [main/INFO] [net.minecraft.world.item.crafting.RecipeManager/]: Skipping loading recipe everycomp:abnww/biomemakeover/blighted_balsa_slab_from_blighted_balsa_logs_sawing as it's serializer returned null
[26Feb2025 04:53:30.216] [main/INFO] [net.minecraft.world.item.crafting.RecipeManager/]: Skipping loading recipe everycomp:abnww/biomemakeover/ancient_oak_slab_from_ancient_oak_planks_sawing as it's serializer returned null
[26Feb2025 04:53:30.216] [main/INFO] [net.minecraft.world.item.crafting.RecipeManager/]: Skipping loading recipe everycomp:abnww/valhelsia_structures/lapidified_jungle_pressure_plate_from_lapidified_jungle_logs_sawing as it's serializer returned null
[26Feb2025 04:53:30.220] [main/INFO] [net.minecraft.world.item.crafting.RecipeManager/]: Skipping loading recipe upgrade_aquatic:river_fence_from_river_planks_sawing as it's serializer returned null
[26Feb2025 04:53:30.221] [main/INFO] [net.minecraft.world.item.crafting.RecipeManager/]: Skipping loading recipe everycomp:abnww/alexscaves/pewen_fence_from_pewen_logs_sawing as it's serializer returned null
[26Feb2025 04:53:30.221] [main/INFO] [net.minecraft.world.item.crafting.RecipeManager/]: Skipping loading recipe everycomp:abnww/regions_unexplored/palm_pressure_plate_from_palm_logs_sawing as it's serializer returned null
[26Feb2025 04:53:30.221] [main/INFO] [net.minecraft.world.item.crafting.RecipeManager/]: Skipping loading recipe everycomp:abnww/voidscape/thunder_boards_from_thunder_planks_sawing as it's serializer returned null
[26Feb2025 04:53:30.221] [main/INFO] [net.minecraft.world.item.crafting.RecipeManager/]: Skipping loading recipe everycomp:abnww/biomemakeover/blighted_balsa_button_from_blighted_balsa_planks_sawing as it's serializer returned null
[26Feb2025 04:53:30.228] [main/INFO] [net.minecraft.world.item.crafting.RecipeManager/]: Skipping loading recipe woodworks:jungle_door_from_jungle_logs_sawing as it's serializer returned null
[26Feb2025 04:53:30.229] [main/INFO] [net.minecraft.world.item.crafting.RecipeManager/]: Skipping loading recipe everycomp:abnww/regions_unexplored/yellow_bioshroom_slab_from_yellow_bioshroom_planks_sawing as it's serializer returned null
[26Feb2025 04:53:30.229] [main/INFO] [net.minecraft.world.item.crafting.RecipeManager/]: Skipping loading recipe everycomp:abnww/biomesoplenty/dead_button_from_dead_logs_sawing as it's serializer returned null
[26Feb2025 04:53:30.229] [main/INFO] [net.minecraft.world.item.crafting.RecipeManager/]: Skipping loading recipe everycomp:abnww/regions_unexplored/joshua_trapdoor_from_joshua_logs_sawing as it's serializer returned null
[26Feb2025 04:53:30.229] [main/INFO] [net.minecraft.world.item.crafting.RecipeManager/]: Skipping loading recipe everycomp:abnww/biomesoplenty/palm_door_from_palm_logs_sawing as it's serializer returned null
[26Feb2025 04:53:30.233] [main/INFO] [net.minecraft.world.item.crafting.RecipeManager/]: Skipping loading recipe woodworks:acacia_fence_from_acacia_logs_sawing as it's serializer returned null
[26Feb2025 04:53:30.233] [main/INFO] [net.minecraft.world.item.crafting.RecipeManager/]: Skipping loading recipe woodworks:oak_leaves_from_leaf_piles as it's serializer returned null
[26Feb2025 04:53:30.233] [main/INFO] [net.minecraft.world.item.crafting.RecipeManager/]: Skipping loading recipe everycomp:abnww/regions_unexplored/redwood_planks_from_redwood_logs_sawing as it's serializer returned null
[26Feb2025 04:53:30.235] [main/INFO] [net.minecraft.world.item.crafting.RecipeManager/]: Skipping loading recipe woodworks:bamboo_stairs_from_bamboo_planks_sawing as it's serializer returned null
[26Feb2025 04:53:30.236] [main/INFO] [net.minecraft.world.item.crafting.RecipeManager/]: Skipping loading recipe woodworks:cherry_boards_from_cherry_planks_sawing as it's serializer returned null
[26Feb2025 04:53:30.236] [main/INFO] [net.minecraft.world.item.crafting.RecipeManager/]: Skipping loading recipe woodworks:jungle_button_from_jungle_logs_sawing as it's serializer returned null
[26Feb2025 04:53:30.236] [main/INFO] [net.minecraft.world.item.crafting.RecipeManager/]: Skipping loading recipe everycomp:abnww/regions_unexplored/dead_ladder_from_dead_logs_sawing as it's serializer returned null
[26Feb2025 04:53:30.236] [main/INFO] [net.minecraft.world.item.crafting.RecipeManager/]: Skipping loading recipe everycomp:abnww/biomesoplenty/magic_fence_gate_from_magic_logs_sawing as it's serializer returned null
[26Feb2025 04:53:30.236] [main/INFO] [net.minecraft.world.item.crafting.RecipeManager/]: Skipping loading recipe everycomp:abnww/undergarden/smogstem_trapdoor_from_smogstem_logs_sawing as it's serializer returned null
[26Feb2025 04:53:30.239] [main/INFO] [net.minecraft.world.item.crafting.RecipeManager/]: Skipping loading recipe everycomp:abnww/regions_unexplored/blue_bioshroom_ladder_from_blue_bioshroom_logs_sawing as it's serializer returned null
[26Feb2025 04:53:30.239] [main/INFO] [net.minecraft.world.item.crafting.RecipeManager/]: Skipping loading recipe everycomp:abnww/undergarden/wigglewood_slab_from_wigglewood_logs_sawing as it's serializer returned null
[26Feb2025 04:53:30.239] [main/INFO] [net.minecraft.world.item.crafting.RecipeManager/]: Skipping loading recipe everycomp:abnww/cataclysm/chorus_slab_from_chorus_logs_sawing as it's serializer returned null
[26Feb2025 04:53:30.242] [main/INFO] [net.minecraft.world.item.crafting.RecipeManager/]: Skipping loading recipe everycomp:abnww/biomesoplenty/magic_slab_from_magic_logs_sawing as it's serializer returned null
[26Feb2025 04:53:30.243] [main/INFO] [net.minecraft.world.item.crafting.RecipeManager/]: Skipping loading recipe everycomp:abnww/regions_unexplored/mauve_trapdoor_from_mauve_logs_sawing as it's serializer returned null
[26Feb2025 04:53:30.250] [main/INFO] [net.minecraft.world.item.crafting.RecipeManager/]: Skipping loading recipe everycomp:abnww/biomesoplenty/palm_button_from_palm_logs_sawing as it's serializer returned null
[26Feb2025 04:53:30.250] [main/INFO] [net.minecraft.world.item.crafting.RecipeManager/]: Skipping loading recipe everycomp:abnww/valhelsia_structures/lapidified_jungle_stairs_from_lapidified_jungle_logs_sawing as it's serializer returned null
[26Feb2025 04:53:30.251] [main/INFO] [net.minecraft.world.item.crafting.RecipeManager/]: Skipping loading recipe everycomp:abnww/alexscaves/pewen_boards_from_pewen_planks_sawing as it's serializer returned null
[26Feb2025 04:53:30.251] [main/INFO] [net.minecraft.world.item.crafting.RecipeManager/]: Skipping loading recipe everycomp:abnww/biomesoplenty/magic_fence_from_magic_logs_sawing as it's serializer returned null
[26Feb2025 04:53:30.251] [main/INFO] [net.minecraft.world.item.crafting.RecipeManager/]: Skipping loading recipe everycomp:abnww/regions_unexplored/blackwood_ladder_from_blackwood_logs_sawing as it's serializer returned null
[26Feb2025 04:53:30.251] [main/INFO] [net.minecraft.world.item.crafting.RecipeManager/]: Skipping loading recipe everycomp:abnww/biomesoplenty/jacaranda_slab_from_jacaranda_planks_sawing as it's serializer returned null
[26Feb2025 04:53:30.251] [main/INFO] [net.minecraft.world.item.crafting.RecipeManager/]: Skipping loading recipe woodworks:bamboo_ladder_from_bamboo_planks_sawing as it's serializer returned null
[26Feb2025 04:53:30.254] [main/INFO] [net.minecraft.world.item.crafting.RecipeManager/]: Skipping loading recipe woodworks:cherry_stairs_from_cherry_planks_sawing as it's serializer returned null
[26Feb2025 04:53:30.254] [main/INFO] [net.minecraft.world.item.crafting.RecipeManager/]: Skipping loading recipe everycomp:abnww/alexscaves/pewen_fence_gate_from_pewen_logs_sawing as it's serializer returned null
[26Feb2025 04:53:30.255] [main/INFO] [net.minecraft.world.item.crafting.RecipeManager/]: Skipping loading recipe woodworks:mangrove_ladder_from_mangrove_logs_sawing as it's serializer returned null
[26Feb2025 04:53:30.255] [main/INFO] [net.minecraft.world.item.crafting.RecipeManager/]: Skipping loading recipe everycomp:abnww/regions_unexplored/maple_trapdoor_from_maple_logs_sawing as it's serializer returned null
[26Feb2025 04:53:30.255] [main/INFO] [net.minecraft.world.item.crafting.RecipeManager/]: Skipping loading recipe woodworks:mangrove_fence_from_mangrove_logs_sawing as it's serializer returned null
[26Feb2025 04:53:30.261] [main/INFO] [net.minecraft.world.item.crafting.RecipeManager/]: Skipping loading recipe everycomp:abnww/netherexp/claret_trapdoor_from_claret_logs_sawing as it's serializer returned null
[26Feb2025 04:53:30.264] [main/INFO] [net.minecraft.world.item.crafting.RecipeManager/]: Skipping loading recipe upgrade_aquatic:driftwood_fence_from_driftwood_planks_sawing as it's serializer returned null
[26Feb2025 04:53:30.264] [main/INFO] [net.minecraft.world.item.crafting.RecipeManager/]: Skipping loading recipe everycomp:abnww/biomesoplenty/dead_slab_from_dead_planks_sawing as it's serializer returned null
[26Feb2025 04:53:30.266] [main/INFO] [net.minecraft.world.item.crafting.RecipeManager/]: Skipping loading recipe woodworks:crimson_sign_from_crimson_stems_sawing as it's serializer returned null
[26Feb2025 04:53:30.267] [main/INFO] [net.minecraft.world.item.crafting.RecipeManager/]: Skipping loading recipe everycomp:abnww/regions_unexplored/kapok_button_from_kapok_planks_sawing as it's serializer returned null
[26Feb2025 04:53:30.270] [main/INFO] [net.minecraft.world.item.crafting.RecipeManager/]: Skipping loading recipe everycomp:abnww/undergarden/grongle_fence_gate_from_grongle_logs_sawing as it's serializer returned null
[26Feb2025 04:53:30.279] [main/INFO] [net.minecraft.world.item.crafting.RecipeManager/]: Skipping loading recipe everycomp:abnww/regions_unexplored/brimwood_stairs_from_brimwood_planks_sawing as it's serializer returned null
[26Feb2025 04:53:30.282] [main/INFO] [net.minecraft.world.item.crafting.RecipeManager/]: Skipping loading recipe everycomp:abnww/regions_unexplored/palm_trapdoor_from_palm_logs_sawing as it's serializer returned null
[26Feb2025 04:53:30.282] [main/INFO] [net.minecraft.world.item.crafting.RecipeManager/]: Skipping loading recipe everycomp:abnww/deeperdarker/echo_ladder_from_echo_planks_sawing as it's serializer returned null
[26Feb2025 04:53:30.282] [main/INFO] [net.minecraft.world.item.crafting.RecipeManager/]: Skipping loading recipe everycomp:abnww/regions_unexplored/cobalt_button_from_cobalt_planks_sawing as it's serializer returned null
[26Feb2025 04:53:30.282] [main/INFO] [net.minecraft.world.item.crafting.RecipeManager/]: Skipping loading recipe everycomp:abnww/biomesoplenty/mahogany_ladder_from_mahogany_planks_sawing as it's serializer returned null
[26Feb2025 04:53:30.282] [main/INFO] [net.minecraft.world.item.crafting.RecipeManager/]: Skipping loading recipe everycomp:abnww/valhelsia_structures/lapidified_jungle_ladder_from_lapidified_jungle_logs_sawing as it's serializer returned null
[26Feb2025 04:53:30.283] [main/INFO] [net.minecraft.world.item.crafting.RecipeManager/]: Skipping loading recipe everycomp:abnww/regions_unexplored/cypress_boards_from_cypress_planks_sawing as it's serializer returned null
[26Feb2025 04:53:30.283] [main/INFO] [net.minecraft.world.item.crafting.RecipeManager/]: Skipping loading recipe everycomp:abnww/regions_unexplored/mauve_ladder_from_mauve_logs_sawing as it's serializer returned null
[26Feb2025 04:53:30.283] [main/INFO] [net.minecraft.world.item.crafting.RecipeManager/]: Skipping loading recipe everycomp:abnww/regions_unexplored/eucalyptus_fence_from_eucalyptus_logs_sawing as it's serializer returned null
[26Feb2025 04:53:30.283] [main/INFO] [net.minecraft.world.item.crafting.RecipeManager/]: Skipping loading recipe everycomp:abnww/biomesoplenty/willow_button_from_willow_planks_sawing as it's serializer returned null
[26Feb2025 04:53:30.284] [main/INFO] [net.minecraft.world.item.crafting.RecipeManager/]: Skipping loading recipe woodworks:mangrove_leaf_pile as it's serializer returned null
[26Feb2025 04:53:30.284] [main/INFO] [net.minecraft.world.item.crafting.RecipeManager/]: Skipping loading recipe woodworks:spruce_slab_from_spruce_logs_sawing as it's serializer returned null
[26Feb2025 04:53:30.284] [main/INFO] [net.minecraft.world.item.crafting.RecipeManager/]: Skipping loading recipe woodworks:flowering_azalea_leaf_pile as it's serializer returned null
[26Feb2025 04:53:30.284] [main/INFO] [net.minecraft.world.item.crafting.RecipeManager/]: Skipping loading recipe everycomp:abnww/ecologics/walnut_planks_from_walnut_logs_sawing as it's serializer returned null
[26Feb2025 04:53:30.285] [main/INFO] [net.minecraft.world.item.crafting.RecipeManager/]: Skipping loading recipe everycomp:abnww/regions_unexplored/brimwood_planks_from_brimwood_logs_sawing as it's serializer returned null
[26Feb2025 04:53:30.285] [main/INFO] [net.minecraft.world.item.crafting.RecipeManager/]: Skipping loading recipe everycomp:abnww/regions_unexplored/eucalyptus_ladder_from_eucalyptus_planks_sawing as it's serializer returned null
[26Feb2025 04:53:30.286] [main/INFO] [net.minecraft.world.item.crafting.RecipeManager/]: Skipping loading recipe everycomp:abnww/biomesoplenty/mahogany_slab_from_mahogany_planks_sawing as it's serializer returned null
[26Feb2025 04:53:30.286] [main/INFO] [net.minecraft.world.item.crafting.RecipeManager/]: Skipping loading recipe everycomp:abnww/regions_unexplored/larch_fence_from_larch_logs_sawing as it's serializer returned null
[26Feb2025 04:53:30.286] [main/INFO] [net.minecraft.world.item.crafting.RecipeManager/]: Skipping loading recipe woodworks:bamboo_slab_from_bamboo_planks_sawing as it's serializer returned null
[26Feb2025 04:53:30.289] [main/INFO] [net.minecraft.world.item.crafting.RecipeManager/]: Skipping loading recipe woodworks:spruce_button_from_spruce_logs_sawing as it's serializer returned null
[26Feb2025 04:53:30.289] [main/INFO] [net.minecraft.world.item.crafting.RecipeManager/]: Skipping loading recipe everycomp:abnww/regions_unexplored/maple_fence_from_maple_logs_sawing as it's serializer returned null
[26Feb2025 04:53:30.290] [main/INFO] [net.minecraft.world.item.crafting.RecipeManager/]: Skipping loading recipe everycomp:abnww/ecologics/azalea_pressure_plate_from_azalea_logs_sawing as it's serializer returned null
[26Feb2025 04:53:30.290] [main/INFO] [net.minecraft.world.item.crafting.RecipeManager/]: Skipping loading recipe woodworks:jungle_fence_from_jungle_planks_sawing as it's serializer returned null
[26Feb2025 04:53:30.290] [main/INFO] [net.minecraft.world.item.crafting.RecipeManager/]: Skipping loading recipe everycomp:abnww/biomesoplenty/hellbark_door_from_hellbark_logs_sawing as it's serializer returned null
[26Feb2025 04:53:30.293] [main/INFO] [net.minecraft.world.item.crafting.RecipeManager/]: Skipping loading recipe everycomp:abnww/biomesoplenty/mahogany_button_from_mahogany_planks_sawing as it's serializer returned null
[26Feb2025 04:53:30.293] [main/INFO] [net.minecraft.world.item.crafting.RecipeManager/]: Skipping loading recipe everycomp:abnww/regions_unexplored/eucalyptus_stairs_from_eucalyptus_planks_sawing as it's serializer returned null
[26Feb2025 04:53:30.293] [main/INFO] [net.minecraft.world.item.crafting.RecipeManager/]: Skipping loading recipe everycomp:abnww/regions_unexplored/pink_bioshroom_slab_from_pink_bioshroom_planks_sawing as it's serializer returned null
[26Feb2025 04:53:30.293] [main/INFO] [net.minecraft.world.item.crafting.RecipeManager/]: Skipping loading recipe everycomp:abnww/regions_unexplored/dead_trapdoor_from_dead_logs_sawing as it's serializer returned null
[26Feb2025 04:53:30.294] [main/INFO] [net.minecraft.world.item.crafting.RecipeManager/]: Skipping loading recipe everycomp:abnww/regions_unexplored/yellow_bioshroom_stairs_from_yellow_bioshroom_planks_sawing as it's serializer returned null
[26Feb2025 04:53:30.294] [main/INFO] [net.minecraft.world.item.crafting.RecipeManager/]: Skipping loading recipe everycomp:abnww/biomesoplenty/hellbark_boards_from_hellbark_logs_sawing as it's serializer returned null
[26Feb2025 04:53:30.294] [main/INFO] [net.minecraft.world.item.crafting.RecipeManager/]: Skipping loading recipe everycomp:abnww/biomesoplenty/umbran_boards_from_umbran_planks_sawing as it's serializer returned null
[26Feb2025 04:53:30.294] [main/INFO] [net.minecraft.world.item.crafting.RecipeManager/]: Skipping loading recipe everycomp:abnww/regions_unexplored/dead_pressure_plate_from_dead_logs_sawing as it's serializer returned null
[26Feb2025 04:53:30.295] [main/INFO] [net.minecraft.world.item.crafting.RecipeManager/]: Skipping loading recipe everycomp:abnww/ecologics/azalea_fence_gate_from_azalea_logs_sawing as it's serializer returned null
[26Feb2025 04:53:30.295] [main/INFO] [net.minecraft.world.item.crafting.RecipeManager/]: Skipping loading recipe woodworks:acacia_fence_gate_from_acacia_logs_sawing as it's serializer returned null
[26Feb2025 04:53:30.295] [main/INFO] [net.minecraft.world.item.crafting.RecipeManager/]: Skipping loading recipe upgrade_aquatic:driftwood_sign_from_driftwood_logs_sawing as it's serializer returned null
[26Feb2025 04:53:30.299] [main/INFO] [net.minecraft.world.item.crafting.RecipeManager/]: Skipping loading recipe woodworks:dark_oak_beehive as it's serializer returned null
[26Feb2025 04:53:30.301] [main/INFO] [net.minecraft.world.item.crafting.RecipeManager/]: Skipping loading recipe woodworks:jungle_leaves_from_leaf_piles as it's serializer returned null
[26Feb2025 04:53:30.302] [main/INFO] [net.minecraft.world.item.crafting.RecipeManager/]: Skipping loading recipe everycomp:abnww/biomesoplenty/magic_stairs_from_magic_logs_sawing as it's serializer returned null
[26Feb2025 04:53:30.302] [main/INFO] [net.minecraft.world.item.crafting.RecipeManager/]: Skipping loading recipe everycomp:abnww/regions_unexplored/cypress_button_from_cypress_logs_sawing as it's serializer returned null
[26Feb2025 04:53:30.306] [main/INFO] [net.minecraft.world.item.crafting.RecipeManager/]: Skipping loading recipe everycomp:abnww/regions_unexplored/blackwood_sign_from_blackwood_logs_sawing as it's serializer returned null
[26Feb2025 04:53:30.306] [main/INFO] [net.minecraft.world.item.crafting.RecipeManager/]: Skipping loading recipe everycomp:abnww/regions_unexplored/mauve_stairs_from_mauve_planks_sawing as it's serializer returned null
[26Feb2025 04:53:30.309] [main/INFO] [net.minecraft.world.item.crafting.RecipeManager/]: Skipping loading recipe everycomp:abnww/biomemakeover/ancient_oak_door_from_ancient_oak_logs_sawing as it's serializer returned null
[26Feb2025 04:53:30.309] [main/INFO] [net.minecraft.world.item.crafting.RecipeManager/]: Skipping loading recipe woodworks:warped_ladder_from_warped_stems_sawing as it's serializer returned null
[26Feb2025 04:53:30.311] [main/INFO] [net.minecraft.world.item.crafting.RecipeManager/]: Skipping loading recipe everycomp:abnww/biomesoplenty/magic_ladder_from_magic_logs_sawing as it's serializer returned null
[26Feb2025 04:53:30.311] [main/INFO] [net.minecraft.world.item.crafting.RecipeManager/]: Skipping loading recipe everycomp:abnww/biomesoplenty/palm_button_from_palm_planks_sawing as it's serializer returned null
[26Feb2025 04:53:30.311] [main/INFO] [net.minecraft.world.item.crafting.RecipeManager/]: Skipping loading recipe everycomp:abnww/biomesoplenty/dead_button_from_dead_planks_sawing as it's serializer returned null
[26Feb2025 04:53:30.314] [main/INFO] [net.minecraft.world.item.crafting.RecipeManager/]: Skipping loading recipe everycomp:abnww/regions_unexplored/alpha_stairs_from_alpha_logs_sawing as it's serializer returned null
[26Feb2025 04:53:30.314] [main/INFO] [net.minecraft.world.item.crafting.RecipeManager/]: Skipping loading recipe everycomp:abnww/biomemakeover/blighted_balsa_stairs_from_blighted_balsa_planks_sawing as it's serializer returned null
[26Feb2025 04:53:30.314] [main/INFO] [net.minecraft.world.item.crafting.RecipeManager/]: Skipping loading recipe everycomp:abnww/regions_unexplored/alpha_ladder_from_alpha_logs_sawing as it's serializer returned null
[26Feb2025 04:53:30.314] [main/INFO] [net.minecraft.world.item.crafting.RecipeManager/]: Skipping loading recipe woodworks:dark_oak_stairs_from_dark_oak_planks_sawing as it's serializer returned null
[26Feb2025 04:53:30.314] [main/INFO] [net.minecraft.world.item.crafting.RecipeManager/]: Skipping loading recipe woodworks:cherry_door_from_cherry_logs_sawing as it's serializer returned null
[26Feb2025 04:53:30.316] [main/INFO] [net.minecraft.world.item.crafting.RecipeManager/]: Skipping loading recipe everycomp:abnww/regions_unexplored/baobab_stairs_from_baobab_planks_sawing as it's serializer returned null
[26Feb2025 04:53:30.317] [main/INFO] [net.minecraft.world.item.crafting.RecipeManager/]: Skipping loading recipe everycomp:abnww/undergarden/smogstem_sign_from_smogstem_logs_sawing as it's serializer returned null
[26Feb2025 04:53:30.317] [main/INFO] [net.minecraft.world.item.crafting.RecipeManager/]: Skipping loading recipe everycomp:abnww/born_in_chaos_v1/scorched_stairs_from_scorched_logs_sawing as it's serializer returned null
[26Feb2025 04:53:30.319] [main/INFO] [net.minecraft.world.item.crafting.RecipeManager/]: Skipping loading recipe woodworks:warped_door_from_warped_stems_sawing as it's serializer returned null
[26Feb2025 04:53:30.320] [main/INFO] [net.minecraft.world.item.crafting.RecipeManager/]: Skipping loading recipe everycomp:abnww/regions_unexplored/redwood_button_from_redwood_logs_sawing as it's serializer returned null
[26Feb2025 04:53:30.320] [main/INFO] [net.minecraft.world.item.crafting.RecipeManager/]: Skipping loading recipe woodworks:mangrove_slab_from_mangrove_planks_sawing as it's serializer returned null
[26Feb2025 04:53:30.320] [main/INFO] [net.minecraft.world.item.crafting.RecipeManager/]: Skipping loading recipe woodworks:mangrove_stairs_from_mangrove_logs_sawing as it's serializer returned null
[26Feb2025 04:53:30.320] [main/INFO] [net.minecraft.world.item.crafting.RecipeManager/]: Skipping loading recipe everycomp:abnww/deeperdarker/echo_button_from_echo_logs_sawing as it's serializer returned null
[26Feb2025 04:53:30.320] [main/INFO] [net.minecraft.world.item.crafting.RecipeManager/]: Skipping loading recipe upgrade_aquatic:driftwood_boards_from_driftwood_planks_sawing as it's serializer returned null
[26Feb2025 04:53:30.321] [main/INFO] [net.minecraft.world.item.crafting.RecipeManager/]: Skipping loading recipe woodworks:cherry_button_from_cherry_logs_sawing as it's serializer returned null
[26Feb2025 04:53:30.323] [main/INFO] [net.minecraft.world.item.crafting.RecipeManager/]: Skipping loading recipe woodworks:warped_boards_from_warped_planks_sawing as it's serializer returned null
[26Feb2025 04:53:30.326] [main/INFO] [net.minecraft.world.item.crafting.RecipeManager/]: Skipping loading recipe everycomp:abnww/regions_unexplored/magnolia_ladder_from_magnolia_planks_sawing as it's serializer returned null
[26Feb2025 04:53:30.327] [main/INFO] [net.minecraft.world.item.crafting.RecipeManager/]: Skipping loading recipe everycomp:abnww/undergarden/grongle_stairs_from_grongle_planks_sawing as it's serializer returned null
[26Feb2025 04:53:30.333] [main/INFO] [net.minecraft.world.item.crafting.RecipeManager/]: Skipping loading recipe everycomp:abnww/regions_unexplored/cypress_ladder_from_cypress_logs_sawing as it's serializer returned null
[26Feb2025 04:53:30.335] [main/INFO] [net.minecraft.world.item.crafting.RecipeManager/]: Skipping loading recipe everycomp:abnww/biomesoplenty/umbran_door_from_umbran_logs_sawing as it's serializer returned null
[26Feb2025 04:53:30.335] [main/INFO] [net.minecraft.world.item.crafting.RecipeManager/]: Skipping loading recipe everycomp:abnww/regions_unexplored/brimwood_fence_from_brimwood_logs_sawing as it's serializer returned null
[26Feb2025 04:53:30.336] [main/INFO] [net.minecraft.world.item.crafting.RecipeManager/]: Skipping loading recipe everycomp:abnww/ecologics/walnut_slab_from_walnut_planks_sawing as it's serializer returned null
[26Feb2025 04:53:30.336] [main/INFO] [net.minecraft.world.item.crafting.RecipeManager/]: Skipping loading recipe woodworks:warped_boards_from_warped_stems_sawing as it's serializer returned null
[26Feb2025 04:53:30.336] [main/INFO] [net.minecraft.world.item.crafting.RecipeManager/]: Skipping loading recipe everycomp:abnww/regions_unexplored/willow_boards_from_willow_planks_sawing as it's serializer returned null
[26Feb2025 04:53:30.339] [main/INFO] [net.minecraft.world.item.crafting.RecipeManager/]: Skipping loading recipe everycomp:abnww/biomesoplenty/willow_planks_from_willow_logs_sawing as it's serializer returned null
[26Feb2025 04:53:30.339] [main/INFO] [net.minecraft.world.item.crafting.RecipeManager/]: Skipping loading recipe everycomp:abnww/regions_unexplored/blue_bioshroom_fence_from_blue_bioshroom_planks_sawing as it's serializer returned null
[26Feb2025 04:53:30.339] [main/INFO] [net.minecraft.world.item.crafting.RecipeManager/]: Skipping loading recipe everycomp:abnww/deeperdarker/echo_fence_gate_from_echo_logs_sawing as it's serializer returned null
[26Feb2025 04:53:30.340] [main/INFO] [net.minecraft.world.item.crafting.RecipeManager/]: Skipping loading recipe everycomp:abnww/biomesoplenty/dead_pressure_plate_from_dead_logs_sawing as it's serializer returned null
[26Feb2025 04:53:30.340] [main/INFO] [net.minecraft.world.item.crafting.RecipeManager/]: Skipping loading recipe upgrade_aquatic:kelpy_cobblestone_tile_stairs as it's serializer returned null
[26Feb2025 04:53:30.340] [main/INFO] [net.minecraft.world.item.crafting.RecipeManager/]: Skipping loading recipe upgrade_aquatic:kelpy_cobblestone_brick_wall_from_kelpy_cobblestone_bricks_stonecutting as it's serializer returned null
[26Feb2025 04:53:30.340] [main/INFO] [net.minecraft.world.item.crafting.RecipeManager/]: Skipping loading recipe everycomp:abnww/regions_unexplored/yellow_bioshroom_ladder_from_yellow_bioshroom_planks_sawing as it's serializer returned null
[26Feb2025 04:53:30.340] [main/INFO] [net.minecraft.world.item.crafting.RecipeManager/]: Skipping loading recipe everycomp:abnww/biomesoplenty/redwood_fence_from_redwood_planks_sawing as it's serializer returned null
[26Feb2025 04:53:30.340] [main/INFO] [net.minecraft.world.item.crafting.RecipeManager/]: Skipping loading recipe everycomp:abnww/regions_unexplored/green_bioshroom_slab_from_green_bioshroom_planks_sawing as it's serializer returned null
[26Feb2025 04:53:30.341] [main/INFO] [net.minecraft.world.item.crafting.RecipeManager/]: Skipping loading recipe upgrade_aquatic:kelpy_cobblestone_bricks_from_kelp as it's serializer returned null
[26Feb2025 04:53:30.344] [main/INFO] [net.minecraft.world.item.crafting.RecipeManager/]: Skipping loading recipe woodworks:birch_ladder_from_birch_planks_sawing as it's serializer returned null
[26Feb2025 04:53:30.344] [main/INFO] [net.minecraft.world.item.crafting.RecipeManager/]: Skipping loading recipe everycomp:abnww/palegardenbackport/pale_oak_ladder_from_pale_oak_logs_sawing as it's serializer returned null
[26Feb2025 04:53:30.347] [main/INFO] [net.minecraft.world.item.crafting.RecipeManager/]: Skipping loading recipe everycomp:abnww/regions_unexplored/willow_slab_from_willow_logs_sawing as it's serializer returned null
[26Feb2025 04:53:30.347] [main/INFO] [net.minecraft.world.item.crafting.RecipeManager/]: Skipping loading recipe everycomp:abnww/biomesoplenty/fir_boards_from_fir_logs_sawing as it's serializer returned null
[26Feb2025 04:53:30.347] [main/INFO] [net.minecraft.world.item.crafting.RecipeManager/]: Skipping loading recipe everycomp:abnww/biomesoplenty/magic_trapdoor_from_magic_logs_sawing as it's serializer returned null
[26Feb2025 04:53:30.347] [main/INFO] [net.minecraft.world.item.crafting.RecipeManager/]: Skipping loading recipe everycomp:abnww/biomemakeover/swamp_cypress_fence_from_swamp_cypress_planks_sawing as it's serializer returned null
[26Feb2025 04:53:30.347] [main/INFO] [net.minecraft.world.item.crafting.RecipeManager/]: Skipping loading recipe everycomp:abnww/regions_unexplored/yellow_bioshroom_boards_from_yellow_bioshroom_logs_sawing as it's serializer returned null
[26Feb2025 04:53:30.348] [main/INFO] [net.minecraft.world.item.crafting.RecipeManager/]: Skipping loading recipe everycomp:abnww/regions_unexplored/mauve_ladder_from_mauve_planks_sawing as it's serializer returned null
[26Feb2025 04:53:30.348] [main/ERROR] [net.minecraft.world.item.crafting.RecipeManager/]: Parsing error loading recipe shutter:stripped_bamboo_shutter: com.google.gson.JsonSyntaxException: Unknown item 'twigs:stripped_bamboo_planks'
[26Feb2025 04:53:30.351] [main/INFO] [net.minecraft.world.item.crafting.RecipeManager/]: Skipping loading recipe upgrade_aquatic:kelpy_cobblestone_tile_slab_from_kelpy_cobblestone_stonecutting as it's serializer returned null
[26Feb2025 04:53:30.353] [main/INFO] [net.minecraft.world.item.crafting.RecipeManager/]: Skipping loading recipe everycomp:abnww/alexscaves/thornwood_stairs_from_thornwood_planks_sawing as it's serializer returned null
[26Feb2025 04:53:30.356] [main/INFO] [net.minecraft.world.item.crafting.RecipeManager/]: Skipping loading recipe everycomp:abnww/alexscaves/pewen_sign_from_pewen_logs_sawing as it's serializer returned null
[26Feb2025 04:53:30.356] [main/INFO] [net.minecraft.world.item.crafting.RecipeManager/]: Skipping loading recipe everycomp:abnww/regions_unexplored/cypress_fence_from_cypress_logs_sawing as it's serializer returned null
[26Feb2025 04:53:30.358] [main/INFO] [net.minecraft.world.item.crafting.RecipeManager/]: Skipping loading recipe everycomp:abnww/ecologics/azalea_stairs_from_azalea_logs_sawing as it's serializer returned null
[26Feb2025 04:53:30.358] [main/INFO] [net.minecraft.world.item.crafting.RecipeManager/]: Skipping loading recipe everycomp:abnww/regions_unexplored/magnolia_slab_from_magnolia_logs_sawing as it's serializer returned null
[26Feb2025 04:53:30.358] [main/INFO] [net.minecraft.world.item.crafting.RecipeManager/]: Skipping loading recipe everycomp:abnww/regions_unexplored/maple_planks_from_maple_logs_sawing as it's serializer returned null
[26Feb2025 04:53:30.358] [main/INFO] [net.minecraft.world.item.crafting.RecipeManager/]: Skipping loading recipe everycomp:abnww/regions_unexplored/redwood_trapdoor_from_redwood_logs_sawing as it's serializer returned null
[26Feb2025 04:53:30.360] [main/INFO] [net.minecraft.world.item.crafting.RecipeManager/]: Skipping loading recipe woodworks:jungle_fence_from_jungle_logs_sawing as it's serializer returned null
[26Feb2025 04:53:30.361] [main/INFO] [net.minecraft.world.item.crafting.RecipeManager/]: Skipping loading recipe woodworks:cherry_slab_from_cherry_logs_sawing as it's serializer returned null
[26Feb2025 04:53:30.361] [main/INFO] [net.minecraft.world.item.crafting.RecipeManager/]: Skipping loading recipe upgrade_aquatic:kelpy_cobblestone_tile_stairs_from_kelpy_cobblestone_tiles_stonecutting as it's serializer returned null
[26Feb2025 04:53:30.361] [main/INFO] [net.minecraft.world.item.crafting.RecipeManager/]: Skipping loading recipe everycomp:abnww/regions_unexplored/dead_button_from_dead_logs_sawing as it's serializer returned null
[26Feb2025 04:53:30.362] [main/INFO] [net.minecraft.world.item.crafting.RecipeManager/]: Skipping loading recipe everycomp:abnww/ecologics/walnut_door_from_walnut_logs_sawing as it's serializer returned null
[26Feb2025 04:53:30.362] [main/INFO] [net.minecraft.world.item.crafting.RecipeManager/]: Skipping loading recipe everycomp:abnww/regions_unexplored/joshua_stairs_from_joshua_planks_sawing as it's serializer returned null
[26Feb2025 04:53:30.367] [main/INFO] [net.minecraft.world.item.crafting.RecipeManager/]: Skipping loading recipe everycomp:abnww/born_in_chaos_v1/scorched_slab_from_scorched_planks_sawing as it's serializer returned null
[26Feb2025 04:53:30.368] [main/INFO] [net.minecraft.world.item.crafting.RecipeManager/]: Skipping loading recipe everycomp:abnww/biomesoplenty/umbran_fence_from_umbran_planks_sawing as it's serializer returned null
[26Feb2025 04:53:30.368] [main/INFO] [net.minecraft.world.item.crafting.RecipeManager/]: Skipping loading recipe everycomp:abnww/regions_unexplored/larch_planks_from_larch_logs_sawing as it's serializer returned null
[26Feb2025 04:53:30.377] [main/INFO] [net.minecraft.world.item.crafting.RecipeManager/]: Skipping loading recipe upgrade_aquatic:kelpy_cobblestone_tile_wall_from_kelpy_cobblestone_tiles_stonecutting as it's serializer returned null
[26Feb2025 04:53:30.377] [main/INFO] [net.minecraft.world.item.crafting.RecipeManager/]: Skipping loading recipe everycomp:abnww/undergarden/grongle_fence_from_grongle_logs_sawing as it's serializer returned null
[26Feb2025 04:53:30.378] [main/INFO] [net.minecraft.world.item.crafting.RecipeManager/]: Skipping loading recipe everycomp:abnww/regions_unexplored/brimwood_button_from_brimwood_planks_sawing as it's serializer returned null
[26Feb2025 04:53:30.378] [main/INFO] [net.minecraft.world.item.crafting.RecipeManager/]: Skipping loading recipe everycomp:abnww/valhelsia_structures/lapidified_jungle_fence_from_lapidified_jungle_planks_sawing as it's serializer returned null
[26Feb2025 04:53:30.378] [main/INFO] [net.minecraft.world.item.crafting.RecipeManager/]: Skipping loading recipe everycomp:abnww/regions_unexplored/green_bioshroom_fence_gate_from_green_bioshroom_logs_sawing as it's serializer returned null
[26Feb2025 04:53:30.382] [main/INFO] [net.minecraft.world.item.crafting.RecipeManager/]: Skipping loading recipe everycomp:abnww/regions_unexplored/joshua_door_from_joshua_logs_sawing as it's serializer returned null
[26Feb2025 04:53:30.382] [main/INFO] [net.minecraft.world.item.crafting.RecipeManager/]: Skipping loading recipe everycomp:abnww/valhelsia_structures/lapidified_jungle_ladder_from_lapidified_jungle_planks_sawing as it's serializer returned null
[26Feb2025 04:53:30.388] [main/INFO] [net.minecraft.world.item.crafting.RecipeManager/]: Skipping loading recipe woodworks:jungle_beehive as it's serializer returned null
[26Feb2025 04:53:30.398] [main/INFO] [net.minecraft.world.item.crafting.RecipeManager/]: Skipping loading recipe woodworks:mangrove_pressure_plate_from_mangrove_logs_sawing as it's serializer returned null
[26Feb2025 04:53:30.398] [main/ERROR] [net.minecraft.world.item.crafting.RecipeManager/]: Parsing error loading recipe shutter:cherry_env_shutter: com.google.gson.JsonSyntaxException: Unknown item 'environmental:cherry_slap'
[26Feb2025 04:53:30.401] [main/INFO] [net.minecraft.world.item.crafting.RecipeManager/]: Skipping loading recipe everycomp:abnww/regions_unexplored/baobab_fence_gate_from_baobab_logs_sawing as it's serializer returned null
[26Feb2025 04:53:30.402] [main/INFO] [net.minecraft.world.item.crafting.RecipeManager/]: Skipping loading recipe everycomp:abnww/regions_unexplored/yellow_bioshroom_trapdoor_from_yellow_bioshroom_logs_sawing as it's serializer returned null
[26Feb2025 04:53:30.402] [main/INFO] [net.minecraft.world.item.crafting.RecipeManager/]: Skipping loading recipe woodworks:sawmill as it's serializer returned null
[26Feb2025 04:53:30.403] [main/INFO] [net.minecraft.world.item.crafting.RecipeManager/]: Skipping loading recipe woodworks:cherry_trapdoor_from_cherry_logs_sawing as it's serializer returned null
[26Feb2025 04:53:30.407] [main/INFO] [net.minecraft.world.item.crafting.RecipeManager/]: Skipping loading recipe everycomp:abnww/regions_unexplored/blue_bioshroom_slab_from_blue_bioshroom_planks_sawing as it's serializer returned null
[26Feb2025 04:53:30.407] [main/INFO] [net.minecraft.world.item.crafting.RecipeManager/]: Skipping loading recipe everycomp:abnww/born_in_chaos_v1/scorched_boards_from_scorched_planks_sawing as it's serializer returned null
[26Feb2025 04:53:30.407] [main/INFO] [net.minecraft.world.item.crafting.RecipeManager/]: Skipping loading recipe everycomp:abnww/regions_unexplored/maple_boards_from_maple_planks_sawing as it's serializer returned null
[26Feb2025 04:53:30.408] [main/INFO] [net.minecraft.world.item.crafting.RecipeManager/]: Skipping loading recipe everycomp:abnww/regions_unexplored/dead_stairs_from_dead_planks_sawing as it's serializer returned null
[26Feb2025 04:53:30.409] [main/ERROR] [net.minecraft.world.item.crafting.RecipeManager/]: Parsing error loading recipe too_many_bows:ethereal_hunter: com.google.gson.JsonSyntaxException: Unknown item 'too_many_bows:repair_crystal'
[26Feb2025 04:53:30.415] [main/INFO] [net.minecraft.world.item.crafting.RecipeManager/]: Skipping loading recipe everycomp:abnww/regions_unexplored/dead_stairs_from_dead_logs_sawing as it's serializer returned null
[26Feb2025 04:53:30.422] [main/INFO] [net.minecraft.world.item.crafting.RecipeManager/]: Skipping loading recipe woodworks:cherry_pressure_plate_from_cherry_logs_sawing as it's serializer returned null
[26Feb2025 04:53:30.430] [main/INFO] [net.minecraft.world.item.crafting.RecipeManager/]: Skipping loading recipe everycomp:abnww/biomesoplenty/dead_fence_from_dead_planks_sawing as it's serializer returned null
[26Feb2025 04:53:30.430] [main/INFO] [net.minecraft.world.item.crafting.RecipeManager/]: Skipping loading recipe woodworks:acacia_fence_from_acacia_planks_sawing as it's serializer returned null
[26Feb2025 04:53:30.431] [main/INFO] [net.minecraft.world.item.crafting.RecipeManager/]: Skipping loading recipe everycomp:abnww/cataclysm/chorus_boards_from_chorus_logs_sawing as it's serializer returned null
[26Feb2025 04:53:30.431] [main/INFO] [net.minecraft.world.item.crafting.RecipeManager/]: Skipping loading recipe woodworks:dark_oak_boards_from_dark_oak_logs_sawing as it's serializer returned null
[26Feb2025 04:53:30.434] [main/INFO] [net.minecraft.world.item.crafting.RecipeManager/]: Skipping loading recipe everycomp:abnww/biomemakeover/willow_fence_from_willow_logs_sawing as it's serializer returned null
[26Feb2025 04:53:30.438] [main/INFO] [net.minecraft.world.item.crafting.RecipeManager/]: Skipping loading recipe everycomp:abnww/regions_unexplored/maple_sign_from_maple_logs_sawing as it's serializer returned null
[26Feb2025 04:53:30.438] [main/INFO] [net.minecraft.world.item.crafting.RecipeManager/]: Skipping loading recipe woodworks:acacia_planks_from_acacia_logs_sawing as it's serializer returned null
[26Feb2025 04:53:30.439] [main/INFO] [net.minecraft.world.item.crafting.RecipeManager/]: Skipping loading recipe everycomp:abnww/regions_unexplored/socotra_ladder_from_socotra_logs_sawing as it's serializer returned null
[26Feb2025 04:53:30.439] [main/INFO] [net.minecraft.world.item.crafting.RecipeManager/]: Skipping loading recipe woodworks:oak_planks_from_oak_logs_sawing as it's serializer returned null
[26Feb2025 04:53:30.440] [main/INFO] [net.minecraft.world.item.crafting.RecipeManager/]: Skipping loading recipe everycomp:abnww/regions_unexplored/green_bioshroom_door_from_green_bioshroom_logs_sawing as it's serializer returned null
[26Feb2025 04:53:30.445] [main/INFO] [net.minecraft.world.item.crafting.RecipeManager/]: Skipping loading recipe woodworks:birch_leaves_from_leaf_piles as it's serializer returned null
[26Feb2025 04:53:30.445] [main/INFO] [net.minecraft.world.item.crafting.RecipeManager/]: Skipping loading recipe everycomp:abnww/ecologics/flowering_azalea_boards_from_flowering_azalea_planks_sawing as it's serializer returned null
[26Feb2025 04:53:30.445] [main/INFO] [net.minecraft.world.item.crafting.RecipeManager/]: Skipping loading recipe woodworks:warped_fence_from_warped_stems_sawing as it's serializer returned null
[26Feb2025 04:53:30.445] [main/INFO] [net.minecraft.world.item.crafting.RecipeManager/]: Skipping loading recipe everycomp:abnww/regions_unexplored/alpha_boards_from_alpha_logs_sawing as it's serializer returned null
[26Feb2025 04:53:30.446] [main/INFO] [net.minecraft.world.item.crafting.RecipeManager/]: Skipping loading recipe everycomp:abnww/regions_unexplored/magnolia_slab_from_magnolia_planks_sawing as it's serializer returned null
[26Feb2025 04:53:30.450] [main/INFO] [net.minecraft.world.item.crafting.RecipeManager/]: Skipping loading recipe everycomp:abnww/cataclysm/chorus_planks_from_chorus_logs_sawing as it's serializer returned null
[26Feb2025 04:53:30.455] [main/INFO] [net.minecraft.world.item.crafting.RecipeManager/]: Skipping loading recipe everycomp:abnww/ecologics/azalea_fence_from_azalea_logs_sawing as it's serializer returned null
[26Feb2025 04:53:30.459] [main/INFO] [net.minecraft.world.item.crafting.RecipeManager/]: Skipping loading recipe everycomp:abnww/biomemakeover/ancient_oak_button_from_ancient_oak_planks_sawing as it's serializer returned null
[26Feb2025 04:53:30.460] [main/INFO] [net.minecraft.world.item.crafting.RecipeManager/]: Skipping loading recipe everycomp:abnww/regions_unexplored/baobab_pressure_plate_from_baobab_logs_sawing as it's serializer returned null
[26Feb2025 04:53:30.464] [main/INFO] [net.minecraft.world.item.crafting.RecipeManager/]: Skipping loading recipe everycomp:abnww/regions_unexplored/eucalyptus_trapdoor_from_eucalyptus_logs_sawing as it's serializer returned null
[26Feb2025 04:53:30.465] [main/INFO] [net.minecraft.world.item.crafting.RecipeManager/]: Skipping loading recipe everycomp:abnww/regions_unexplored/palm_fence_from_palm_logs_sawing as it's serializer returned null
[26Feb2025 04:53:30.466] [main/INFO] [net.minecraft.world.item.crafting.RecipeManager/]: Skipping loading recipe everycomp:abnww/regions_unexplored/cypress_planks_from_cypress_logs_sawing as it's serializer returned null
[26Feb2025 04:53:30.466] [main/INFO] [net.minecraft.world.item.crafting.RecipeManager/]: Skipping loading recipe everycomp:abnww/regions_unexplored/dead_slab_from_dead_planks_sawing as it's serializer returned null
[26Feb2025 04:53:30.467] [main/INFO] [net.minecraft.world.item.crafting.RecipeManager/]: Skipping loading recipe everycomp:abnww/regions_unexplored/eucalyptus_button_from_eucalyptus_planks_sawing as it's serializer returned null
[26Feb2025 04:53:30.471] [main/INFO] [net.minecraft.world.item.crafting.RecipeManager/]: Skipping loading recipe everycomp:abnww/palegardenbackport/pale_oak_stairs_from_pale_oak_logs_sawing as it's serializer returned null
[26Feb2025 04:53:30.472] [main/INFO] [net.minecraft.world.item.crafting.RecipeManager/]: Skipping loading recipe woodworks:oak_boards_from_oak_planks_sawing as it's serializer returned null
[26Feb2025 04:53:30.473] [main/INFO] [net.minecraft.world.item.crafting.RecipeManager/]: Skipping loading recipe everycomp:abnww/biomesoplenty/jacaranda_boards_from_jacaranda_planks_sawing as it's serializer returned null
[26Feb2025 04:53:30.473] [main/INFO] [net.minecraft.world.item.crafting.RecipeManager/]: Skipping loading recipe everycomp:abnww/regions_unexplored/eucalyptus_stairs_from_eucalyptus_logs_sawing as it's serializer returned null
[26Feb2025 04:53:30.474] [main/INFO] [net.minecraft.world.item.crafting.RecipeManager/]: Skipping loading recipe everycomp:abnww/cataclysm/chorus_fence_from_chorus_logs_sawing as it's serializer returned null
[26Feb2025 04:53:30.479] [main/INFO] [net.minecraft.world.item.crafting.RecipeManager/]: Skipping loading recipe woodworks:oak_ladder_from_oak_logs_sawing as it's serializer returned null
[26Feb2025 04:53:30.480] [main/INFO] [net.minecraft.world.item.crafting.RecipeManager/]: Skipping loading recipe everycomp:abnww/regions_unexplored/alpha_boards_from_alpha_planks_sawing as it's serializer returned null
[26Feb2025 04:53:30.487] [main/INFO] [net.minecraft.world.item.crafting.RecipeManager/]: Skipping loading recipe everycomp:abnww/regions_unexplored/brimwood_fence_from_brimwood_planks_sawing as it's serializer returned null
[26Feb2025 04:53:30.488] [main/INFO] [net.minecraft.world.item.crafting.RecipeManager/]: Skipping loading recipe everycomp:abnww/ecologics/walnut_fence_from_walnut_planks_sawing as it's serializer returned null
[26Feb2025 04:53:30.488] [main/INFO] [net.minecraft.world.item.crafting.RecipeManager/]: Skipping loading recipe everycomp:abnww/regions_unexplored/blue_bioshroom_boards_from_blue_bioshroom_planks_sawing as it's serializer returned null
[26Feb2025 04:53:30.488] [main/INFO] [net.minecraft.world.item.crafting.RecipeManager/]: Skipping loading recipe everycomp:abnww/biomemakeover/ancient_oak_button_from_ancient_oak_logs_sawing as it's serializer returned null
[26Feb2025 04:53:30.488] [main/INFO] [net.minecraft.world.item.crafting.RecipeManager/]: Skipping loading recipe everycomp:abnww/regions_unexplored/kapok_slab_from_kapok_planks_sawing as it's serializer returned null
[26Feb2025 04:53:30.488] [main/INFO] [net.minecraft.world.item.crafting.RecipeManager/]: Skipping loading recipe everycomp:abnww/biomemakeover/swamp_cypress_button_from_swamp_cypress_logs_sawing as it's serializer returned null
[26Feb2025 04:53:30.488] [main/INFO] [net.minecraft.world.item.crafting.RecipeManager/]: Skipping loading recipe everycomp:abnww/regions_unexplored/cypress_stairs_from_cypress_planks_sawing as it's serializer returned null
[26Feb2025 04:53:30.489] [main/INFO] [net.minecraft.world.item.crafting.RecipeManager/]: Skipping loading recipe upgrade_aquatic:driftwood_fence_gate_from_driftwood_logs_sawing as it's serializer returned null
[26Feb2025 04:53:30.492] [main/INFO] [net.minecraft.world.item.crafting.RecipeManager/]: Skipping loading recipe everycomp:abnww/biomesoplenty/jacaranda_pressure_plate_from_jacaranda_logs_sawing as it's serializer returned null
[26Feb2025 04:53:30.502] [main/INFO] [net.minecraft.world.item.crafting.RecipeManager/]: Skipping loading recipe everycomp:abnww/palegardenbackport/pale_oak_fence_from_pale_oak_planks_sawing as it's serializer returned null
[26Feb2025 04:53:30.505] [main/INFO] [net.minecraft.world.item.crafting.RecipeManager/]: Skipping loading recipe everycomp:abnww/ecologics/azalea_boards_from_azalea_planks_sawing as it's serializer returned null
[26Feb2025 04:53:30.505] [main/INFO] [net.minecraft.world.item.crafting.RecipeManager/]: Skipping loading recipe everycomp:abnww/biomesoplenty/palm_boards_from_palm_logs_sawing as it's serializer returned null
[26Feb2025 04:53:30.506] [main/INFO] [net.minecraft.world.item.crafting.RecipeManager/]: Skipping loading recipe everycomp:abnww/regions_unexplored/alpha_slab_from_alpha_planks_sawing as it's serializer returned null
[26Feb2025 04:53:30.509] [main/INFO] [net.minecraft.world.item.crafting.RecipeManager/]: Skipping loading recipe everycomp:abnww/regions_unexplored/baobab_boards_from_baobab_planks_sawing as it's serializer returned null
[26Feb2025 04:53:30.509] [main/INFO] [net.minecraft.world.item.crafting.RecipeManager/]: Skipping loading recipe everycomp:abnww/ecologics/walnut_fence_gate_from_walnut_logs_sawing as it's serializer returned null
[26Feb2025 04:53:30.512] [main/INFO] [net.minecraft.world.item.crafting.RecipeManager/]: Skipping loading recipe everycomp:abnww/regions_unexplored/blackwood_planks_from_blackwood_logs_sawing as it's serializer returned null
[26Feb2025 04:53:30.512] [main/INFO] [net.minecraft.world.item.crafting.RecipeManager/]: Skipping loading recipe everycomp:abnww/regions_unexplored/cypress_slab_from_cypress_logs_sawing as it's serializer returned null
[26Feb2025 04:53:30.515] [main/INFO] [net.minecraft.world.item.crafting.RecipeManager/]: Skipping loading recipe everycomp:abnww/ecologics/walnut_ladder_from_walnut_logs_sawing as it's serializer returned null
[26Feb2025 04:53:30.518] [main/INFO] [net.minecraft.world.item.crafting.RecipeManager/]: Skipping loading recipe everycomp:abnww/regions_unexplored/pine_boards_from_pine_planks_sawing as it's serializer returned null
[26Feb2025 04:53:30.518] [main/INFO] [net.minecraft.world.item.crafting.RecipeManager/]: Skipping loading recipe everycomp:abnww/biomemakeover/ancient_oak_slab_from_ancient_oak_logs_sawing as it's serializer returned null
[26Feb2025 04:53:30.521] [main/INFO] [net.minecraft.world.item.crafting.RecipeManager/]: Skipping loading recipe woodworks:warped_trapdoor_from_warped_stems_sawing as it's serializer returned null
[26Feb2025 04:53:30.521] [main/INFO] [net.minecraft.world.item.crafting.RecipeManager/]: Skipping loading recipe everycomp:abnww/palegardenbackport/pale_oak_pressure_plate_from_pale_oak_logs_sawing as it's serializer returned null
[26Feb2025 04:53:30.521] [main/INFO] [net.minecraft.world.item.crafting.RecipeManager/]: Skipping loading recipe everycomp:abnww/netherexp/claret_stairs_from_claret_logs_sawing as it's serializer returned null
[26Feb2025 04:53:30.521] [main/INFO] [net.minecraft.world.item.crafting.RecipeManager/]: Skipping loading recipe everycomp:abnww/regions_unexplored/kapok_boards_from_kapok_planks_sawing as it's serializer returned null
[26Feb2025 04:53:30.522] [main/INFO] [net.minecraft.world.item.crafting.RecipeManager/]: Skipping loading recipe upgrade_aquatic:river_leaf_pile as it's serializer returned null
[26Feb2025 04:53:30.525] [main/INFO] [net.minecraft.world.item.crafting.RecipeManager/]: Skipping loading recipe everycomp:abnww/regions_unexplored/dead_sign_from_dead_logs_sawing as it's serializer returned null
[26Feb2025 04:53:30.525] [main/INFO] [net.minecraft.world.item.crafting.RecipeManager/]: Skipping loading recipe everycomp:abnww/regions_unexplored/maple_stairs_from_maple_planks_sawing as it's serializer returned null
[26Feb2025 04:53:30.525] [main/INFO] [net.minecraft.world.item.crafting.RecipeManager/]: Skipping loading recipe minecraft:chest as it's serializer returned null
[26Feb2025 04:53:30.525] [main/INFO] [net.minecraft.world.item.crafting.RecipeManager/]: Skipping loading recipe woodworks:oak_door_from_oak_logs_sawing as it's serializer returned null
[26Feb2025 04:53:30.526] [main/INFO] [net.minecraft.world.item.crafting.RecipeManager/]: Skipping loading recipe everycomp:abnww/regions_unexplored/joshua_boards_from_joshua_logs_sawing as it's serializer returned null
[26Feb2025 04:53:30.526] [main/INFO] [net.minecraft.world.item.crafting.RecipeManager/]: Skipping loading recipe woodworks:mangrove_beehive as it's serializer returned null
[26Feb2025 04:53:30.526] [main/INFO] [net.minecraft.world.item.crafting.RecipeManager/]: Skipping loading recipe everycomp:abnww/biomemakeover/swamp_cypress_stairs_from_swamp_cypress_planks_sawing as it's serializer returned null
[26Feb2025 04:53:30.526] [main/INFO] [net.minecraft.world.item.crafting.RecipeManager/]: Skipping loading recipe everycomp:abnww/ecologics/coconut_door_from_coconut_logs_sawing as it's serializer returned null
[26Feb2025 04:53:30.527] [main/INFO] [net.minecraft.world.item.crafting.RecipeManager/]: Skipping loading recipe everycomp:abnww/alexscaves/pewen_button_from_pewen_logs_sawing as it's serializer returned null
[26Feb2025 04:53:30.527] [main/INFO] [net.minecraft.world.item.crafting.RecipeManager/]: Skipping loading recipe everycomp:abnww/regions_unexplored/joshua_ladder_from_joshua_planks_sawing as it's serializer returned null
[26Feb2025 04:53:30.527] [main/INFO] [net.minecraft.world.item.crafting.RecipeManager/]: Skipping loading recipe everycomp:abnww/biomesoplenty/willow_ladder_from_willow_logs_sawing as it's serializer returned null
[26Feb2025 04:53:30.527] [main/INFO] [net.minecraft.world.item.crafting.RecipeManager/]: Skipping loading recipe everycomp:abnww/regions_unexplored/socotra_button_from_socotra_planks_sawing as it's serializer returned null
[26Feb2025 04:53:30.528] [main/INFO] [net.minecraft.world.item.crafting.RecipeManager/]: Skipping loading recipe everycomp:abnww/regions_unexplored/cobalt_planks_from_cobalt_logs_sawing as it's serializer returned null
[26Feb2025 04:53:30.528] [main/INFO] [net.minecraft.world.item.crafting.RecipeManager/]: Skipping loading recipe everycomp:abnww/undergarden/wigglewood_ladder_from_wigglewood_logs_sawing as it's serializer returned null
[26Feb2025 04:53:30.528] [main/INFO] [net.minecraft.world.item.crafting.RecipeManager/]: Skipping loading recipe woodworks:acacia_door_from_acacia_logs_sawing as it's serializer returned null
[26Feb2025 04:53:30.528] [main/INFO] [net.minecraft.world.item.crafting.RecipeManager/]: Skipping loading recipe woodworks:acacia_button_from_acacia_logs_sawing as it's serializer returned null
[26Feb2025 04:53:30.531] [main/INFO] [net.minecraft.world.item.crafting.RecipeManager/]: Skipping loading recipe everycomp:abnww/regions_unexplored/eucalyptus_boards_from_eucalyptus_logs_sawing as it's serializer returned null
[26Feb2025 04:53:30.532] [main/INFO] [net.minecraft.world.item.crafting.RecipeManager/]: Skipping loading recipe upgrade_aquatic:river_pressure_plate_from_river_logs_sawing as it's serializer returned null
[26Feb2025 04:53:30.532] [main/INFO] [net.minecraft.world.item.crafting.RecipeManager/]: Skipping loading recipe everycomp:abnww/regions_unexplored/mauve_button_from_mauve_logs_sawing as it's serializer returned null
[26Feb2025 04:53:30.533] [main/INFO] [net.minecraft.world.item.crafting.RecipeManager/]: Skipping loading recipe woodworks:birch_sign_from_birch_logs_sawing as it's serializer returned null
[26Feb2025 04:53:30.533] [main/INFO] [net.minecraft.world.item.crafting.RecipeManager/]: Skipping loading recipe everycomp:abnww/alexscaves/thornwood_stairs_from_thornwood_logs_sawing as it's serializer returned null
[26Feb2025 04:53:30.533] [main/INFO] [net.minecraft.world.item.crafting.RecipeManager/]: Skipping loading recipe everycomp:abnww/valhelsia_structures/lapidified_jungle_planks_from_lapidified_jungle_logs_sawing as it's serializer returned null
[26Feb2025 04:53:30.534] [main/INFO] [net.minecraft.world.item.crafting.RecipeManager/]: Skipping loading recipe everycomp:abnww/palegardenbackport/pale_oak_button_from_pale_oak_planks_sawing as it's serializer returned null
[26Feb2025 04:53:30.534] [main/INFO] [net.minecraft.world.item.crafting.RecipeManager/]: Skipping loading recipe everycomp:abnww/regions_unexplored/socotra_fence_gate_from_socotra_logs_sawing as it's serializer returned null
[26Feb2025 04:53:30.535] [main/INFO] [net.minecraft.world.item.crafting.RecipeManager/]: Skipping loading recipe everycomp:abnww/regions_unexplored/green_bioshroom_stairs_from_green_bioshroom_planks_sawing as it's serializer returned null
[26Feb2025 04:53:30.535] [main/INFO] [net.minecraft.world.item.crafting.RecipeManager/]: Skipping loading recipe everycomp:abnww/regions_unexplored/blue_bioshroom_sign_from_blue_bioshroom_logs_sawing as it's serializer returned null
[26Feb2025 04:53:30.535] [main/INFO] [net.minecraft.world.item.crafting.RecipeManager/]: Skipping loading recipe everycomp:abnww/regions_unexplored/blackwood_boards_from_blackwood_logs_sawing as it's serializer returned null
[26Feb2025 04:53:30.535] [main/INFO] [net.minecraft.world.item.crafting.RecipeManager/]: Skipping loading recipe everycomp:abnww/regions_unexplored/maple_button_from_maple_planks_sawing as it's serializer returned null
[26Feb2025 04:53:30.535] [main/INFO] [net.minecraft.world.item.crafting.RecipeManager/]: Skipping loading recipe everycomp:abnww/regions_unexplored/mauve_planks_from_mauve_logs_sawing as it's serializer returned null
[26Feb2025 04:53:30.536] [main/INFO] [net.minecraft.world.item.crafting.RecipeManager/]: Skipping loading recipe everycomp:abnww/biomemakeover/willow_slab_from_willow_planks_sawing as it's serializer returned null
[26Feb2025 04:53:30.536] [main/INFO] [net.minecraft.world.item.crafting.RecipeManager/]: Skipping loading recipe everycomp:abnww/undergarden/smogstem_ladder_from_smogstem_planks_sawing as it's serializer returned null
[26Feb2025 04:53:30.548] [main/INFO] [net.minecraft.world.item.crafting.RecipeManager/]: Skipping loading recipe woodworks:cherry_beehive as it's serializer returned null
[26Feb2025 04:53:30.548] [main/INFO] [net.minecraft.world.item.crafting.RecipeManager/]: Skipping loading recipe everycomp:abnww/biomesoplenty/magic_stairs_from_magic_planks_sawing as it's serializer returned null
[26Feb2025 04:53:30.552] [main/INFO] [net.minecraft.world.item.crafting.RecipeManager/]: Skipping loading recipe woodworks:warped_button_from_warped_planks_sawing as it's serializer returned null
[26Feb2025 04:53:30.552] [main/INFO] [net.minecraft.world.item.crafting.RecipeManager/]: Skipping loading recipe everycomp:abnww/biomemakeover/ancient_oak_planks_from_ancient_oak_logs_sawing as it's serializer returned null
[26Feb2025 04:53:30.553] [main/INFO] [net.minecraft.world.item.crafting.RecipeManager/]: Skipping loading recipe woodworks:cherry_fence_from_cherry_logs_sawing as it's serializer returned null
[26Feb2025 04:53:30.554] [main/INFO] [net.minecraft.world.item.crafting.RecipeManager/]: Skipping loading recipe everycomp:abnww/regions_unexplored/maple_stairs_from_maple_logs_sawing as it's serializer returned null
[26Feb2025 04:53:30.559] [main/INFO] [net.minecraft.world.item.crafting.RecipeManager/]: Skipping loading recipe everycomp:abnww/regions_unexplored/willow_door_from_willow_logs_sawing as it's serializer returned null
[26Feb2025 04:53:30.572] [main/INFO] [net.minecraft.world.item.crafting.RecipeManager/]: Skipping loading recipe everycomp:abnww/regions_unexplored/larch_trapdoor_from_larch_logs_sawing as it's serializer returned null
[26Feb2025 04:53:30.573] [main/INFO] [net.minecraft.world.item.crafting.RecipeManager/]: Skipping loading recipe woodworks:acacia_leaf_pile as it's serializer returned null
[26Feb2025 04:53:30.576] [main/INFO] [net.minecraft.world.item.crafting.RecipeManager/]: Skipping loading recipe everycomp:abnww/undergarden/wigglewood_fence_from_wigglewood_planks_sawing as it's serializer returned null
[26Feb2025 04:53:30.576] [main/INFO] [net.minecraft.world.item.crafting.RecipeManager/]: Skipping loading recipe everycomp:abnww/regions_unexplored/eucalyptus_slab_from_eucalyptus_planks_sawing as it's serializer returned null
[26Feb2025 04:53:30.580] [main/INFO] [net.minecraft.world.item.crafting.RecipeManager/]: Skipping loading recipe upgrade_aquatic:river_leaves_from_leaf_piles as it's serializer returned null
[26Feb2025 04:53:30.580] [main/INFO] [net.minecraft.world.item.crafting.RecipeManager/]: Skipping loading recipe everycomp:abnww/deeperdarker/echo_slab_from_echo_planks_sawing as it's serializer returned null
[26Feb2025 04:53:30.580] [main/INFO] [net.minecraft.world.item.crafting.RecipeManager/]: Skipping loading recipe woodworks:oak_beehive as it's serializer returned null
[26Feb2025 04:53:30.580] [main/INFO] [net.minecraft.world.item.crafting.RecipeManager/]: Skipping loading recipe everycomp:abnww/undergarden/wigglewood_stairs_from_wigglewood_logs_sawing as it's serializer returned null
[26Feb2025 04:53:30.583] [main/INFO] [net.minecraft.world.item.crafting.RecipeManager/]: Skipping loading recipe everycomp:abnww/snifferplus/stone_pine_door_from_stone_pine_logs_sawing as it's serializer returned null
[26Feb2025 04:53:30.584] [main/INFO] [net.minecraft.world.item.crafting.RecipeManager/]: Skipping loading recipe everycomp:abnww/netherexp/claret_boards_from_claret_planks_sawing as it's serializer returned null
[26Feb2025 04:53:30.584] [main/INFO] [net.minecraft.world.item.crafting.RecipeManager/]: Skipping loading recipe everycomp:abnww/born_in_chaos_v1/scorched_boards_from_scorched_logs_sawing as it's serializer returned null
[26Feb2025 04:53:30.589] [main/ERROR] [net.minecraft.world.item.crafting.RecipeManager/]: Parsing error loading recipe shutter:ancient_shutter: com.google.gson.JsonSyntaxException: Unknown item 'quark:ancient_planks_slab'
[26Feb2025 04:53:30.589] [main/ERROR] [net.minecraft.world.item.crafting.RecipeManager/]: Parsing error loading recipe exlinecopperequipment:copper_hammer_recipe: com.google.gson.JsonSyntaxException: Unknown item 'warhammersmod:hammer_copper'
[26Feb2025 04:53:30.592] [main/INFO] [net.minecraft.world.item.crafting.RecipeManager/]: Skipping loading recipe everycomp:abnww/regions_unexplored/eucalyptus_pressure_plate_from_eucalyptus_logs_sawing as it's serializer returned null
[26Feb2025 04:53:30.595] [main/INFO] [net.minecraft.world.item.crafting.RecipeManager/]: Skipping loading recipe woodworks:cherry_leaves_from_leaf_piles as it's serializer returned null
[26Feb2025 04:53:30.595] [main/INFO] [net.minecraft.world.item.crafting.RecipeManager/]: Skipping loading recipe everycomp:abnww/undergarden/smogstem_fence_from_smogstem_planks_sawing as it's serializer returned null
[26Feb2025 04:53:30.596] [main/INFO] [net.minecraft.world.item.crafting.RecipeManager/]: Skipping loading recipe everycomp:abnww/regions_unexplored/pink_bioshroom_boards_from_pink_bioshroom_planks_sawing as it's serializer returned null
[26Feb2025 04:53:30.596] [main/INFO] [net.minecraft.world.item.crafting.RecipeManager/]: Skipping loading recipe everycomp:abnww/regions_unexplored/palm_planks_from_palm_logs_sawing as it's serializer returned null
[26Feb2025 04:53:30.600] [main/INFO] [net.minecraft.world.item.crafting.RecipeManager/]: Skipping loading recipe everycomp:abnww/alexscaves/thornwood_button_from_thornwood_planks_sawing as it's serializer returned null
[26Feb2025 04:53:30.600] [main/INFO] [net.minecraft.world.item.crafting.RecipeManager/]: Skipping loading recipe everycomp:abnww/biomemakeover/ancient_oak_boards_from_ancient_oak_planks_sawing as it's serializer returned null
[26Feb2025 04:53:30.600] [main/INFO] [net.minecraft.world.item.crafting.RecipeManager/]: Skipping loading recipe everycomp:abnww/regions_unexplored/joshua_slab_from_joshua_logs_sawing as it's serializer returned null
[26Feb2025 04:53:30.603] [main/INFO] [net.minecraft.world.item.crafting.RecipeManager/]: Skipping loading recipe everycomp:abnww/undergarden/grongle_trapdoor_from_grongle_logs_sawing as it's serializer returned null
[26Feb2025 04:53:30.603] [main/INFO] [net.minecraft.world.item.crafting.RecipeManager/]: Skipping loading recipe everycomp:abnww/regions_unexplored/brimwood_boards_from_brimwood_planks_sawing as it's serializer returned null
[26Feb2025 04:53:30.603] [main/INFO] [net.minecraft.world.item.crafting.RecipeManager/]: Skipping loading recipe everycomp:abnww/ecologics/coconut_trapdoor_from_coconut_logs_sawing as it's serializer returned null
[26Feb2025 04:53:30.604] [main/INFO] [net.minecraft.world.item.crafting.RecipeManager/]: Skipping loading recipe everycomp:abnww/regions_unexplored/redwood_fence_from_redwood_planks_sawing as it's serializer returned null
[26Feb2025 04:53:30.608] [main/INFO] [net.minecraft.world.item.crafting.RecipeManager/]: Skipping loading recipe everycomp:abnww/regions_unexplored/redwood_slab_from_redwood_logs_sawing as it's serializer returned null
[26Feb2025 04:53:30.609] [main/INFO] [net.minecraft.world.item.crafting.RecipeManager/]: Skipping loading recipe woodworks:acacia_ladder_from_acacia_logs_sawing as it's serializer returned null
[26Feb2025 04:53:30.609] [main/ERROR] [net.minecraft.world.item.crafting.RecipeManager/]: Parsing error loading recipe celestisynth:celestial_spellbook: com.google.gson.JsonSyntaxException: Unknown item 'irons_spellbooks:ruined_book'
[26Feb2025 04:53:30.610] [main/INFO] [net.minecraft.world.item.crafting.RecipeManager/]: Skipping loading recipe everycomp:abnww/regions_unexplored/mauve_fence_from_mauve_planks_sawing as it's serializer returned null
[26Feb2025 04:53:30.612] [main/INFO] [net.minecraft.world.item.crafting.RecipeManager/]: Skipping loading recipe everycomp:abnww/biomemakeover/willow_sign_from_willow_logs_sawing as it's serializer returned null
[26Feb2025 04:53:30.615] [main/INFO] [net.minecraft.world.item.crafting.RecipeManager/]: Skipping loading recipe woodworks:crimson_ladder_from_crimson_stems_sawing as it's serializer returned null
[26Feb2025 04:53:30.615] [main/INFO] [net.minecraft.world.item.crafting.RecipeManager/]: Skipping loading recipe everycomp:abnww/undergarden/wigglewood_button_from_wigglewood_planks_sawing as it's serializer returned null
[26Feb2025 04:53:30.615] [main/INFO] [net.minecraft.world.item.crafting.RecipeManager/]: Skipping loading recipe everycomp:abnww/betterarcheology/rotten_slab_from_rotten_planks_sawing as it's serializer returned null
[26Feb2025 04:53:30.615] [main/INFO] [net.minecraft.world.item.crafting.RecipeManager/]: Skipping loading recipe everycomp:abnww/ecologics/flowering_azalea_planks_from_flowering_azalea_logs_sawing as it's serializer returned null
[26Feb2025 04:53:30.616] [main/INFO] [net.minecraft.world.item.crafting.RecipeManager/]: Skipping loading recipe everycomp:abnww/regions_unexplored/larch_slab_from_larch_planks_sawing as it's serializer returned null
[26Feb2025 04:53:30.616] [main/INFO] [net.minecraft.world.item.crafting.RecipeManager/]: Skipping loading recipe everycomp:abnww/biomesoplenty/jacaranda_ladder_from_jacaranda_planks_sawing as it's serializer returned null
[26Feb2025 04:53:30.616] [main/INFO] [net.minecraft.world.item.crafting.RecipeManager/]: Skipping loading recipe everycomp:abnww/deeperdarker/echo_pressure_plate_from_echo_logs_sawing as it's serializer returned null
[26Feb2025 04:53:30.616] [main/INFO] [net.minecraft.world.item.crafting.RecipeManager/]: Skipping loading recipe everycomp:abnww/biomemakeover/blighted_balsa_boards_from_blighted_balsa_logs_sawing as it's serializer returned null
[26Feb2025 04:53:30.623] [main/INFO] [net.minecraft.world.item.crafting.RecipeManager/]: Skipping loading recipe everycomp:abnww/regions_unexplored/yellow_bioshroom_fence_from_yellow_bioshroom_planks_sawing as it's serializer returned null
[26Feb2025 04:53:30.623] [main/INFO] [net.minecraft.world.item.crafting.RecipeManager/]: Skipping loading recipe woodworks:acacia_beehive as it's serializer returned null
[26Feb2025 04:53:30.623] [main/ERROR] [net.minecraft.world.item.crafting.RecipeManager/]: Parsing error loading recipe shutter:gingerbread_shutter: com.google.gson.JsonSyntaxException: Unknown item 'snowyspirit:gingerbread_frosted'
[26Feb2025 04:53:30.623] [main/INFO] [net.minecraft.world.item.crafting.RecipeManager/]: Skipping loading recipe everycomp:abnww/regions_unexplored/dead_planks_from_dead_logs_sawing as it's serializer returned null
[26Feb2025 04:53:30.624] [main/INFO] [net.minecraft.world.item.crafting.RecipeManager/]: Skipping loading recipe everycomp:abnww/regions_unexplored/brimwood_slab_from_brimwood_logs_sawing as it's serializer returned null
[26Feb2025 04:53:30.624] [main/INFO] [net.minecraft.world.item.crafting.RecipeManager/]: Skipping loading recipe everycomp:abnww/snifferplus/stone_pine_ladder_from_stone_pine_planks_sawing as it's serializer returned null
[26Feb2025 04:53:30.624] [main/INFO] [net.minecraft.world.item.crafting.RecipeManager/]: Skipping loading recipe everycomp:abnww/netherexp/claret_ladder_from_claret_logs_sawing as it's serializer returned null
[26Feb2025 04:53:30.624] [main/INFO] [net.minecraft.world.item.crafting.RecipeManager/]: Skipping loading recipe everycomp:abnww/regions_unexplored/larch_slab_from_larch_logs_sawing as it's serializer returned null
[26Feb2025 04:53:30.625] [main/INFO] [net.minecraft.world.item.crafting.RecipeManager/]: Skipping loading recipe everycomp:abnww/regions_unexplored/cobalt_pressure_plate_from_cobalt_logs_sawing as it's serializer returned null
[26Feb2025 04:53:30.625] [main/INFO] [net.minecraft.world.item.crafting.RecipeManager/]: Skipping loading recipe everycomp:abnww/regions_unexplored/yellow_bioshroom_fence_gate_from_yellow_bioshroom_logs_sawing as it's serializer returned null
[26Feb2025 04:53:30.625] [main/INFO] [net.minecraft.world.item.crafting.RecipeManager/]: Skipping loading recipe everycomp:abnww/biomesoplenty/hellbark_stairs_from_hellbark_logs_sawing as it's serializer returned null
[26Feb2025 04:53:30.625] [main/INFO] [net.minecraft.world.item.crafting.RecipeManager/]: Skipping loading recipe woodworks:dark_oak_fence_from_dark_oak_planks_sawing as it's serializer returned null
[26Feb2025 04:53:30.632] [main/INFO] [net.minecraft.world.item.crafting.RecipeManager/]: Skipping loading recipe everycomp:abnww/ecologics/azalea_button_from_azalea_logs_sawing as it's serializer returned null
[26Feb2025 04:53:30.637] [main/INFO] [net.minecraft.world.item.crafting.RecipeManager/]: Skipping loading recipe everycomp:abnww/ecologics/walnut_fence_from_walnut_logs_sawing as it's serializer returned null
[26Feb2025 04:53:30.637] [main/INFO] [net.minecraft.world.item.crafting.RecipeManager/]: Skipping loading recipe everycomp:abnww/regions_unexplored/brimwood_boards_from_brimwood_logs_sawing as it's serializer returned null
[26Feb2025 04:53:30.637] [main/INFO] [net.minecraft.world.item.crafting.RecipeManager/]: Skipping loading recipe everycomp:abnww/biomesoplenty/redwood_fence_from_redwood_logs_sawing as it's serializer returned null
[26Feb2025 04:53:30.638] [main/INFO] [net.minecraft.world.item.crafting.RecipeManager/]: Skipping loading recipe woodworks:jungle_trapdoor_from_jungle_logs_sawing as it's serializer returned null
[26Feb2025 04:53:30.638] [main/INFO] [net.minecraft.world.item.crafting.RecipeManager/]: Skipping loading recipe everycomp:abnww/biomesoplenty/willow_stairs_from_willow_logs_sawing as it's serializer returned null
[26Feb2025 04:53:30.638] [main/INFO] [net.minecraft.world.item.crafting.RecipeManager/]: Skipping loading recipe everycomp:abnww/regions_unexplored/kapok_stairs_from_kapok_planks_sawing as it's serializer returned null
[26Feb2025 04:53:30.638] [main/INFO] [net.minecraft.world.item.crafting.RecipeManager/]: Skipping loading recipe everycomp:abnww/regions_unexplored/willow_fence_from_willow_logs_sawing as it's serializer returned null
[26Feb2025 04:53:30.638] [main/INFO] [net.minecraft.world.item.crafting.RecipeManager/]: Skipping loading recipe everycomp:abnww/ecologics/walnut_stairs_from_walnut_logs_sawing as it's serializer returned null
[26Feb2025 04:53:30.639] [main/INFO] [net.minecraft.world.item.crafting.RecipeManager/]: Skipping loading recipe everycomp:abnww/voidscape/thunder_planks_from_thunder_logs_sawing as it's serializer returned null
[26Feb2025 04:53:30.639] [main/INFO] [net.minecraft.world.item.crafting.RecipeManager/]: Skipping loading recipe everycomp:abnww/regions_unexplored/socotra_planks_from_socotra_logs_sawing as it's serializer returned null
[26Feb2025 04:53:30.640] [main/INFO] [net.minecraft.world.item.crafting.RecipeManager/]: Skipping loading recipe supplementaries:inspirations/flag_clear as it's serializer returned null
[26Feb2025 04:53:30.645] [main/INFO] [net.minecraft.world.item.crafting.RecipeManager/]: Skipping loading recipe everycomp:abnww/biomesoplenty/magic_fence_from_magic_planks_sawing as it's serializer returned null
[26Feb2025 04:53:30.645] [main/INFO] [net.minecraft.world.item.crafting.RecipeManager/]: Skipping loading recipe everycomp:abnww/ecologics/coconut_button_from_coconut_planks_sawing as it's serializer returned null
[26Feb2025 04:53:30.645] [main/INFO] [net.minecraft.world.item.crafting.RecipeManager/]: Skipping loading recipe woodworks:mangrove_button_from_mangrove_planks_sawing as it's serializer returned null
[26Feb2025 04:53:30.646] [main/INFO] [net.minecraft.world.item.crafting.RecipeManager/]: Skipping loading recipe everycomp:abnww/undergarden/smogstem_stairs_from_smogstem_planks_sawing as it's serializer returned null
[26Feb2025 04:53:30.646] [main/INFO] [net.minecraft.world.item.crafting.RecipeManager/]: Skipping loading recipe everycomp:abnww/biomesoplenty/fir_door_from_fir_logs_sawing as it's serializer returned null
[26Feb2025 04:53:30.647] [main/INFO] [net.minecraft.world.item.crafting.RecipeManager/]: Skipping loading recipe everycomp:abnww/biomesoplenty/dead_stairs_from_dead_planks_sawing as it's serializer returned null
[26Feb2025 04:53:30.647] [main/INFO] [net.minecraft.world.item.crafting.RecipeManager/]: Skipping loading recipe everycomp:abnww/regions_unexplored/mauve_door_from_mauve_logs_sawing as it's serializer returned null
[26Feb2025 04:53:30.647] [main/INFO] [net.minecraft.world.item.crafting.RecipeManager/]: Skipping loading recipe everycomp:abnww/regions_unexplored/pine_pressure_plate_from_pine_logs_sawing as it's serializer returned null
[26Feb2025 04:53:30.648] [main/INFO] [net.minecraft.world.item.crafting.RecipeManager/]: Skipping loading recipe upgrade_aquatic:kelpy_cobblestone_brick_wall_from_kelpy_cobblestone_stonecutting as it's serializer returned null
[26Feb2025 04:53:30.648] [main/INFO] [net.minecraft.world.item.crafting.RecipeManager/]: Skipping loading recipe woodworks:oak_slab_from_oak_logs_sawing as it's serializer returned null
[26Feb2025 04:53:30.649] [main/INFO] [net.minecraft.world.item.crafting.RecipeManager/]: Skipping loading recipe everycomp:abnww/regions_unexplored/joshua_button_from_joshua_logs_sawing as it's serializer returned null
[26Feb2025 04:53:30.660] [main/INFO] [net.minecraft.world.item.crafting.RecipeManager/]: Skipping loading recipe everycomp:abnww/regions_unexplored/pine_fence_from_pine_planks_sawing as it's serializer returned null
[26Feb2025 04:53:30.660] [main/INFO] [net.minecraft.world.item.crafting.RecipeManager/]: Skipping loading recipe everycomp:abnww/undergarden/grongle_planks_from_grongle_logs_sawing as it's serializer returned null
[26Feb2025 04:53:30.661] [main/INFO] [net.minecraft.world.item.crafting.RecipeManager/]: Skipping loading recipe everycomp:abnww/regions_unexplored/pink_bioshroom_door_from_pink_bioshroom_logs_sawing as it's serializer returned null
[26Feb2025 04:53:30.661] [main/INFO] [net.minecraft.world.item.crafting.RecipeManager/]: Skipping loading recipe everycomp:abnww/regions_unexplored/kapok_slab_from_kapok_logs_sawing as it's serializer returned null
[26Feb2025 04:53:30.662] [main/INFO] [net.minecraft.world.item.crafting.RecipeManager/]: Skipping loading recipe everycomp:abnww/regions_unexplored/alpha_stairs_from_alpha_planks_sawing as it's serializer returned null
[26Feb2025 04:53:30.662] [main/INFO] [net.minecraft.world.item.crafting.RecipeManager/]: Skipping loading recipe woodworks:birch_boards_from_birch_logs_sawing as it's serializer returned null
[26Feb2025 04:53:30.663] [main/INFO] [net.minecraft.world.item.crafting.RecipeManager/]: Skipping loading recipe upgrade_aquatic:river_ladder_from_river_logs_sawing as it's serializer returned null
[26Feb2025 04:53:30.663] [main/INFO] [net.minecraft.world.item.crafting.RecipeManager/]: Skipping loading recipe everycomp:abnww/regions_unexplored/magnolia_trapdoor_from_magnolia_logs_sawing as it's serializer returned null
[26Feb2025 04:53:30.664] [main/INFO] [net.minecraft.world.item.crafting.RecipeManager/]: Skipping loading recipe everycomp:abnww/regions_unexplored/pine_ladder_from_pine_logs_sawing as it's serializer returned null
[26Feb2025 04:53:30.667] [main/INFO] [net.minecraft.world.item.crafting.RecipeManager/]: Skipping loading recipe woodworks:spruce_sign_from_spruce_logs_sawing as it's serializer returned null
[26Feb2025 04:53:30.670] [main/INFO] [net.minecraft.world.item.crafting.RecipeManager/]: Skipping loading recipe everycomp:abnww/biomesoplenty/willow_ladder_from_willow_planks_sawing as it's serializer returned null
[26Feb2025 04:53:30.672] [main/INFO] [net.minecraft.world.item.crafting.RecipeManager/]: Skipping loading recipe minecraft:bookshelf as it's serializer returned null
[26Feb2025 04:53:30.673] [main/INFO] [net.minecraft.world.item.crafting.RecipeManager/]: Skipping loading recipe everycomp:abnww/biomemakeover/swamp_cypress_sign_from_swamp_cypress_logs_sawing as it's serializer returned null
[26Feb2025 04:53:30.673] [main/INFO] [net.minecraft.world.item.crafting.RecipeManager/]: Skipping loading recipe everycomp:abnww/regions_unexplored/larch_button_from_larch_logs_sawing as it's serializer returned null
[26Feb2025 04:53:30.678] [main/INFO] [net.minecraft.world.item.crafting.RecipeManager/]: Skipping loading recipe upgrade_aquatic:kelpy_cobblestone_tiles_from_kelp as it's serializer returned null
[26Feb2025 04:53:30.679] [main/INFO] [net.minecraft.world.item.crafting.RecipeManager/]: Skipping loading recipe everycomp:abnww/betterarcheology/rotten_boards_from_rotten_planks_sawing as it's serializer returned null
[26Feb2025 04:53:30.679] [main/INFO] [net.minecraft.world.item.crafting.RecipeManager/]: Skipping loading recipe everycomp:abnww/biomesoplenty/dead_trapdoor_from_dead_logs_sawing as it's serializer returned null
[26Feb2025 04:53:30.679] [main/INFO] [net.minecraft.world.item.crafting.RecipeManager/]: Skipping loading recipe woodworks:spruce_leaf_pile as it's serializer returned null
[26Feb2025 04:53:30.683] [main/INFO] [net.minecraft.world.item.crafting.RecipeManager/]: Skipping loading recipe everycomp:abnww/biomesoplenty/umbran_boards_from_umbran_logs_sawing as it's serializer returned null
[26Feb2025 04:53:30.692] [main/INFO] [net.minecraft.world.item.crafting.RecipeManager/]: Skipping loading recipe woodworks:dark_oak_fence_gate_from_dark_oak_logs_sawing as it's serializer returned null
[26Feb2025 04:53:30.693] [main/INFO] [net.minecraft.world.item.crafting.RecipeManager/]: Skipping loading recipe everycomp:abnww/valhelsia_structures/lapidified_jungle_button_from_lapidified_jungle_logs_sawing as it's serializer returned null
[26Feb2025 04:53:30.693] [main/INFO] [net.minecraft.world.item.crafting.RecipeManager/]: Skipping loading recipe everycomp:abnww/regions_unexplored/redwood_ladder_from_redwood_planks_sawing as it's serializer returned null
[26Feb2025 04:53:30.693] [main/INFO] [net.minecraft.world.item.crafting.RecipeManager/]: Skipping loading recipe everycomp:abnww/regions_unexplored/blackwood_door_from_blackwood_logs_sawing as it's serializer returned null
[26Feb2025 04:53:30.694] [main/INFO] [net.minecraft.world.item.crafting.RecipeManager/]: Skipping loading recipe woodworks:dark_oak_pressure_plate_from_dark_oak_logs_sawing as it's serializer returned null
[26Feb2025 04:53:30.694] [main/INFO] [net.minecraft.world.item.crafting.RecipeManager/]: Skipping loading recipe everycomp:abnww/biomesoplenty/palm_slab_from_palm_planks_sawing as it's serializer returned null
[26Feb2025 04:53:30.694] [main/INFO] [net.minecraft.world.item.crafting.RecipeManager/]: Skipping loading recipe everycomp:abnww/biomemakeover/ancient_oak_fence_gate_from_ancient_oak_logs_sawing as it's serializer returned null
[26Feb2025 04:53:30.695] [main/INFO] [net.minecraft.world.item.crafting.RecipeManager/]: Skipping loading recipe everycomp:abnww/biomesoplenty/hellbark_ladder_from_hellbark_logs_sawing as it's serializer returned null
[26Feb2025 04:53:30.699] [main/INFO] [net.minecraft.world.item.crafting.RecipeManager/]: Skipping loading recipe woodworks:crimson_stairs_from_crimson_stems_sawing as it's serializer returned null
[26Feb2025 04:53:30.700] [main/INFO] [net.minecraft.world.item.crafting.RecipeManager/]: Skipping loading recipe everycomp:abnww/regions_unexplored/maple_fence_gate_from_maple_logs_sawing as it's serializer returned null
[26Feb2025 04:53:30.702] [main/INFO] [net.minecraft.world.item.crafting.RecipeManager/]: Skipping loading recipe woodworks:bamboo_mosaic_from_bamboo_planks_sawing as it's serializer returned null
[26Feb2025 04:53:30.703] [main/INFO] [net.minecraft.world.item.crafting.RecipeManager/]: Skipping loading recipe woodworks:mangrove_button_from_mangrove_logs_sawing as it's serializer returned null
[26Feb2025 04:53:30.703] [main/INFO] [net.minecraft.world.item.crafting.RecipeManager/]: Skipping loading recipe everycomp:abnww/born_in_chaos_v1/scorched_fence_from_scorched_logs_sawing as it's serializer returned null
[26Feb2025 04:53:30.704] [main/INFO] [net.minecraft.world.item.crafting.RecipeManager/]: Skipping loading recipe everycomp:abnww/snifferplus/stone_pine_button_from_stone_pine_logs_sawing as it's serializer returned null
[26Feb2025 04:53:30.704] [main/INFO] [net.minecraft.world.item.crafting.RecipeManager/]: Skipping loading recipe everycomp:abnww/undergarden/smogstem_fence_gate_from_smogstem_logs_sawing as it's serializer returned null
[26Feb2025 04:53:30.705] [main/INFO] [net.minecraft.world.item.crafting.RecipeManager/]: Skipping loading recipe everycomp:abnww/regions_unexplored/pine_sign_from_pine_logs_sawing as it's serializer returned null
[26Feb2025 04:53:30.705] [main/INFO] [net.minecraft.world.item.crafting.RecipeManager/]: Skipping loading recipe woodworks:spruce_pressure_plate_from_spruce_logs_sawing as it's serializer returned null
[26Feb2025 04:53:30.705] [main/INFO] [net.minecraft.world.item.crafting.RecipeManager/]: Skipping loading recipe everycomp:abnww/regions_unexplored/maple_button_from_maple_logs_sawing as it's serializer returned null
[26Feb2025 04:53:30.705] [main/INFO] [net.minecraft.world.item.crafting.RecipeManager/]: Skipping loading recipe everycomp:abnww/voidscape/thunder_slab_from_thunder_logs_sawing as it's serializer returned null
[26Feb2025 04:53:30.709] [main/INFO] [net.minecraft.world.item.crafting.RecipeManager/]: Skipping loading recipe everycomp:abnww/regions_unexplored/dead_fence_from_dead_planks_sawing as it's serializer returned null
[26Feb2025 04:53:30.709] [main/INFO] [net.minecraft.world.item.crafting.RecipeManager/]: Skipping loading recipe everycomp:abnww/regions_unexplored/cypress_fence_from_cypress_planks_sawing as it's serializer returned null
[26Feb2025 04:53:30.709] [main/INFO] [net.minecraft.world.item.crafting.RecipeManager/]: Skipping loading recipe upgrade_aquatic:kelpy_cobblestone_tile_slab_from_kelpy_cobblestone_bricks_stonecutting as it's serializer returned null
[26Feb2025 04:53:30.710] [main/INFO] [net.minecraft.world.item.crafting.RecipeManager/]: Skipping loading recipe upgrade_aquatic:driftwood_pressure_plate_from_driftwood_logs_sawing as it's serializer returned null
[26Feb2025 04:53:30.713] [main/INFO] [net.minecraft.world.item.crafting.RecipeManager/]: Skipping loading recipe upgrade_aquatic:river_trapdoor_from_river_logs_sawing as it's serializer returned null
[26Feb2025 04:53:30.713] [main/INFO] [net.minecraft.world.item.crafting.RecipeManager/]: Skipping loading recipe everycomp:abnww/ecologics/walnut_button_from_walnut_planks_sawing as it's serializer returned null
[26Feb2025 04:53:30.713] [main/INFO] [net.minecraft.world.item.crafting.RecipeManager/]: Skipping loading recipe everycomp:abnww/biomesoplenty/willow_stairs_from_willow_planks_sawing as it's serializer returned null
[26Feb2025 04:53:30.713] [main/INFO] [net.minecraft.world.item.crafting.RecipeManager/]: Skipping loading recipe everycomp:abnww/regions_unexplored/blackwood_fence_from_blackwood_logs_sawing as it's serializer returned null
[26Feb2025 04:53:30.714] [main/INFO] [net.minecraft.world.item.crafting.RecipeManager/]: Skipping loading recipe everycomp:abnww/biomesoplenty/umbran_fence_gate_from_umbran_logs_sawing as it's serializer returned null
[26Feb2025 04:53:30.716] [main/INFO] [net.minecraft.world.item.crafting.RecipeManager/]: Skipping loading recipe everycomp:abnww/biomemakeover/blighted_balsa_button_from_blighted_balsa_logs_sawing as it's serializer returned null
[26Feb2025 04:53:30.717] [main/INFO] [net.minecraft.world.item.crafting.RecipeManager/]: Skipping loading recipe everycomp:abnww/regions_unexplored/pink_bioshroom_planks_from_pink_bioshroom_logs_sawing as it's serializer returned null
[26Feb2025 04:53:30.717] [main/INFO] [net.minecraft.world.item.crafting.RecipeManager/]: Skipping loading recipe everycomp:abnww/regions_unexplored/blackwood_stairs_from_blackwood_logs_sawing as it's serializer returned null
[26Feb2025 04:53:30.717] [main/INFO] [net.minecraft.world.item.crafting.RecipeManager/]: Skipping loading recipe upgrade_aquatic:river_boards_from_river_logs_sawing as it's serializer returned null
[26Feb2025 04:53:30.717] [main/INFO] [net.minecraft.world.item.crafting.RecipeManager/]: Skipping loading recipe everycomp:abnww/biomesoplenty/hellbark_ladder_from_hellbark_planks_sawing as it's serializer returned null
[26Feb2025 04:53:30.717] [main/INFO] [net.minecraft.world.item.crafting.RecipeManager/]: Skipping loading recipe everycomp:abnww/biomemakeover/swamp_cypress_ladder_from_swamp_cypress_logs_sawing as it's serializer returned null
[26Feb2025 04:53:30.718] [main/INFO] [net.minecraft.world.item.crafting.RecipeManager/]: Skipping loading recipe woodworks:warped_slab_from_warped_planks_sawing as it's serializer returned null
[26Feb2025 04:53:30.718] [main/INFO] [net.minecraft.world.item.crafting.RecipeManager/]: Skipping loading recipe woodworks:mangrove_boards_from_mangrove_planks_sawing as it's serializer returned null
[26Feb2025 04:53:30.718] [main/INFO] [net.minecraft.world.item.crafting.RecipeManager/]: Skipping loading recipe everycomp:abnww/biomesoplenty/fir_fence_gate_from_fir_logs_sawing as it's serializer returned null
[26Feb2025 04:53:30.718] [main/INFO] [net.minecraft.world.item.crafting.RecipeManager/]: Skipping loading recipe woodworks:jungle_sign_from_jungle_logs_sawing as it's serializer returned null
[26Feb2025 04:53:30.718] [main/INFO] [net.minecraft.world.item.crafting.RecipeManager/]: Skipping loading recipe everycomp:abnww/undergarden/smogstem_ladder_from_smogstem_logs_sawing as it's serializer returned null
[26Feb2025 04:53:30.724] [main/INFO] [net.minecraft.world.item.crafting.RecipeManager/]: Skipping loading recipe upgrade_aquatic:kelpy_cobblestone_brick_wall as it's serializer returned null
[26Feb2025 04:53:30.724] [main/INFO] [net.minecraft.world.item.crafting.RecipeManager/]: Skipping loading recipe everycomp:abnww/alexscaves/pewen_stairs_from_pewen_planks_sawing as it's serializer returned null
[26Feb2025 04:53:30.727] [main/INFO] [net.minecraft.world.item.crafting.RecipeManager/]: Skipping loading recipe everycomp:abnww/snifferplus/stone_pine_trapdoor_from_stone_pine_logs_sawing as it's serializer returned null
[26Feb2025 04:53:30.729] [main/INFO] [net.minecraft.world.item.crafting.RecipeManager/]: Skipping loading recipe everycomp:abnww/regions_unexplored/eucalyptus_fence_from_eucalyptus_planks_sawing as it's serializer returned null
[26Feb2025 04:53:30.729] [main/INFO] [net.minecraft.world.item.crafting.RecipeManager/]: Skipping loading recipe upgrade_aquatic:driftwood_stairs_from_driftwood_planks_sawing as it's serializer returned null
[26Feb2025 04:53:30.729] [main/INFO] [net.minecraft.world.item.crafting.RecipeManager/]: Skipping loading recipe everycomp:abnww/regions_unexplored/cobalt_trapdoor_from_cobalt_logs_sawing as it's serializer returned null
[26Feb2025 04:53:30.729] [main/INFO] [net.minecraft.world.item.crafting.RecipeManager/]: Skipping loading recipe upgrade_aquatic:kelpy_cobblestone_brick_slab_from_kelpy_cobblestone_bricks_stonecutting as it's serializer returned null
[26Feb2025 04:53:30.730] [main/INFO] [net.minecraft.world.item.crafting.RecipeManager/]: Skipping loading recipe woodworks:crimson_trapdoor_from_crimson_stems_sawing as it's serializer returned null
[26Feb2025 04:53:30.733] [main/INFO] [net.minecraft.world.item.crafting.RecipeManager/]: Skipping loading recipe everycomp:abnww/regions_unexplored/larch_stairs_from_larch_logs_sawing as it's serializer returned null
[26Feb2025 04:53:30.733] [main/INFO] [net.minecraft.world.item.crafting.RecipeManager/]: Skipping loading recipe everycomp:abnww/biomesoplenty/umbran_pressure_plate_from_umbran_logs_sawing as it's serializer returned null
[26Feb2025 04:53:30.733] [main/INFO] [net.minecraft.world.item.crafting.RecipeManager/]: Skipping loading recipe everycomp:abnww/palegardenbackport/pale_oak_button_from_pale_oak_logs_sawing as it's serializer returned null
[26Feb2025 04:53:30.733] [main/INFO] [net.minecraft.world.item.crafting.RecipeManager/]: Skipping loading recipe woodworks:spruce_fence_from_spruce_logs_sawing as it's serializer returned null
[26Feb2025 04:53:30.734] [main/INFO] [net.minecraft.world.item.crafting.RecipeManager/]: Skipping loading recipe upgrade_aquatic:driftwood_button_from_driftwood_logs_sawing as it's serializer returned null
[26Feb2025 04:53:30.735] [main/INFO] [net.minecraft.world.item.crafting.RecipeManager/]: Skipping loading recipe woodworks:dark_oak_sign_from_dark_oak_logs_sawing as it's serializer returned null
[26Feb2025 04:53:30.736] [main/INFO] [net.minecraft.world.item.crafting.RecipeManager/]: Skipping loading recipe everycomp:abnww/biomesoplenty/palm_stairs_from_palm_planks_sawing as it's serializer returned null
[26Feb2025 04:53:30.736] [main/INFO] [net.minecraft.world.item.crafting.RecipeManager/]: Skipping loading recipe everycomp:abnww/biomemakeover/blighted_balsa_boards_from_blighted_balsa_planks_sawing as it's serializer returned null
[26Feb2025 04:53:30.736] [main/INFO] [net.minecraft.world.item.crafting.RecipeManager/]: Skipping loading recipe everycomp:abnww/regions_unexplored/joshua_sign_from_joshua_logs_sawing as it's serializer returned null
[26Feb2025 04:53:30.737] [main/INFO] [net.minecraft.world.item.crafting.RecipeManager/]: Skipping loading recipe everycomp:abnww/biomesoplenty/redwood_planks_from_redwood_logs_sawing as it's serializer returned null
[26Feb2025 04:53:30.739] [main/INFO] [net.minecraft.world.item.crafting.RecipeManager/]: Skipping loading recipe everycomp:abnww/regions_unexplored/pine_slab_from_pine_logs_sawing as it's serializer returned null
[26Feb2025 04:53:30.739] [main/INFO] [net.minecraft.world.item.crafting.RecipeManager/]: Skipping loading recipe woodworks:warped_pressure_plate_from_warped_stems_sawing as it's serializer returned null
[26Feb2025 04:53:30.739] [main/INFO] [net.minecraft.world.item.crafting.RecipeManager/]: Skipping loading recipe woodworks:cherry_sign_from_cherry_logs_sawing as it's serializer returned null
[26Feb2025 04:53:30.744] [main/INFO] [net.minecraft.world.item.crafting.RecipeManager/]: Skipping loading recipe woodworks:azalea_leaves_from_leaf_piles as it's serializer returned null
[26Feb2025 04:53:30.746] [main/INFO] [net.minecraft.world.item.crafting.RecipeManager/]: Skipping loading recipe everycomp:abnww/biomemakeover/blighted_balsa_fence_from_blighted_balsa_logs_sawing as it's serializer returned null
[26Feb2025 04:53:30.746] [main/INFO] [net.minecraft.world.item.crafting.RecipeManager/]: Skipping loading recipe woodworks:acacia_leaves_from_leaf_piles as it's serializer returned null
[26Feb2025 04:53:30.747] [main/INFO] [net.minecraft.world.item.crafting.RecipeManager/]: Skipping loading recipe everycomp:abnww/ecologics/azalea_ladder_from_azalea_logs_sawing as it's serializer returned null
[26Feb2025 04:53:30.747] [main/INFO] [net.minecraft.world.item.crafting.RecipeManager/]: Skipping loading recipe everycomp:abnww/regions_unexplored/baobab_stairs_from_baobab_logs_sawing as it's serializer returned null
[26Feb2025 04:53:30.747] [main/INFO] [net.minecraft.world.item.crafting.RecipeManager/]: Skipping loading recipe upgrade_aquatic:driftwood_door_from_driftwood_logs_sawing as it's serializer returned null
[26Feb2025 04:53:30.751] [main/INFO] [net.minecraft.world.item.crafting.RecipeManager/]: Skipping loading recipe everycomp:abnww/snifferplus/stone_pine_sign_from_stone_pine_logs_sawing as it's serializer returned null
[26Feb2025 04:53:30.755] [main/INFO] [net.minecraft.world.item.crafting.RecipeManager/]: Skipping loading recipe everycomp:abnww/biomemakeover/blighted_balsa_fence_gate_from_blighted_balsa_logs_sawing as it's serializer returned null
[26Feb2025 04:53:30.760] [main/INFO] [net.minecraft.world.item.crafting.RecipeManager/]: Skipping loading recipe everycomp:abnww/biomemakeover/ancient_oak_fence_from_ancient_oak_planks_sawing as it's serializer returned null
[26Feb2025 04:53:30.760] [main/INFO] [net.minecraft.world.item.crafting.RecipeManager/]: Skipping loading recipe everycomp:abnww/undergarden/grongle_ladder_from_grongle_logs_sawing as it's serializer returned null
[26Feb2025 04:53:30.760] [main/INFO] [net.minecraft.world.item.crafting.RecipeManager/]: Skipping loading recipe everycomp:abnww/regions_unexplored/redwood_slab_from_redwood_planks_sawing as it's serializer returned null
[26Feb2025 04:53:30.760] [main/INFO] [net.minecraft.world.item.crafting.RecipeManager/]: Skipping loading recipe everycomp:abnww/regions_unexplored/cobalt_boards_from_cobalt_logs_sawing as it's serializer returned null
[26Feb2025 04:53:30.761] [main/INFO] [net.minecraft.world.item.crafting.RecipeManager/]: Skipping loading recipe everycomp:abnww/biomesoplenty/fir_button_from_fir_planks_sawing as it's serializer returned null
[26Feb2025 04:53:30.761] [main/INFO] [net.minecraft.world.item.crafting.RecipeManager/]: Skipping loading recipe woodworks:cherry_boards_from_cherry_logs_sawing as it's serializer returned null
[26Feb2025 04:53:30.761] [main/INFO] [net.minecraft.world.item.crafting.RecipeManager/]: Skipping loading recipe everycomp:abnww/regions_unexplored/joshua_planks_from_joshua_logs_sawing as it's serializer returned null
[26Feb2025 04:53:30.761] [main/INFO] [net.minecraft.world.item.crafting.RecipeManager/]: Skipping loading recipe everycomp:abnww/alexscaves/thornwood_boards_from_thornwood_logs_sawing as it's serializer returned null
[26Feb2025 04:53:30.764] [main/INFO] [net.minecraft.world.item.crafting.RecipeManager/]: Skipping loading recipe woodworks:spruce_boards_from_spruce_logs_sawing as it's serializer returned null
[26Feb2025 04:53:30.764] [main/INFO] [net.minecraft.world.item.crafting.RecipeManager/]: Skipping loading recipe woodworks:birch_ladder_from_birch_logs_sawing as it's serializer returned null
[26Feb2025 04:53:30.764] [main/INFO] [net.minecraft.world.item.crafting.RecipeManager/]: Skipping loading recipe everycomp:abnww/regions_unexplored/yellow_bioshroom_slab_from_yellow_bioshroom_logs_sawing as it's serializer returned null
[26Feb2025 04:53:30.765] [main/INFO] [net.minecraft.world.item.crafting.RecipeManager/]: Skipping loading recipe everycomp:abnww/netherexp/claret_fence_gate_from_claret_logs_sawing as it's serializer returned null
[26Feb2025 04:53:30.767] [main/INFO] [net.minecraft.world.item.crafting.RecipeManager/]: Skipping loading recipe everycomp:abnww/biomesoplenty/willow_fence_gate_from_willow_logs_sawing as it's serializer returned null
[26Feb2025 04:53:30.770] [main/INFO] [net.minecraft.world.item.crafting.RecipeManager/]: Skipping loading recipe everycomp:abnww/undergarden/smogstem_slab_from_smogstem_logs_sawing as it's serializer returned null
[26Feb2025 04:53:30.770] [main/INFO] [net.minecraft.world.item.crafting.RecipeManager/]: Skipping loading recipe everycomp:abnww/alexscaves/thornwood_door_from_thornwood_logs_sawing as it's serializer returned null
[26Feb2025 04:53:30.770] [main/INFO] [net.minecraft.world.item.crafting.RecipeManager/]: Skipping loading recipe woodworks:acacia_slab_from_acacia_logs_sawing as it's serializer returned null
[26Feb2025 04:53:30.771] [main/INFO] [net.minecraft.world.item.crafting.RecipeManager/]: Skipping loading recipe everycomp:abnww/deeperdarker/echo_boards_from_echo_planks_sawing as it's serializer returned null
[26Feb2025 04:53:30.771] [main/INFO] [net.minecraft.world.item.crafting.RecipeManager/]: Skipping loading recipe everycomp:abnww/alexscaves/thornwood_planks_from_thornwood_logs_sawing as it's serializer returned null
[26Feb2025 04:53:30.773] [main/INFO] [net.minecraft.world.item.crafting.RecipeManager/]: Skipping loading recipe everycomp:abnww/regions_unexplored/pink_bioshroom_stairs_from_pink_bioshroom_logs_sawing as it's serializer returned null
[26Feb2025 04:53:30.773] [main/INFO] [net.minecraft.world.item.crafting.RecipeManager/]: Skipping loading recipe everycomp:abnww/regions_unexplored/pink_bioshroom_slab_from_pink_bioshroom_logs_sawing as it's serializer returned null
[26Feb2025 04:53:30.776] [main/INFO] [net.minecraft.world.item.crafting.RecipeManager/]: Skipping loading recipe woodworks:oak_stairs_from_oak_logs_sawing as it's serializer returned null
[26Feb2025 04:53:30.776] [main/INFO] [net.minecraft.world.item.crafting.RecipeManager/]: Skipping loading recipe everycomp:abnww/biomemakeover/willow_boards_from_willow_planks_sawing as it's serializer returned null
[26Feb2025 04:53:30.776] [main/INFO] [net.minecraft.world.item.crafting.RecipeManager/]: Skipping loading recipe upgrade_aquatic:river_button_from_river_planks_sawing as it's serializer returned null
[26Feb2025 04:53:30.776] [main/INFO] [net.minecraft.world.item.crafting.RecipeManager/]: Skipping loading recipe upgrade_aquatic:river_button_from_river_logs_sawing as it's serializer returned null
[26Feb2025 04:53:30.777] [main/INFO] [net.minecraft.world.item.crafting.RecipeManager/]: Skipping loading recipe everycomp:abnww/snifferplus/stone_pine_slab_from_stone_pine_logs_sawing as it's serializer returned null
[26Feb2025 04:53:30.777] [main/INFO] [net.minecraft.world.item.crafting.RecipeManager/]: Skipping loading recipe everycomp:abnww/ecologics/coconut_planks_from_coconut_logs_sawing as it's serializer returned null
[26Feb2025 04:53:30.780] [main/INFO] [net.minecraft.world.item.crafting.RecipeManager/]: Skipping loading recipe woodworks:oak_fence_from_oak_planks_sawing as it's serializer returned null
[26Feb2025 04:53:30.780] [main/INFO] [net.minecraft.world.item.crafting.RecipeManager/]: Skipping loading recipe everycomp:abnww/biomesoplenty/jacaranda_slab_from_jacaranda_logs_sawing as it's serializer returned null
[26Feb2025 04:53:30.780] [main/INFO] [net.minecraft.world.item.crafting.RecipeManager/]: Skipping loading recipe everycomp:abnww/regions_unexplored/magnolia_door_from_magnolia_logs_sawing as it's serializer returned null
[26Feb2025 04:53:30.780] [main/INFO] [net.minecraft.world.item.crafting.RecipeManager/]: Skipping loading recipe woodworks:oak_slab_from_oak_planks_sawing as it's serializer returned null
[26Feb2025 04:53:30.780] [main/INFO] [net.minecraft.world.item.crafting.RecipeManager/]: Skipping loading recipe everycomp:abnww/biomesoplenty/palm_planks_from_palm_logs_sawing as it's serializer returned null
[26Feb2025 04:53:30.781] [main/INFO] [net.minecraft.world.item.crafting.RecipeManager/]: Skipping loading recipe everycomp:abnww/betterarcheology/rotten_pressure_plate_from_rotten_logs_sawing as it's serializer returned null
[26Feb2025 04:53:30.781] [main/INFO] [net.minecraft.world.item.crafting.RecipeManager/]: Skipping loading recipe woodworks:acacia_ladder_from_acacia_planks_sawing as it's serializer returned null
[26Feb2025 04:53:30.781] [main/INFO] [net.minecraft.world.item.crafting.RecipeManager/]: Skipping loading recipe everycomp:abnww/regions_unexplored/palm_slab_from_palm_logs_sawing as it's serializer returned null
[26Feb2025 04:53:30.781] [main/INFO] [net.minecraft.world.item.crafting.RecipeManager/]: Skipping loading recipe woodworks:jungle_slab_from_jungle_logs_sawing as it's serializer returned null
[26Feb2025 04:53:30.781] [main/INFO] [net.minecraft.world.item.crafting.RecipeManager/]: Skipping loading recipe everycomp:abnww/biomemakeover/willow_planks_from_willow_logs_sawing as it's serializer returned null
[26Feb2025 04:53:30.781] [main/INFO] [net.minecraft.world.item.crafting.RecipeManager/]: Skipping loading recipe everycomp:abnww/biomesoplenty/hellbark_fence_from_hellbark_planks_sawing as it's serializer returned null
[26Feb2025 04:53:30.782] [main/INFO] [net.minecraft.world.item.crafting.RecipeManager/]: Skipping loading recipe everycomp:abnww/biomesoplenty/dead_ladder_from_dead_planks_sawing as it's serializer returned null
[26Feb2025 04:53:30.782] [main/INFO] [net.minecraft.world.item.crafting.RecipeManager/]: Skipping loading recipe everycomp:abnww/regions_unexplored/eucalyptus_door_from_eucalyptus_logs_sawing as it's serializer returned null
[26Feb2025 04:53:30.785] [main/INFO] [net.minecraft.world.item.crafting.RecipeManager/]: Skipping loading recipe everycomp:abnww/biomesoplenty/magic_pressure_plate_from_magic_logs_sawing as it's serializer returned null
[26Feb2025 04:53:30.789] [main/INFO] [net.minecraft.world.item.crafting.RecipeManager/]: Skipping loading recipe everycomp:abnww/snifferplus/stone_pine_planks_from_stone_pine_logs_sawing as it's serializer returned null
[26Feb2025 04:53:30.789] [main/INFO] [net.minecraft.world.item.crafting.RecipeManager/]: Skipping loading recipe everycomp:abnww/biomesoplenty/willow_button_from_willow_logs_sawing as it's serializer returned null
[26Feb2025 04:53:30.789] [main/INFO] [net.minecraft.world.item.crafting.RecipeManager/]: Skipping loading recipe everycomp:abnww/biomesoplenty/palm_fence_from_palm_planks_sawing as it's serializer returned null
[26Feb2025 04:53:30.789] [main/INFO] [net.minecraft.world.item.crafting.RecipeManager/]: Skipping loading recipe woodworks:jungle_planks_from_jungle_logs_sawing as it's serializer returned null
[26Feb2025 04:53:30.789] [main/INFO] [net.minecraft.world.item.crafting.RecipeManager/]: Skipping loading recipe everycomp:abnww/betterarcheology/rotten_slab_from_rotten_logs_sawing as it's serializer returned null
[26Feb2025 04:53:30.789] [main/INFO] [net.minecraft.world.item.crafting.RecipeManager/]: Skipping loading recipe everycomp:abnww/regions_unexplored/maple_ladder_from_maple_planks_sawing as it's serializer returned null
[26Feb2025 04:53:30.789] [main/INFO] [net.minecraft.world.item.crafting.RecipeManager/]: Skipping loading recipe everycomp:abnww/ecologics/azalea_planks_from_azalea_logs_sawing as it's serializer returned null
[26Feb2025 04:53:30.790] [main/INFO] [net.minecraft.world.item.crafting.RecipeManager/]: Skipping loading recipe everycomp:abnww/regions_unexplored/willow_button_from_willow_logs_sawing as it's serializer returned null
[26Feb2025 04:53:30.790] [main/INFO] [net.minecraft.world.item.crafting.RecipeManager/]: Skipping loading recipe everycomp:abnww/regions_unexplored/baobab_fence_from_baobab_planks_sawing as it's serializer returned null
[26Feb2025 04:53:30.790] [main/INFO] [net.minecraft.world.item.crafting.RecipeManager/]: Skipping loading recipe everycomp:abnww/regions_unexplored/maple_fence_from_maple_planks_sawing as it's serializer returned null
[26Feb2025 04:53:30.790] [main/INFO] [net.minecraft.world.item.crafting.RecipeManager/]: Skipping loading recipe everycomp:abnww/biomesoplenty/fir_fence_from_fir_logs_sawing as it's serializer returned null
[26Feb2025 04:53:30.791] [main/INFO] [net.minecraft.world.item.crafting.RecipeManager/]: Skipping loading recipe everycomp:abnww/ecologics/walnut_button_from_walnut_logs_sawing as it's serializer returned null
[26Feb2025 04:53:30.793] [main/INFO] [net.minecraft.world.item.crafting.RecipeManager/]: Skipping loading recipe everycomp:abnww/regions_unexplored/kapok_trapdoor_from_kapok_logs_sawing as it's serializer returned null
[26Feb2025 04:53:30.798] [main/INFO] [net.minecraft.world.item.crafting.RecipeManager/]: Skipping loading recipe minecraft:chiseled_bookshelf as it's serializer returned null
[26Feb2025 04:53:30.798] [main/INFO] [net.minecraft.world.item.crafting.RecipeManager/]: Skipping loading recipe minecraft:ladder as it's serializer returned null
[26Feb2025 04:53:30.798] [main/INFO] [net.minecraft.world.item.crafting.RecipeManager/]: Skipping loading recipe everycomp:abnww/netherexp/claret_sign_from_claret_logs_sawing as it's serializer returned null
[26Feb2025 04:53:30.798] [main/INFO] [net.minecraft.world.item.crafting.RecipeManager/]: Skipping loading recipe everycomp:abnww/regions_unexplored/pink_bioshroom_fence_gate_from_pink_bioshroom_logs_sawing as it's serializer returned null
[26Feb2025 04:53:30.798] [main/INFO] [net.minecraft.world.item.crafting.RecipeManager/]: Skipping loading recipe everycomp:abnww/regions_unexplored/cypress_ladder_from_cypress_planks_sawing as it's serializer returned null
[26Feb2025 04:53:30.799] [main/INFO] [net.minecraft.world.item.crafting.RecipeManager/]: Skipping loading recipe everycomp:abnww/regions_unexplored/cypress_door_from_cypress_logs_sawing as it's serializer returned null
[26Feb2025 04:53:30.804] [main/INFO] [net.minecraft.world.item.crafting.RecipeManager/]: Skipping loading recipe woodworks:crimson_fence_gate_from_crimson_stems_sawing as it's serializer returned null
[26Feb2025 04:53:30.805] [main/INFO] [net.minecraft.world.item.crafting.RecipeManager/]: Skipping loading recipe everycomp:abnww/undergarden/smogstem_button_from_smogstem_logs_sawing as it's serializer returned null
[26Feb2025 04:53:30.805] [main/ERROR] [net.minecraft.world.item.crafting.RecipeManager/]: Parsing error loading recipe shutter:palm_shutter: com.google.gson.JsonSyntaxException: Unknown item 'beachparty:palm_slab'
[26Feb2025 04:53:30.805] [main/INFO] [net.minecraft.world.item.crafting.RecipeManager/]: Skipping loading recipe everycomp:abnww/regions_unexplored/pink_bioshroom_button_from_pink_bioshroom_planks_sawing as it's serializer returned null
[26Feb2025 04:53:30.805] [main/INFO] [net.minecraft.world.item.crafting.RecipeManager/]: Skipping loading recipe everycomp:abnww/biomesoplenty/umbran_trapdoor_from_umbran_logs_sawing as it's serializer returned null
[26Feb2025 04:53:30.805] [main/INFO] [net.minecraft.world.item.crafting.RecipeManager/]: Skipping loading recipe everycomp:abnww/born_in_chaos_v1/scorched_planks_from_scorched_logs_sawing as it's serializer returned null
[26Feb2025 04:53:30.805] [main/INFO] [net.minecraft.world.item.crafting.RecipeManager/]: Skipping loading recipe everycomp:abnww/regions_unexplored/willow_button_from_willow_planks_sawing as it's serializer returned null
[26Feb2025 04:53:30.808] [main/INFO] [net.minecraft.world.item.crafting.RecipeManager/]: Skipping loading recipe everycomp:abnww/regions_unexplored/mauve_boards_from_mauve_planks_sawing as it's serializer returned null
[26Feb2025 04:53:30.817] [main/INFO] [net.minecraft.world.item.crafting.RecipeManager/]: Skipping loading recipe woodworks:acacia_slab_from_acacia_planks_sawing as it's serializer returned null
[26Feb2025 04:53:30.819] [main/INFO] [net.minecraft.world.item.crafting.RecipeManager/]: Skipping loading recipe supplementaries:inspirations/blackboard_clear as it's serializer returned null
[26Feb2025 04:53:30.820] [main/INFO] [net.minecraft.world.item.crafting.RecipeManager/]: Skipping loading recipe woodworks:jungle_slab_from_jungle_planks_sawing as it's serializer returned null
[26Feb2025 04:53:30.820] [main/INFO] [net.minecraft.world.item.crafting.RecipeManager/]: Skipping loading recipe everycomp:abnww/biomesoplenty/hellbark_trapdoor_from_hellbark_logs_sawing as it's serializer returned null
[26Feb2025 04:53:30.820] [main/INFO] [net.minecraft.world.item.crafting.RecipeManager/]: Skipping loading recipe everycomp:abnww/biomemakeover/willow_fence_from_willow_planks_sawing as it's serializer returned null
[26Feb2025 04:53:30.820] [main/INFO] [net.minecraft.world.item.crafting.RecipeManager/]: Skipping loading recipe everycomp:abnww/regions_unexplored/palm_boards_from_palm_planks_sawing as it's serializer returned null
[26Feb2025 04:53:30.823] [main/INFO] [net.minecraft.world.item.crafting.RecipeManager/]: Skipping loading recipe everycomp:abnww/biomesoplenty/mahogany_fence_gate_from_mahogany_logs_sawing as it's serializer returned null
[26Feb2025 04:53:30.825] [main/INFO] [net.minecraft.world.item.crafting.RecipeManager/]: Skipping loading recipe everycomp:abnww/regions_unexplored/palm_button_from_palm_logs_sawing as it's serializer returned null
[26Feb2025 04:53:30.826] [main/INFO] [net.minecraft.world.item.crafting.RecipeManager/]: Skipping loading recipe everycomp:abnww/regions_unexplored/blackwood_trapdoor_from_blackwood_logs_sawing as it's serializer returned null
[26Feb2025 04:53:30.826] [main/INFO] [net.minecraft.world.item.crafting.RecipeManager/]: Skipping loading recipe everycomp:abnww/cataclysm/chorus_stairs_from_chorus_logs_sawing as it's serializer returned null
[26Feb2025 04:53:30.826] [main/INFO] [net.minecraft.world.item.crafting.RecipeManager/]: Skipping loading recipe everycomp:abnww/alexscaves/thornwood_fence_from_thornwood_planks_sawing as it's serializer returned null
[26Feb2025 04:53:30.826] [main/INFO] [net.minecraft.world.item.crafting.RecipeManager/]: Skipping loading recipe minecraft:trapped_chest as it's serializer returned null
[26Feb2025 04:53:30.826] [main/INFO] [net.minecraft.world.item.crafting.RecipeManager/]: Skipping loading recipe everycomp:abnww/regions_unexplored/mauve_pressure_plate_from_mauve_logs_sawing as it's serializer returned null
[26Feb2025 04:53:30.828] [main/INFO] [net.minecraft.world.item.crafting.RecipeManager/]: Skipping loading recipe everycomp:abnww/born_in_chaos_v1/scorched_trapdoor_from_scorched_logs_sawing as it's serializer returned null
[26Feb2025 04:53:30.829] [main/INFO] [net.minecraft.world.item.crafting.RecipeManager/]: Skipping loading recipe everycomp:abnww/biomemakeover/swamp_cypress_stairs_from_swamp_cypress_logs_sawing as it's serializer returned null
[26Feb2025 04:53:30.829] [main/INFO] [net.minecraft.world.item.crafting.RecipeManager/]: Skipping loading recipe everycomp:abnww/born_in_chaos_v1/scorched_fence_from_scorched_planks_sawing as it's serializer returned null
[26Feb2025 04:53:30.831] [main/INFO] [net.minecraft.world.item.crafting.RecipeManager/]: Skipping loading recipe everycomp:abnww/biomesoplenty/mahogany_fence_from_mahogany_logs_sawing as it's serializer returned null
[26Feb2025 04:53:30.831] [main/INFO] [net.minecraft.world.item.crafting.RecipeManager/]: Skipping loading recipe everycomp:abnww/regions_unexplored/alpha_ladder_from_alpha_planks_sawing as it's serializer returned null
[26Feb2025 04:53:30.831] [main/INFO] [net.minecraft.world.item.crafting.RecipeManager/]: Skipping loading recipe woodworks:birch_boards_from_birch_planks_sawing as it's serializer returned null
[26Feb2025 04:53:30.835] [main/INFO] [net.minecraft.world.item.crafting.RecipeManager/]: Skipping loading recipe everycomp:abnww/regions_unexplored/kapok_boards_from_kapok_logs_sawing as it's serializer returned null
[26Feb2025 04:53:30.839] [main/INFO] [net.minecraft.world.item.crafting.RecipeManager/]: Skipping loading recipe woodworks:acacia_stairs_from_acacia_logs_sawing as it's serializer returned null
[26Feb2025 04:53:30.839] [main/INFO] [net.minecraft.world.item.crafting.RecipeManager/]: Skipping loading recipe everycomp:abnww/ecologics/azalea_stairs_from_azalea_planks_sawing as it's serializer returned null
[26Feb2025 04:53:30.839] [main/INFO] [net.minecraft.world.item.crafting.RecipeManager/]: Skipping loading recipe everycomp:abnww/regions_unexplored/magnolia_stairs_from_magnolia_logs_sawing as it's serializer returned null
[26Feb2025 04:53:30.839] [main/INFO] [net.minecraft.world.item.crafting.RecipeManager/]: Skipping loading recipe everycomp:abnww/regions_unexplored/pine_fence_from_pine_logs_sawing as it's serializer returned null
[26Feb2025 04:53:30.840] [main/INFO] [net.minecraft.world.item.crafting.RecipeManager/]: Skipping loading recipe everycomp:abnww/biomemakeover/blighted_balsa_ladder_from_blighted_balsa_logs_sawing as it's serializer returned null
[26Feb2025 04:53:30.843] [main/INFO] [net.minecraft.world.item.crafting.RecipeManager/]: Skipping loading recipe everycomp:abnww/biomemakeover/blighted_balsa_door_from_blighted_balsa_logs_sawing as it's serializer returned null
[26Feb2025 04:53:30.843] [main/INFO] [net.minecraft.world.item.crafting.RecipeManager/]: Skipping loading recipe upgrade_aquatic:river_stairs_from_river_planks_sawing as it's serializer returned null
[26Feb2025 04:53:30.844] [main/INFO] [net.minecraft.world.item.crafting.RecipeManager/]: Skipping loading recipe everycomp:abnww/regions_unexplored/redwood_button_from_redwood_planks_sawing as it's serializer returned null
[26Feb2025 04:53:30.844] [main/INFO] [net.minecraft.world.item.crafting.RecipeManager/]: Skipping loading recipe everycomp:abnww/biomesoplenty/fir_ladder_from_fir_logs_sawing as it's serializer returned null
[26Feb2025 04:53:30.844] [main/INFO] [net.minecraft.world.item.crafting.RecipeManager/]: Skipping loading recipe everycomp:abnww/ecologics/coconut_slab_from_coconut_logs_sawing as it's serializer returned null
[26Feb2025 04:53:30.844] [main/INFO] [net.minecraft.world.item.crafting.RecipeManager/]: Skipping loading recipe everycomp:abnww/ecologics/flowering_azalea_ladder_from_flowering_azalea_planks_sawing as it's serializer returned null
[26Feb2025 04:53:30.845] [main/INFO] [net.minecraft.world.item.crafting.RecipeManager/]: Skipping loading recipe everycomp:abnww/ecologics/azalea_boards_from_azalea_logs_sawing as it's serializer returned null
[26Feb2025 04:53:30.848] [main/INFO] [net.minecraft.world.item.crafting.RecipeManager/]: Skipping loading recipe woodworks:oak_button_from_oak_planks_sawing as it's serializer returned null
[26Feb2025 04:53:30.848] [main/INFO] [net.minecraft.world.item.crafting.RecipeManager/]: Skipping loading recipe everycomp:abnww/biomesoplenty/jacaranda_ladder_from_jacaranda_logs_sawing as it's serializer returned null
[26Feb2025 04:53:30.851] [main/INFO] [net.minecraft.world.item.crafting.RecipeManager/]: Skipping loading recipe everycomp:abnww/biomemakeover/willow_boards_from_willow_logs_sawing as it's serializer returned null
[26Feb2025 04:53:30.851] [main/INFO] [net.minecraft.world.item.crafting.RecipeManager/]: Skipping loading recipe everycomp:abnww/regions_unexplored/larch_fence_gate_from_larch_logs_sawing as it's serializer returned null
[26Feb2025 04:53:30.851] [main/INFO] [net.minecraft.world.item.crafting.RecipeManager/]: Skipping loading recipe everycomp:abnww/regions_unexplored/blue_bioshroom_button_from_blue_bioshroom_planks_sawing as it's serializer returned null
[26Feb2025 04:53:30.851] [main/INFO] [net.minecraft.world.item.crafting.RecipeManager/]: Skipping loading recipe woodworks:spruce_fence_gate_from_spruce_logs_sawing as it's serializer returned null
[26Feb2025 04:53:30.853] [main/INFO] [net.minecraft.world.item.crafting.RecipeManager/]: Skipping loading recipe woodworks:birch_trapdoor_from_birch_logs_sawing as it's serializer returned null
[26Feb2025 04:53:30.856] [main/INFO] [net.minecraft.world.item.crafting.RecipeManager/]: Skipping loading recipe woodworks:jungle_boards_from_jungle_logs_sawing as it's serializer returned null
[26Feb2025 04:53:30.858] [main/INFO] [net.minecraft.world.item.crafting.RecipeManager/]: Skipping loading recipe everycomp:abnww/born_in_chaos_v1/scorched_ladder_from_scorched_planks_sawing as it's serializer returned null
[26Feb2025 04:53:30.858] [main/INFO] [net.minecraft.world.item.crafting.RecipeManager/]: Skipping loading recipe everycomp:abnww/regions_unexplored/blue_bioshroom_button_from_blue_bioshroom_logs_sawing as it's serializer returned null
[26Feb2025 04:53:30.858] [main/INFO] [net.minecraft.world.item.crafting.RecipeManager/]: Skipping loading recipe everycomp:abnww/palegardenbackport/pale_oak_boards_from_pale_oak_logs_sawing as it's serializer returned null
[26Feb2025 04:53:30.858] [main/ERROR] [net.minecraft.world.item.crafting.RecipeManager/]: Parsing error loading recipe shutter:azalea_quark_shutter: com.google.gson.JsonSyntaxException: Unknown item 'quark:azalea_planks_slab'
[26Feb2025 04:53:30.861] [main/INFO] [net.minecraft.world.item.crafting.RecipeManager/]: Skipping loading recipe woodworks:azalea_leaf_pile as it's serializer returned null
[26Feb2025 04:53:30.862] [main/INFO] [net.minecraft.world.item.crafting.RecipeManager/]: Skipping loading recipe everycomp:abnww/deeperdarker/echo_planks_from_echo_logs_sawing as it's serializer returned null
[26Feb2025 04:53:30.864] [main/INFO] [net.minecraft.world.item.crafting.RecipeManager/]: Skipping loading recipe everycomp:abnww/voidscape/thunder_ladder_from_thunder_planks_sawing as it's serializer returned null
[26Feb2025 04:53:30.864] [main/INFO] [net.minecraft.world.item.crafting.RecipeManager/]: Skipping loading recipe woodworks:crimson_ladder_from_crimson_planks_sawing as it's serializer returned null
[26Feb2025 04:53:30.864] [main/INFO] [net.minecraft.world.item.crafting.RecipeManager/]: Skipping loading recipe everycomp:abnww/biomesoplenty/fir_stairs_from_fir_planks_sawing as it's serializer returned null
[26Feb2025 04:53:30.864] [main/INFO] [net.minecraft.world.item.crafting.RecipeManager/]: Skipping loading recipe everycomp:abnww/regions_unexplored/palm_ladder_from_palm_planks_sawing as it's serializer returned null
[26Feb2025 04:53:30.865] [main/INFO] [net.minecraft.world.item.crafting.RecipeManager/]: Skipping loading recipe everycomp:abnww/biomemakeover/willow_fence_gate_from_willow_logs_sawing as it's serializer returned null
[26Feb2025 04:53:30.865] [main/INFO] [net.minecraft.world.item.crafting.RecipeManager/]: Skipping loading recipe everycomp:abnww/biomesoplenty/umbran_ladder_from_umbran_logs_sawing as it's serializer returned null
[26Feb2025 04:53:30.865] [main/INFO] [net.minecraft.world.item.crafting.RecipeManager/]: Skipping loading recipe everycomp:abnww/regions_unexplored/dead_fence_gate_from_dead_logs_sawing as it's serializer returned null
[26Feb2025 04:53:30.867] [main/INFO] [net.minecraft.world.item.crafting.RecipeManager/]: Skipping loading recipe everycomp:abnww/regions_unexplored/joshua_boards_from_joshua_planks_sawing as it's serializer returned null
[26Feb2025 04:53:30.867] [main/INFO] [net.minecraft.world.item.crafting.RecipeManager/]: Skipping loading recipe everycomp:abnww/regions_unexplored/brimwood_stairs_from_brimwood_logs_sawing as it's serializer returned null
[26Feb2025 04:53:30.869] [main/INFO] [net.minecraft.world.item.crafting.RecipeManager/]: Skipping loading recipe everycomp:abnww/valhelsia_structures/lapidified_jungle_button_from_lapidified_jungle_planks_sawing as it's serializer returned null
[26Feb2025 04:53:30.869] [main/INFO] [net.minecraft.world.item.crafting.RecipeManager/]: Skipping loading recipe everycomp:abnww/regions_unexplored/baobab_planks_from_baobab_logs_sawing as it's serializer returned null
[26Feb2025 04:53:30.869] [main/INFO] [net.minecraft.world.item.crafting.RecipeManager/]: Skipping loading recipe everycomp:abnww/regions_unexplored/redwood_fence_gate_from_redwood_logs_sawing as it's serializer returned null
[26Feb2025 04:53:30.869] [main/INFO] [net.minecraft.world.item.crafting.RecipeManager/]: Skipping loading recipe everycomp:abnww/netherexp/claret_boards_from_claret_logs_sawing as it's serializer returned null
[26Feb2025 04:53:30.870] [main/INFO] [net.minecraft.world.item.crafting.RecipeManager/]: Skipping loading recipe everycomp:abnww/biomesoplenty/redwood_boards_from_redwood_planks_sawing as it's serializer returned null
[26Feb2025 04:53:30.870] [main/INFO] [net.minecraft.world.item.crafting.RecipeManager/]: Skipping loading recipe everycomp:abnww/ecologics/coconut_pressure_plate_from_coconut_logs_sawing as it's serializer returned null
[26Feb2025 04:53:30.870] [main/INFO] [net.minecraft.world.item.crafting.RecipeManager/]: Skipping loading recipe woodworks:acacia_stairs_from_acacia_planks_sawing as it's serializer returned null
[26Feb2025 04:53:30.873] [main/INFO] [net.minecraft.world.item.crafting.RecipeManager/]: Skipping loading recipe everycomp:abnww/regions_unexplored/pink_bioshroom_fence_from_pink_bioshroom_planks_sawing as it's serializer returned null
[26Feb2025 04:53:30.877] [main/INFO] [net.minecraft.world.item.crafting.RecipeManager/]: Skipping loading recipe supplementaries:inspirations/flag_dye as it's serializer returned null
[26Feb2025 04:53:30.877] [main/INFO] [net.minecraft.world.item.crafting.RecipeManager/]: Skipping loading recipe everycomp:abnww/regions_unexplored/kapok_fence_gate_from_kapok_logs_sawing as it's serializer returned null
[26Feb2025 04:53:30.877] [main/INFO] [net.minecraft.world.item.crafting.RecipeManager/]: Skipping loading recipe everycomp:abnww/biomesoplenty/mahogany_sign_from_mahogany_logs_sawing as it's serializer returned null
[26Feb2025 04:53:30.877] [main/INFO] [net.minecraft.world.item.crafting.RecipeManager/]: Skipping loading recipe everycomp:abnww/regions_unexplored/green_bioshroom_fence_from_green_bioshroom_logs_sawing as it's serializer returned null
[26Feb2025 04:53:30.877] [main/INFO] [net.minecraft.world.item.crafting.RecipeManager/]: Skipping loading recipe everycomp:abnww/biomesoplenty/fir_fence_from_fir_planks_sawing as it's serializer returned null
[26Feb2025 04:53:30.877] [main/INFO] [net.minecraft.world.item.crafting.RecipeManager/]: Skipping loading recipe everycomp:abnww/deeperdarker/echo_slab_from_echo_logs_sawing as it's serializer returned null
[26Feb2025 04:53:30.878] [main/INFO] [net.minecraft.world.item.crafting.RecipeManager/]: Skipping loading recipe everycomp:abnww/biomemakeover/blighted_balsa_trapdoor_from_blighted_balsa_logs_sawing as it's serializer returned null
[26Feb2025 04:53:30.881] [main/INFO] [net.minecraft.world.item.crafting.RecipeManager/]: Skipping loading recipe everycomp:abnww/regions_unexplored/blackwood_ladder_from_blackwood_planks_sawing as it's serializer returned null
[26Feb2025 04:53:30.882] [main/INFO] [net.minecraft.world.item.crafting.RecipeManager/]: Skipping loading recipe everycomp:abnww/biomesoplenty/magic_planks_from_magic_logs_sawing as it's serializer returned null
[26Feb2025 04:53:30.884] [main/INFO] [net.minecraft.world.item.crafting.RecipeManager/]: Skipping loading recipe woodworks:spruce_planks_from_spruce_logs_sawing as it's serializer returned null
[26Feb2025 04:53:30.885] [main/INFO] [net.minecraft.world.item.crafting.RecipeManager/]: Skipping loading recipe everycomp:abnww/regions_unexplored/socotra_stairs_from_socotra_logs_sawing as it's serializer returned null
[26Feb2025 04:53:30.885] [main/INFO] [net.minecraft.world.item.crafting.RecipeManager/]: Skipping loading recipe everycomp:abnww/alexscaves/thornwood_slab_from_thornwood_logs_sawing as it's serializer returned null
[26Feb2025 04:53:30.885] [main/INFO] [net.minecraft.world.item.crafting.RecipeManager/]: Skipping loading recipe everycomp:abnww/alexscaves/thornwood_boards_from_thornwood_planks_sawing as it's serializer returned null
[26Feb2025 04:53:30.889] [main/INFO] [net.minecraft.world.item.crafting.RecipeManager/]: Skipping loading recipe everycomp:abnww/biomesoplenty/mahogany_slab_from_mahogany_logs_sawing as it's serializer returned null
[26Feb2025 04:53:30.889] [main/INFO] [net.minecraft.world.item.crafting.RecipeManager/]: Skipping loading recipe everycomp:abnww/biomesoplenty/willow_sign_from_willow_logs_sawing as it's serializer returned null
[26Feb2025 04:53:30.889] [main/INFO] [net.minecraft.world.item.crafting.RecipeManager/]: Skipping loading recipe everycomp:abnww/born_in_chaos_v1/scorched_fence_gate_from_scorched_logs_sawing as it's serializer returned null
[26Feb2025 04:53:30.890] [main/INFO] [net.minecraft.world.item.crafting.RecipeManager/]: Skipping loading recipe woodworks:cherry_fence_gate_from_cherry_logs_sawing as it's serializer returned null
[26Feb2025 04:53:30.890] [main/INFO] [net.minecraft.world.item.crafting.RecipeManager/]: Skipping loading recipe everycomp:abnww/regions_unexplored/redwood_fence_from_redwood_logs_sawing as it's serializer returned null
[26Feb2025 04:53:30.892] [main/INFO] [net.minecraft.world.item.crafting.RecipeManager/]: Skipping loading recipe everycomp:abnww/alexscaves/pewen_trapdoor_from_pewen_logs_sawing as it's serializer returned null
[26Feb2025 04:53:30.892] [main/INFO] [net.minecraft.world.item.crafting.RecipeManager/]: Skipping loading recipe everycomp:abnww/biomesoplenty/redwood_slab_from_redwood_planks_sawing as it's serializer returned null
[26Feb2025 04:53:30.894] [main/INFO] [net.minecraft.world.item.crafting.RecipeManager/]: Skipping loading recipe everycomp:abnww/regions_unexplored/pine_boards_from_pine_logs_sawing as it's serializer returned null
[26Feb2025 04:53:30.899] [main/INFO] [net.minecraft.world.item.crafting.RecipeManager/]: Skipping loading recipe everycomp:abnww/deeperdarker/echo_door_from_echo_logs_sawing as it's serializer returned null
[26Feb2025 04:53:30.899] [main/INFO] [net.minecraft.world.item.crafting.RecipeManager/]: Skipping loading recipe everycomp:abnww/born_in_chaos_v1/scorched_slab_from_scorched_logs_sawing as it's serializer returned null
[26Feb2025 04:53:30.899] [main/INFO] [net.minecraft.world.item.crafting.RecipeManager/]: Skipping loading recipe everycomp:abnww/undergarden/wigglewood_ladder_from_wigglewood_planks_sawing as it's serializer returned null
[26Feb2025 04:53:30.899] [main/INFO] [net.minecraft.world.item.crafting.RecipeManager/]: Skipping loading recipe everycomp:abnww/ecologics/azalea_door_from_azalea_logs_sawing as it's serializer returned null
[26Feb2025 04:53:30.899] [main/INFO] [net.minecraft.world.item.crafting.RecipeManager/]: Skipping loading recipe everycomp:abnww/regions_unexplored/kapok_stairs_from_kapok_logs_sawing as it's serializer returned null
[26Feb2025 04:53:30.900] [main/INFO] [net.minecraft.world.item.crafting.RecipeManager/]: Skipping loading recipe everycomp:abnww/regions_unexplored/magnolia_ladder_from_magnolia_logs_sawing as it's serializer returned null
[26Feb2025 04:53:30.903] [main/INFO] [net.minecraft.world.item.crafting.RecipeManager/]: Skipping loading recipe woodworks:jungle_ladder_from_jungle_logs_sawing as it's serializer returned null
[26Feb2025 04:53:30.903] [main/INFO] [net.minecraft.world.item.crafting.RecipeManager/]: Skipping loading recipe woodworks:dark_oak_ladder_from_dark_oak_logs_sawing as it's serializer returned null
[26Feb2025 04:53:30.907] [main/INFO] [net.minecraft.world.item.crafting.RecipeManager/]: Skipping loading recipe everycomp:abnww/biomesoplenty/magic_sign_from_magic_logs_sawing as it's serializer returned null
[26Feb2025 04:53:30.907] [main/INFO] [net.minecraft.world.item.crafting.RecipeManager/]: Skipping loading recipe everycomp:abnww/biomemakeover/ancient_oak_trapdoor_from_ancient_oak_logs_sawing as it's serializer returned null
[26Feb2025 04:53:30.907] [main/INFO] [net.minecraft.world.item.crafting.RecipeManager/]: Skipping loading recipe woodworks:spruce_boards_from_spruce_planks_sawing as it's serializer returned null
[26Feb2025 04:53:30.908] [main/INFO] [net.minecraft.world.item.crafting.RecipeManager/]: Skipping loading recipe everycomp:abnww/biomesoplenty/dead_stairs_from_dead_logs_sawing as it's serializer returned null
[26Feb2025 04:53:30.908] [main/INFO] [net.minecraft.world.item.crafting.RecipeManager/]: Skipping loading recipe everycomp:abnww/biomesoplenty/mahogany_button_from_mahogany_logs_sawing as it's serializer returned null
[26Feb2025 04:53:30.908] [main/ERROR] [net.minecraft.world.item.crafting.RecipeManager/]: Parsing error loading recipe alexsdelight:barbecue_on_a_stick: com.google.gson.JsonSyntaxException: Unknown item 'amfd:singular_cooked_moose_rib'
[26Feb2025 04:53:30.909] [main/INFO] [net.minecraft.world.item.crafting.RecipeManager/]: Skipping loading recipe everycomp:abnww/biomesoplenty/dead_fence_gate_from_dead_logs_sawing as it's serializer returned null
[26Feb2025 04:53:30.910] [main/INFO] [net.minecraft.world.item.crafting.RecipeManager/]: Skipping loading recipe woodworks:oak_pressure_plate_from_oak_logs_sawing as it's serializer returned null
[26Feb2025 04:53:30.910] [main/INFO] [net.minecraft.world.item.crafting.RecipeManager/]: Skipping loading recipe everycomp:abnww/regions_unexplored/mauve_sign_from_mauve_logs_sawing as it's serializer returned null
[26Feb2025 04:53:30.910] [main/INFO] [net.minecraft.world.item.crafting.RecipeManager/]: Skipping loading recipe everycomp:abnww/netherexp/claret_fence_from_claret_logs_sawing as it's serializer returned null
[26Feb2025 04:53:30.910] [main/INFO] [net.minecraft.world.item.crafting.RecipeManager/]: Skipping loading recipe everycomp:abnww/voidscape/thunder_ladder_from_thunder_logs_sawing as it's serializer returned null
[26Feb2025 04:53:30.911] [main/INFO] [net.minecraft.world.item.crafting.RecipeManager/]: Skipping loading recipe everycomp:abnww/betterarcheology/rotten_trapdoor_from_rotten_logs_sawing as it's serializer returned null
[26Feb2025 04:53:30.911] [main/INFO] [net.minecraft.world.item.crafting.RecipeManager/]: Skipping loading recipe everycomp:abnww/biomesoplenty/mahogany_planks_from_mahogany_logs_sawing as it's serializer returned null
[26Feb2025 04:53:30.911] [main/INFO] [net.minecraft.world.item.crafting.RecipeManager/]: Skipping loading recipe everycomp:abnww/biomesoplenty/umbran_slab_from_umbran_planks_sawing as it's serializer returned null
[26Feb2025 04:53:30.911] [main/INFO] [net.minecraft.world.item.crafting.RecipeManager/]: Skipping loading recipe everycomp:abnww/regions_unexplored/mauve_boards_from_mauve_logs_sawing as it's serializer returned null
[26Feb2025 04:53:30.912] [main/INFO] [net.minecraft.world.item.crafting.RecipeManager/]: Skipping loading recipe woodworks:oak_boards_from_oak_logs_sawing as it's serializer returned null
[26Feb2025 04:53:30.912] [main/INFO] [net.minecraft.world.item.crafting.RecipeManager/]: Skipping loading recipe everycomp:abnww/alexscaves/thornwood_ladder_from_thornwood_logs_sawing as it's serializer returned null
[26Feb2025 04:53:30.912] [main/INFO] [net.minecraft.world.item.crafting.RecipeManager/]: Skipping loading recipe woodworks:oak_ladder_from_oak_planks_sawing as it's serializer returned null
[26Feb2025 04:53:30.914] [main/INFO] [net.minecraft.world.item.crafting.RecipeManager/]: Skipping loading recipe everycomp:abnww/biomesoplenty/jacaranda_sign_from_jacaranda_logs_sawing as it's serializer returned null
[26Feb2025 04:53:30.914] [main/INFO] [net.minecraft.world.item.crafting.RecipeManager/]: Skipping loading recipe everycomp:abnww/regions_unexplored/green_bioshroom_ladder_from_green_bioshroom_planks_sawing as it's serializer returned null
[26Feb2025 04:53:30.914] [main/INFO] [net.minecraft.world.item.crafting.RecipeManager/]: Skipping loading recipe everycomp:abnww/regions_unexplored/green_bioshroom_stairs_from_green_bioshroom_logs_sawing as it's serializer returned null
[26Feb2025 04:53:30.918] [main/INFO] [net.minecraft.world.item.crafting.RecipeManager/]: Skipping loading recipe everycomp:abnww/regions_unexplored/maple_ladder_from_maple_logs_sawing as it's serializer returned null
[26Feb2025 04:53:30.919] [main/INFO] [net.minecraft.world.item.crafting.RecipeManager/]: Skipping loading recipe everycomp:abnww/biomesoplenty/palm_fence_from_palm_logs_sawing as it's serializer returned null
[26Feb2025 04:53:30.919] [main/INFO] [net.minecraft.world.item.crafting.RecipeManager/]: Skipping loading recipe everycomp:abnww/betterarcheology/rotten_planks_from_rotten_logs_sawing as it's serializer returned null
[26Feb2025 04:53:30.919] [main/INFO] [net.minecraft.world.item.crafting.RecipeManager/]: Skipping loading recipe everycomp:abnww/alexscaves/thornwood_slab_from_thornwood_planks_sawing as it's serializer returned null
[26Feb2025 04:53:30.919] [main/INFO] [net.minecraft.world.item.crafting.RecipeManager/]: Skipping loading recipe woodworks:jungle_ladder_from_jungle_planks_sawing as it's serializer returned null
[26Feb2025 04:53:30.922] [main/INFO] [net.minecraft.world.item.crafting.RecipeManager/]: Skipping loading recipe everycomp:abnww/regions_unexplored/blue_bioshroom_planks_from_blue_bioshroom_logs_sawing as it's serializer returned null
[26Feb2025 04:53:30.923] [main/INFO] [net.minecraft.world.item.crafting.RecipeManager/]: Skipping loading recipe everycomp:abnww/snifferplus/stone_pine_boards_from_stone_pine_logs_sawing as it's serializer returned null
[26Feb2025 04:53:30.925] [main/INFO] [net.minecraft.world.item.crafting.RecipeManager/]: Skipping loading recipe everycomp:abnww/regions_unexplored/willow_stairs_from_willow_logs_sawing as it's serializer returned null
[26Feb2025 04:53:30.925] [main/INFO] [net.minecraft.world.item.crafting.RecipeManager/]: Skipping loading recipe everycomp:abnww/regions_unexplored/green_bioshroom_planks_from_green_bioshroom_logs_sawing as it's serializer returned null
[26Feb2025 04:53:30.925] [main/INFO] [net.minecraft.world.item.crafting.RecipeManager/]: Skipping loading recipe everycomp:abnww/biomesoplenty/jacaranda_fence_from_jacaranda_planks_sawing as it's serializer returned null
[26Feb2025 04:53:30.928] [main/INFO] [net.minecraft.world.item.crafting.RecipeManager/]: Skipping loading recipe everycomp:abnww/alexscaves/pewen_ladder_from_pewen_planks_sawing as it's serializer returned null
[26Feb2025 04:53:30.928] [main/INFO] [net.minecraft.world.item.crafting.RecipeManager/]: Skipping loading recipe everycomp:abnww/regions_unexplored/cobalt_fence_from_cobalt_planks_sawing as it's serializer returned null
[26Feb2025 04:53:30.928] [main/INFO] [net.minecraft.world.item.crafting.RecipeManager/]: Skipping loading recipe everycomp:abnww/regions_unexplored/magnolia_pressure_plate_from_magnolia_logs_sawing as it's serializer returned null
[26Feb2025 04:53:30.929] [main/INFO] [net.minecraft.world.item.crafting.RecipeManager/]: Skipping loading recipe everycomp:abnww/regions_unexplored/redwood_boards_from_redwood_planks_sawing as it's serializer returned null
[26Feb2025 04:53:30.929] [main/INFO] [net.minecraft.world.item.crafting.RecipeManager/]: Skipping loading recipe everycomp:abnww/biomemakeover/swamp_cypress_button_from_swamp_cypress_planks_sawing as it's serializer returned null
[26Feb2025 04:53:30.929] [main/INFO] [net.minecraft.world.item.crafting.RecipeManager/]: Skipping loading recipe everycomp:abnww/alexscaves/pewen_planks_from_pewen_logs_sawing as it's serializer returned null
[26Feb2025 04:53:30.939] [main/INFO] [net.minecraft.world.item.crafting.RecipeManager/]: Skipping loading recipe everycomp:abnww/regions_unexplored/maple_slab_from_maple_planks_sawing as it's serializer returned null
[26Feb2025 04:53:30.939] [main/INFO] [net.minecraft.world.item.crafting.RecipeManager/]: Skipping loading recipe everycomp:abnww/deeperdarker/echo_stairs_from_echo_logs_sawing as it's serializer returned null
[26Feb2025 04:53:30.939] [main/INFO] [net.minecraft.world.item.crafting.RecipeManager/]: Skipping loading recipe everycomp:abnww/biomesoplenty/redwood_slab_from_redwood_logs_sawing as it's serializer returned null
[26Feb2025 04:53:30.940] [main/INFO] [net.minecraft.world.item.crafting.RecipeManager/]: Skipping loading recipe everycomp:abnww/biomesoplenty/jacaranda_fence_from_jacaranda_logs_sawing as it's serializer returned null
[26Feb2025 04:53:30.940] [main/INFO] [net.minecraft.world.item.crafting.RecipeManager/]: Skipping loading recipe everycomp:abnww/regions_unexplored/mauve_stairs_from_mauve_logs_sawing as it's serializer returned null
[26Feb2025 04:53:30.941] [main/INFO] [net.minecraft.world.item.crafting.RecipeManager/]: Skipping loading recipe everycomp:abnww/regions_unexplored/blue_bioshroom_stairs_from_blue_bioshroom_planks_sawing as it's serializer returned null
[26Feb2025 04:53:30.942] [main/INFO] [net.minecraft.world.item.crafting.RecipeManager/]: Skipping loading recipe everycomp:abnww/regions_unexplored/palm_ladder_from_palm_logs_sawing as it's serializer returned null
[26Feb2025 04:53:30.942] [main/INFO] [net.minecraft.world.item.crafting.RecipeManager/]: Skipping loading recipe everycomp:abnww/regions_unexplored/larch_sign_from_larch_logs_sawing as it's serializer returned null
[26Feb2025 04:53:30.947] [main/INFO] [net.minecraft.world.item.crafting.RecipeManager/]: Skipping loading recipe everycomp:abnww/biomemakeover/ancient_oak_ladder_from_ancient_oak_logs_sawing as it's serializer returned null
[26Feb2025 04:53:30.947] [main/INFO] [net.minecraft.world.item.crafting.RecipeManager/]: Skipping loading recipe everycomp:abnww/undergarden/grongle_stairs_from_grongle_logs_sawing as it's serializer returned null
[26Feb2025 04:53:30.957] [main/INFO] [net.minecraft.world.item.crafting.RecipeManager/]: Skipping loading recipe everycomp:abnww/ecologics/flowering_azalea_ladder_from_flowering_azalea_logs_sawing as it's serializer returned null
[26Feb2025 04:53:30.961] [main/INFO] [net.minecraft.world.item.crafting.RecipeManager/]: Skipping loading recipe everycomp:abnww/biomemakeover/swamp_cypress_fence_from_swamp_cypress_logs_sawing as it's serializer returned null
[26Feb2025 04:53:30.970] [main/INFO] [net.minecraft.world.item.crafting.RecipeManager/]: Skipping loading recipe everycomp:abnww/biomemakeover/swamp_cypress_pressure_plate_from_swamp_cypress_logs_sawing as it's serializer returned null
[26Feb2025 04:53:30.970] [main/INFO] [net.minecraft.world.item.crafting.RecipeManager/]: Skipping loading recipe woodworks:warped_slab_from_warped_stems_sawing as it's serializer returned null
[26Feb2025 04:53:30.974] [main/INFO] [net.minecraft.world.item.crafting.RecipeManager/]: Skipping loading recipe everycomp:abnww/biomemakeover/willow_pressure_plate_from_willow_logs_sawing as it's serializer returned null
[26Feb2025 04:53:30.975] [main/INFO] [net.minecraft.world.item.crafting.RecipeManager/]: Skipping loading recipe everycomp:abnww/undergarden/wigglewood_stairs_from_wigglewood_planks_sawing as it's serializer returned null
[26Feb2025 04:53:30.975] [main/ERROR] [net.minecraft.world.item.crafting.RecipeManager/]: Parsing error loading recipe legendary_monsters:ancient_dripstone_brick_stairs_left: com.google.gson.JsonSyntaxException: Unknown item 'legendary_monsters:ancient_dripstone_brick'
[26Feb2025 04:53:30.975] [main/INFO] [net.minecraft.world.item.crafting.RecipeManager/]: Skipping loading recipe everycomp:abnww/ecologics/flowering_azalea_fence_from_flowering_azalea_logs_sawing as it's serializer returned null
[26Feb2025 04:53:30.976] [main/INFO] [net.minecraft.world.item.crafting.RecipeManager/]: Skipping loading recipe everycomp:abnww/ecologics/flowering_azalea_fence_gate_from_flowering_azalea_logs_sawing as it's serializer returned null
[26Feb2025 04:53:30.976] [main/INFO] [net.minecraft.world.item.crafting.RecipeManager/]: Skipping loading recipe everycomp:abnww/regions_unexplored/cypress_sign_from_cypress_logs_sawing as it's serializer returned null
[26Feb2025 04:53:30.976] [main/INFO] [net.minecraft.world.item.crafting.RecipeManager/]: Skipping loading recipe everycomp:abnww/ecologics/azalea_sign_from_azalea_logs_sawing as it's serializer returned null
[26Feb2025 04:53:30.977] [main/INFO] [net.minecraft.world.item.crafting.RecipeManager/]: Skipping loading recipe everycomp:abnww/undergarden/grongle_boards_from_grongle_planks_sawing as it's serializer returned null
[26Feb2025 04:53:30.978] [main/INFO] [net.minecraft.world.item.crafting.RecipeManager/]: Skipping loading recipe woodworks:cherry_planks_from_cherry_logs_sawing as it's serializer returned null
[26Feb2025 04:53:30.978] [main/INFO] [net.minecraft.world.item.crafting.RecipeManager/]: Skipping loading recipe woodworks:acacia_pressure_plate_from_acacia_logs_sawing as it's serializer returned null
[26Feb2025 04:53:30.979] [main/INFO] [net.minecraft.world.item.crafting.RecipeManager/]: Skipping loading recipe everycomp:abnww/regions_unexplored/dead_slab_from_dead_logs_sawing as it's serializer returned null
[26Feb2025 04:53:30.979] [main/INFO] [net.minecraft.world.item.crafting.RecipeManager/]: Skipping loading recipe woodworks:warped_button_from_warped_stems_sawing as it's serializer returned null
[26Feb2025 04:53:30.979] [main/INFO] [net.minecraft.world.item.crafting.RecipeManager/]: Skipping loading recipe everycomp:abnww/biomesoplenty/hellbark_button_from_hellbark_logs_sawing as it's serializer returned null
[26Feb2025 04:53:30.979] [main/INFO] [net.minecraft.world.item.crafting.RecipeManager/]: Skipping loading recipe everycomp:abnww/regions_unexplored/cobalt_boards_from_cobalt_planks_sawing as it's serializer returned null
[26Feb2025 04:53:30.980] [main/INFO] [net.minecraft.world.item.crafting.RecipeManager/]: Skipping loading recipe woodworks:spruce_ladder_from_spruce_logs_sawing as it's serializer returned null
[26Feb2025 04:53:30.980] [main/INFO] [net.minecraft.world.item.crafting.RecipeManager/]: Skipping loading recipe everycomp:abnww/regions_unexplored/willow_fence_from_willow_planks_sawing as it's serializer returned null
[26Feb2025 04:53:30.982] [main/INFO] [net.minecraft.world.item.crafting.RecipeManager/]: Skipping loading recipe woodworks:jungle_stairs_from_jungle_planks_sawing as it's serializer returned null
[26Feb2025 04:53:30.982] [main/INFO] [net.minecraft.world.item.crafting.RecipeManager/]: Skipping loading recipe woodworks:flowering_azalea_leaves_from_leaf_piles as it's serializer returned null
[26Feb2025 04:53:30.983] [main/INFO] [net.minecraft.world.item.crafting.RecipeManager/]: Skipping loading recipe upgrade_aquatic:kelpy_cobblestone_tiles_from_kelpy_cobblestone_stonecutting as it's serializer returned null
[26Feb2025 04:53:30.985] [main/INFO] [net.minecraft.world.item.crafting.RecipeManager/]: Skipping loading recipe everycomp:abnww/snifferplus/stone_pine_button_from_stone_pine_planks_sawing as it's serializer returned null
[26Feb2025 04:53:30.985] [main/INFO] [net.minecraft.world.item.crafting.RecipeManager/]: Skipping loading recipe everycomp:abnww/biomesoplenty/redwood_pressure_plate_from_redwood_logs_sawing as it's serializer returned null
[26Feb2025 04:53:30.986] [main/INFO] [net.minecraft.world.item.crafting.RecipeManager/]: Skipping loading recipe woodworks:warped_planks_from_warped_stems_sawing as it's serializer returned null
[26Feb2025 04:53:30.986] [main/INFO] [net.minecraft.world.item.crafting.RecipeManager/]: Skipping loading recipe everycomp:abnww/alexscaves/pewen_button_from_pewen_planks_sawing as it's serializer returned null
[26Feb2025 04:53:30.986] [main/INFO] [net.minecraft.world.item.crafting.RecipeManager/]: Skipping loading recipe everycomp:abnww/biomesoplenty/fir_slab_from_fir_logs_sawing as it's serializer returned null
[26Feb2025 04:53:30.991] [main/INFO] [net.minecraft.world.item.crafting.RecipeManager/]: Skipping loading recipe everycomp:abnww/ecologics/coconut_ladder_from_coconut_planks_sawing as it's serializer returned null
[26Feb2025 04:53:30.993] [main/INFO] [net.minecraft.world.item.crafting.RecipeManager/]: Skipping loading recipe woodworks:crimson_slab_from_crimson_planks_sawing as it's serializer returned null
[26Feb2025 04:53:30.993] [main/INFO] [net.minecraft.world.item.crafting.RecipeManager/]: Skipping loading recipe everycomp:abnww/biomesoplenty/umbran_button_from_umbran_planks_sawing as it's serializer returned null
[26Feb2025 04:53:30.993] [main/INFO] [net.minecraft.world.item.crafting.RecipeManager/]: Skipping loading recipe everycomp:abnww/cataclysm/chorus_stairs_from_chorus_planks_sawing as it's serializer returned null
[26Feb2025 04:53:30.993] [main/INFO] [net.minecraft.world.item.crafting.RecipeManager/]: Skipping loading recipe everycomp:abnww/biomesoplenty/mahogany_boards_from_mahogany_planks_sawing as it's serializer returned null
[26Feb2025 04:53:30.997] [main/INFO] [net.minecraft.world.item.crafting.RecipeManager/]: Skipping loading recipe everycomp:abnww/ecologics/coconut_fence_from_coconut_planks_sawing as it's serializer returned null
[26Feb2025 04:53:31.000] [main/INFO] [net.minecraft.world.item.crafting.RecipeManager/]: Skipping loading recipe everycomp:abnww/ecologics/walnut_stairs_from_walnut_planks_sawing as it's serializer returned null
[26Feb2025 04:53:31.001] [main/INFO] [net.minecraft.world.item.crafting.RecipeManager/]: Skipping loading recipe everycomp:abnww/regions_unexplored/brimwood_ladder_from_brimwood_logs_sawing as it's serializer returned null
[26Feb2025 04:53:31.004] [main/INFO] [net.minecraft.world.item.crafting.RecipeManager/]: Skipping loading recipe everycomp:abnww/regions_unexplored/pink_bioshroom_boards_from_pink_bioshroom_logs_sawing as it's serializer returned null
[26Feb2025 04:53:31.004] [main/INFO] [net.minecraft.world.item.crafting.RecipeManager/]: Skipping loading recipe everycomp:abnww/undergarden/grongle_slab_from_grongle_planks_sawing as it's serializer returned null
[26Feb2025 04:53:31.004] [main/INFO] [net.minecraft.world.item.crafting.RecipeManager/]: Skipping loading recipe everycomp:abnww/regions_unexplored/kapok_button_from_kapok_logs_sawing as it's serializer returned null
[26Feb2025 04:53:31.004] [main/INFO] [net.minecraft.world.item.crafting.RecipeManager/]: Skipping loading recipe everycomp:abnww/biomesoplenty/jacaranda_fence_gate_from_jacaranda_logs_sawing as it's serializer returned null
[26Feb2025 04:53:31.004] [main/INFO] [net.minecraft.world.item.crafting.RecipeManager/]: Skipping loading recipe everycomp:abnww/regions_unexplored/blue_bioshroom_trapdoor_from_blue_bioshroom_logs_sawing as it's serializer returned null
[26Feb2025 04:53:31.005] [main/INFO] [net.minecraft.world.item.crafting.RecipeManager/]: Skipping loading recipe woodworks:mangrove_planks_from_mangrove_logs_sawing as it's serializer returned null
[26Feb2025 04:53:31.005] [main/INFO] [net.minecraft.world.item.crafting.RecipeManager/]: Skipping loading recipe everycomp:abnww/regions_unexplored/alpha_planks_from_alpha_logs_sawing as it's serializer returned null
[26Feb2025 04:53:31.005] [main/ERROR] [net.minecraft.world.item.crafting.RecipeManager/]: Parsing error loading recipe legendary_monsters:dinosaur_bone_meal: com.google.gson.JsonSyntaxException: Unknown item 'legendary_monsters:dinosaur_bone_meal'
[26Feb2025 04:53:31.009] [main/INFO] [net.minecraft.world.item.crafting.RecipeManager/]: Skipping loading recipe woodworks:crimson_button_from_crimson_stems_sawing as it's serializer returned null
[26Feb2025 04:53:31.011] [main/INFO] [net.minecraft.world.item.crafting.RecipeManager/]: Skipping loading recipe everycomp:abnww/regions_unexplored/pine_planks_from_pine_logs_sawing as it's serializer returned null
[26Feb2025 04:53:31.015] [main/INFO] [net.minecraft.world.item.crafting.RecipeManager/]: Skipping loading recipe everycomp:abnww/born_in_chaos_v1/scorched_button_from_scorched_planks_sawing as it's serializer returned null
[26Feb2025 04:53:31.017] [main/INFO] [net.minecraft.world.item.crafting.RecipeManager/]: Skipping loading recipe everycomp:abnww/regions_unexplored/cobalt_ladder_from_cobalt_logs_sawing as it's serializer returned null
[26Feb2025 04:53:31.018] [main/INFO] [net.minecraft.world.item.crafting.RecipeManager/]: Skipping loading recipe everycomp:abnww/biomesoplenty/willow_pressure_plate_from_willow_logs_sawing as it's serializer returned null
[26Feb2025 04:53:31.018] [main/INFO] [net.minecraft.world.item.crafting.RecipeManager/]: Skipping loading recipe everycomp:abnww/cataclysm/chorus_ladder_from_chorus_logs_sawing as it's serializer returned null
[26Feb2025 04:53:31.018] [main/INFO] [net.minecraft.world.item.crafting.RecipeManager/]: Skipping loading recipe everycomp:abnww/regions_unexplored/kapok_pressure_plate_from_kapok_logs_sawing as it's serializer returned null
[26Feb2025 04:53:31.018] [main/INFO] [net.minecraft.world.item.crafting.RecipeManager/]: Skipping loading recipe everycomp:abnww/biomesoplenty/mahogany_boards_from_mahogany_logs_sawing as it's serializer returned null
[26Feb2025 04:53:31.019] [main/INFO] [net.minecraft.world.item.crafting.RecipeManager/]: Skipping loading recipe woodworks:crimson_beehive as it's serializer returned null
[26Feb2025 04:53:31.020] [main/INFO] [net.minecraft.world.item.crafting.RecipeManager/]: Skipping loading recipe upgrade_aquatic:river_beehive as it's serializer returned null
[26Feb2025 04:53:31.021] [main/INFO] [net.minecraft.world.item.crafting.RecipeManager/]: Skipping loading recipe everycomp:abnww/biomesoplenty/umbran_planks_from_umbran_logs_sawing as it's serializer returned null
[26Feb2025 04:53:31.021] [main/INFO] [net.minecraft.world.item.crafting.RecipeManager/]: Skipping loading recipe everycomp:abnww/regions_unexplored/socotra_button_from_socotra_logs_sawing as it's serializer returned null
[26Feb2025 04:53:31.021] [main/INFO] [net.minecraft.world.item.crafting.RecipeManager/]: Skipping loading recipe everycomp:abnww/regions_unexplored/palm_fence_gate_from_palm_logs_sawing as it's serializer returned null
[26Feb2025 04:53:31.021] [main/INFO] [net.minecraft.world.item.crafting.RecipeManager/]: Skipping loading recipe woodworks:jungle_boards_from_jungle_planks_sawing as it's serializer returned null
[26Feb2025 04:53:31.022] [main/INFO] [net.minecraft.world.item.crafting.RecipeManager/]: Skipping loading recipe everycomp:abnww/regions_unexplored/baobab_ladder_from_baobab_logs_sawing as it's serializer returned null
[26Feb2025 04:53:31.024] [main/INFO] [net.minecraft.world.item.crafting.RecipeManager/]: Skipping loading recipe everycomp:abnww/biomesoplenty/palm_sign_from_palm_logs_sawing as it's serializer returned null
[26Feb2025 04:53:31.024] [main/INFO] [net.minecraft.world.item.crafting.RecipeManager/]: Skipping loading recipe everycomp:abnww/regions_unexplored/cobalt_button_from_cobalt_logs_sawing as it's serializer returned null
[26Feb2025 04:53:31.026] [main/INFO] [net.minecraft.world.item.crafting.RecipeManager/]: Skipping loading recipe everycomp:abnww/biomemakeover/ancient_oak_fence_from_ancient_oak_logs_sawing as it's serializer returned null
[26Feb2025 04:53:31.026] [main/INFO] [net.minecraft.world.item.crafting.RecipeManager/]: Skipping loading recipe everycomp:abnww/alexscaves/thornwood_sign_from_thornwood_logs_sawing as it's serializer returned null
[26Feb2025 04:53:31.026] [main/INFO] [net.minecraft.world.item.crafting.RecipeManager/]: Skipping loading recipe everycomp:abnww/regions_unexplored/cypress_boards_from_cypress_logs_sawing as it's serializer returned null
[26Feb2025 04:53:31.028] [main/INFO] [net.minecraft.world.item.crafting.RecipeManager/]: Skipping loading recipe everycomp:abnww/betterarcheology/rotten_boards_from_rotten_logs_sawing as it's serializer returned null
[26Feb2025 04:53:31.029] [main/INFO] [net.minecraft.world.item.crafting.RecipeManager/]: Skipping loading recipe everycomp:abnww/regions_unexplored/yellow_bioshroom_boards_from_yellow_bioshroom_planks_sawing as it's serializer returned null
[26Feb2025 04:53:31.031] [main/INFO] [net.minecraft.world.item.crafting.RecipeManager/]: Skipping loading recipe everycomp:abnww/deeperdarker/echo_button_from_echo_planks_sawing as it's serializer returned null
[26Feb2025 04:53:31.031] [main/ERROR] [net.minecraft.world.item.crafting.RecipeManager/]: Parsing error loading recipe shutter:wisteria_shutter: com.google.gson.JsonSyntaxException: Unknown item 'environmental:wisteria_slab'
[26Feb2025 04:53:31.031] [main/INFO] [net.minecraft.world.item.crafting.RecipeManager/]: Skipping loading recipe everycomp:abnww/biomemakeover/willow_door_from_willow_logs_sawing as it's serializer returned null
[26Feb2025 04:53:31.031] [main/INFO] [net.minecraft.world.item.crafting.RecipeManager/]: Skipping loading recipe everycomp:abnww/regions_unexplored/eucalyptus_button_from_eucalyptus_logs_sawing as it's serializer returned null
[26Feb2025 04:53:31.032] [main/INFO] [net.minecraft.world.item.crafting.RecipeManager/]: Skipping loading recipe everycomp:abnww/ecologics/walnut_sign_from_walnut_logs_sawing as it's serializer returned null
[26Feb2025 04:53:31.032] [main/INFO] [net.minecraft.world.item.crafting.RecipeManager/]: Skipping loading recipe everycomp:abnww/biomesoplenty/hellbark_fence_from_hellbark_logs_sawing as it's serializer returned null
[26Feb2025 04:53:31.034] [main/INFO] [net.minecraft.world.item.crafting.RecipeManager/]: Skipping loading recipe everycomp:abnww/biomesoplenty/palm_stairs_from_palm_logs_sawing as it's serializer returned null
[26Feb2025 04:53:31.034] [main/INFO] [net.minecraft.world.item.crafting.RecipeManager/]: Skipping loading recipe woodworks:jungle_leaf_pile as it's serializer returned null
[26Feb2025 04:53:31.034] [main/INFO] [net.minecraft.world.item.crafting.RecipeManager/]: Skipping loading recipe woodworks:dark_oak_leaf_pile as it's serializer returned null
[26Feb2025 04:53:31.034] [main/INFO] [net.minecraft.world.item.crafting.RecipeManager/]: Skipping loading recipe everycomp:abnww/netherexp/claret_button_from_claret_planks_sawing as it's serializer returned null
[26Feb2025 04:53:31.034] [main/INFO] [net.minecraft.world.item.crafting.RecipeManager/]: Skipping loading recipe everycomp:abnww/betterarcheology/rotten_stairs_from_rotten_logs_sawing as it's serializer returned null
[26Feb2025 04:53:31.034] [main/INFO] [net.minecraft.world.item.crafting.RecipeManager/]: Skipping loading recipe everycomp:abnww/palegardenbackport/pale_oak_boards_from_pale_oak_planks_sawing as it's serializer returned null
[26Feb2025 04:53:31.034] [main/INFO] [net.minecraft.world.item.crafting.RecipeManager/]: Skipping loading recipe everycomp:abnww/born_in_chaos_v1/scorched_stairs_from_scorched_planks_sawing as it's serializer returned null
[26Feb2025 04:53:31.035] [main/INFO] [net.minecraft.world.item.crafting.RecipeManager/]: Skipping loading recipe everycomp:abnww/regions_unexplored/socotra_trapdoor_from_socotra_logs_sawing as it's serializer returned null
[26Feb2025 04:53:31.035] [main/INFO] [net.minecraft.world.item.crafting.RecipeManager/]: Skipping loading recipe everycomp:abnww/regions_unexplored/redwood_boards_from_redwood_logs_sawing as it's serializer returned null
[26Feb2025 04:53:31.035] [main/INFO] [net.minecraft.world.item.crafting.RecipeManager/]: Skipping loading recipe everycomp:abnww/biomesoplenty/mahogany_trapdoor_from_mahogany_logs_sawing as it's serializer returned null
[26Feb2025 04:53:31.035] [main/INFO] [net.minecraft.world.item.crafting.RecipeManager/]: Skipping loading recipe upgrade_aquatic:driftwood_button_from_driftwood_planks_sawing as it's serializer returned null
[26Feb2025 04:53:31.037] [main/INFO] [net.minecraft.world.item.crafting.RecipeManager/]: Skipping loading recipe everycomp:abnww/cataclysm/chorus_ladder_from_chorus_planks_sawing as it's serializer returned null
[26Feb2025 04:53:31.039] [main/INFO] [net.minecraft.world.item.crafting.RecipeManager/]: Skipping loading recipe everycomp:abnww/regions_unexplored/pink_bioshroom_button_from_pink_bioshroom_logs_sawing as it's serializer returned null
[26Feb2025 04:53:31.043] [main/INFO] [net.minecraft.world.item.crafting.RecipeManager/]: Skipping loading recipe everycomp:abnww/ecologics/flowering_azalea_stairs_from_flowering_azalea_logs_sawing as it's serializer returned null
[26Feb2025 04:53:31.043] [main/INFO] [net.minecraft.world.item.crafting.RecipeManager/]: Skipping loading recipe everycomp:abnww/regions_unexplored/magnolia_fence_gate_from_magnolia_logs_sawing as it's serializer returned null
[26Feb2025 04:53:31.043] [main/INFO] [net.minecraft.world.item.crafting.RecipeManager/]: Skipping loading recipe everycomp:abnww/netherexp/claret_planks_from_claret_logs_sawing as it's serializer returned null
[26Feb2025 04:53:31.043] [main/INFO] [net.minecraft.world.item.crafting.RecipeManager/]: Skipping loading recipe everycomp:abnww/regions_unexplored/pine_fence_gate_from_pine_logs_sawing as it's serializer returned null
[26Feb2025 04:53:31.052] [main/INFO] [net.minecraft.world.item.crafting.RecipeManager/]: Skipping loading recipe everycomp:abnww/regions_unexplored/palm_stairs_from_palm_planks_sawing as it's serializer returned null
[26Feb2025 04:53:31.055] [main/INFO] [net.minecraft.world.item.crafting.RecipeManager/]: Skipping loading recipe upgrade_aquatic:kelpy_cobblestone_tile_wall_from_kelpy_cobblestone_bricks_stonecutting as it's serializer returned null
[26Feb2025 04:53:31.055] [main/INFO] [net.minecraft.world.item.crafting.RecipeManager/]: Skipping loading recipe everycomp:abnww/biomesoplenty/willow_trapdoor_from_willow_logs_sawing as it's serializer returned null
[26Feb2025 04:53:31.055] [main/INFO] [net.minecraft.world.item.crafting.RecipeManager/]: Skipping loading recipe everycomp:abnww/regions_unexplored/cypress_fence_gate_from_cypress_logs_sawing as it's serializer returned null
[26Feb2025 04:53:31.055] [main/INFO] [net.minecraft.world.item.crafting.RecipeManager/]: Skipping loading recipe everycomp:abnww/betterarcheology/rotten_fence_from_rotten_planks_sawing as it's serializer returned null
[26Feb2025 04:53:31.055] [main/INFO] [net.minecraft.world.item.crafting.RecipeManager/]: Skipping loading recipe everycomp:abnww/palegardenbackport/pale_oak_ladder_from_pale_oak_planks_sawing as it's serializer returned null
[26Feb2025 04:53:31.055] [main/INFO] [net.minecraft.world.item.crafting.RecipeManager/]: Skipping loading recipe everycomp:abnww/valhelsia_structures/lapidified_jungle_slab_from_lapidified_jungle_planks_sawing as it's serializer returned null
[26Feb2025 04:53:31.056] [main/INFO] [net.minecraft.world.item.crafting.RecipeManager/]: Skipping loading recipe woodworks:dark_oak_slab_from_dark_oak_logs_sawing as it's serializer returned null
[26Feb2025 04:53:31.056] [main/INFO] [net.minecraft.world.item.crafting.RecipeManager/]: Skipping loading recipe everycomp:abnww/biomesoplenty/jacaranda_button_from_jacaranda_planks_sawing as it's serializer returned null
[26Feb2025 04:53:31.058] [main/INFO] [net.minecraft.world.item.crafting.RecipeManager/]: Skipping loading recipe everycomp:abnww/alexscaves/pewen_fence_from_pewen_planks_sawing as it's serializer returned null
[26Feb2025 04:53:31.058] [main/INFO] [net.minecraft.world.item.crafting.RecipeManager/]: Skipping loading recipe everycomp:abnww/regions_unexplored/redwood_ladder_from_redwood_logs_sawing as it's serializer returned null
[26Feb2025 04:53:31.058] [main/INFO] [net.minecraft.world.item.crafting.RecipeManager/]: Skipping loading recipe everycomp:abnww/undergarden/grongle_button_from_grongle_planks_sawing as it's serializer returned null
[26Feb2025 04:53:31.058] [main/INFO] [net.minecraft.world.item.crafting.RecipeManager/]: Skipping loading recipe everycomp:abnww/regions_unexplored/cypress_trapdoor_from_cypress_logs_sawing as it's serializer returned null
[26Feb2025 04:53:31.058] [main/INFO] [net.minecraft.world.item.crafting.RecipeManager/]: Skipping loading recipe everycomp:abnww/regions_unexplored/pink_bioshroom_ladder_from_pink_bioshroom_logs_sawing as it's serializer returned null
[26Feb2025 04:53:31.061] [main/INFO] [net.minecraft.world.item.crafting.RecipeManager/]: Skipping loading recipe everycomp:abnww/ecologics/azalea_ladder_from_azalea_planks_sawing as it's serializer returned null
[26Feb2025 04:53:31.061] [main/INFO] [net.minecraft.world.item.crafting.RecipeManager/]: Skipping loading recipe everycomp:abnww/biomemakeover/ancient_oak_stairs_from_ancient_oak_planks_sawing as it's serializer returned null
[26Feb2025 04:53:31.061] [main/INFO] [net.minecraft.world.item.crafting.RecipeManager/]: Skipping loading recipe everycomp:abnww/regions_unexplored/blackwood_fence_gate_from_blackwood_logs_sawing as it's serializer returned null
[26Feb2025 04:53:31.061] [main/INFO] [net.minecraft.world.item.crafting.RecipeManager/]: Skipping loading recipe everycomp:abnww/deeperdarker/echo_fence_from_echo_logs_sawing as it's serializer returned null
[26Feb2025 04:53:31.061] [main/INFO] [net.minecraft.world.item.crafting.RecipeManager/]: Skipping loading recipe everycomp:abnww/valhelsia_structures/lapidified_jungle_fence_gate_from_lapidified_jungle_logs_sawing as it's serializer returned null
[26Feb2025 04:53:31.061] [main/INFO] [net.minecraft.world.item.crafting.RecipeManager/]: Skipping loading recipe everycomp:abnww/regions_unexplored/pink_bioshroom_ladder_from_pink_bioshroom_planks_sawing as it's serializer returned null
[26Feb2025 04:53:31.063] [main/INFO] [net.minecraft.world.item.crafting.RecipeManager/]: Skipping loading recipe everycomp:abnww/snifferplus/stone_pine_boards_from_stone_pine_planks_sawing as it's serializer returned null
[26Feb2025 04:53:31.063] [main/INFO] [net.minecraft.world.item.crafting.RecipeManager/]: Skipping loading recipe everycomp:abnww/biomesoplenty/hellbark_slab_from_hellbark_planks_sawing as it's serializer returned null
[26Feb2025 04:53:31.065] [main/INFO] [net.minecraft.world.item.crafting.RecipeManager/]: Skipping loading recipe everycomp:abnww/regions_unexplored/kapok_fence_from_kapok_logs_sawing as it's serializer returned null
[26Feb2025 04:53:31.065] [main/INFO] [net.minecraft.world.item.crafting.RecipeManager/]: Skipping loading recipe upgrade_aquatic:river_slab_from_river_planks_sawing as it's serializer returned null
[26Feb2025 04:53:31.065] [main/INFO] [net.minecraft.world.item.crafting.RecipeManager/]: Skipping loading recipe woodworks:spruce_button_from_spruce_planks_sawing as it's serializer returned null
[26Feb2025 04:53:31.066] [main/INFO] [net.minecraft.world.item.crafting.RecipeManager/]: Skipping loading recipe everycomp:abnww/regions_unexplored/kapok_sign_from_kapok_logs_sawing as it's serializer returned null
[26Feb2025 04:53:31.066] [main/INFO] [net.minecraft.world.item.crafting.RecipeManager/]: Skipping loading recipe everycomp:abnww/undergarden/smogstem_fence_from_smogstem_logs_sawing as it's serializer returned null
[26Feb2025 04:53:31.068] [main/INFO] [net.minecraft.world.item.crafting.RecipeManager/]: Skipping loading recipe everycomp:abnww/ecologics/walnut_ladder_from_walnut_planks_sawing as it's serializer returned null
[26Feb2025 04:53:31.068] [main/INFO] [net.minecraft.world.item.crafting.RecipeManager/]: Skipping loading recipe everycomp:abnww/regions_unexplored/pine_button_from_pine_logs_sawing as it's serializer returned null
[26Feb2025 04:53:31.068] [main/INFO] [net.minecraft.world.item.crafting.RecipeManager/]: Skipping loading recipe everycomp:abnww/regions_unexplored/green_bioshroom_pressure_plate_from_green_bioshroom_logs_sawing as it's serializer returned null
[26Feb2025 04:53:31.068] [main/INFO] [net.minecraft.world.item.crafting.RecipeManager/]: Skipping loading recipe everycomp:abnww/regions_unexplored/cypress_pressure_plate_from_cypress_logs_sawing as it's serializer returned null
[26Feb2025 04:53:31.068] [main/INFO] [net.minecraft.world.item.crafting.RecipeManager/]: Skipping loading recipe everycomp:abnww/biomesoplenty/hellbark_stairs_from_hellbark_planks_sawing as it's serializer returned null
[26Feb2025 04:53:31.068] [main/INFO] [net.minecraft.world.item.crafting.RecipeManager/]: Skipping loading recipe everycomp:abnww/biomesoplenty/redwood_stairs_from_redwood_planks_sawing as it's serializer returned null
[26Feb2025 04:53:31.069] [main/INFO] [net.minecraft.world.item.crafting.RecipeManager/]: Skipping loading recipe upgrade_aquatic:driftwood_ladder_from_driftwood_logs_sawing as it's serializer returned null
[26Feb2025 04:53:31.069] [main/INFO] [net.minecraft.world.item.crafting.RecipeManager/]: Skipping loading recipe everycomp:abnww/regions_unexplored/magnolia_boards_from_magnolia_planks_sawing as it's serializer returned null
[26Feb2025 04:53:31.069] [main/INFO] [net.minecraft.world.item.crafting.RecipeManager/]: Skipping loading recipe everycomp:abnww/biomesoplenty/redwood_button_from_redwood_planks_sawing as it's serializer returned null
[26Feb2025 04:53:31.071] [main/INFO] [net.minecraft.world.item.crafting.RecipeManager/]: Skipping loading recipe woodworks:mangrove_slab_from_mangrove_logs_sawing as it's serializer returned null
[26Feb2025 04:53:31.071] [main/INFO] [net.minecraft.world.item.crafting.RecipeManager/]: Skipping loading recipe everycomp:abnww/biomesoplenty/willow_slab_from_willow_planks_sawing as it's serializer returned null
[26Feb2025 04:53:31.071] [main/INFO] [net.minecraft.world.item.crafting.RecipeManager/]: Skipping loading recipe woodworks:jungle_stairs_from_jungle_logs_sawing as it's serializer returned null
[26Feb2025 04:53:31.072] [main/INFO] [net.minecraft.world.item.crafting.RecipeManager/]: Skipping loading recipe everycomp:abnww/biomesoplenty/jacaranda_trapdoor_from_jacaranda_logs_sawing as it's serializer returned null
[26Feb2025 04:53:31.072] [main/INFO] [net.minecraft.world.item.crafting.RecipeManager/]: Skipping loading recipe everycomp:abnww/biomesoplenty/hellbark_button_from_hellbark_planks_sawing as it's serializer returned null
[26Feb2025 04:53:31.072] [main/INFO] [net.minecraft.world.item.crafting.RecipeManager/]: Skipping loading recipe everycomp:abnww/biomemakeover/swamp_cypress_ladder_from_swamp_cypress_planks_sawing as it's serializer returned null
[26Feb2025 04:53:31.072] [main/INFO] [net.minecraft.world.item.crafting.RecipeManager/]: Skipping loading recipe upgrade_aquatic:kelpy_cobblestone_brick_slab as it's serializer returned null
[26Feb2025 04:53:31.074] [main/INFO] [net.minecraft.world.item.crafting.RecipeManager/]: Skipping loading recipe everycomp:abnww/valhelsia_structures/lapidified_jungle_fence_from_lapidified_jungle_logs_sawing as it's serializer returned null
[26Feb2025 04:53:31.074] [main/INFO] [net.minecraft.world.item.crafting.RecipeManager/]: Skipping loading recipe everycomp:abnww/regions_unexplored/socotra_door_from_socotra_logs_sawing as it's serializer returned null
[26Feb2025 04:53:31.074] [main/INFO] [net.minecraft.world.item.crafting.RecipeManager/]: Skipping loading recipe everycomp:abnww/regions_unexplored/larch_stairs_from_larch_planks_sawing as it's serializer returned null
[26Feb2025 04:53:31.074] [main/INFO] [net.minecraft.world.item.crafting.RecipeManager/]: Skipping loading recipe woodworks:mangrove_fence_from_mangrove_planks_sawing as it's serializer returned null
[26Feb2025 04:53:31.075] [main/INFO] [net.minecraft.world.item.crafting.RecipeManager/]: Skipping loading recipe woodworks:warped_stairs_from_warped_planks_sawing as it's serializer returned null
[26Feb2025 04:53:31.075] [main/INFO] [net.minecraft.world.item.crafting.RecipeManager/]: Skipping loading recipe everycomp:abnww/ecologics/walnut_pressure_plate_from_walnut_logs_sawing as it's serializer returned null
[26Feb2025 04:53:31.075] [main/INFO] [net.minecraft.world.item.crafting.RecipeManager/]: Skipping loading recipe everycomp:abnww/regions_unexplored/mauve_fence_gate_from_mauve_logs_sawing as it's serializer returned null
[26Feb2025 04:53:31.075] [main/INFO] [net.minecraft.world.item.crafting.RecipeManager/]: Skipping loading recipe everycomp:abnww/snifferplus/stone_pine_fence_from_stone_pine_logs_sawing as it's serializer returned null
[26Feb2025 04:53:31.075] [main/INFO] [net.minecraft.world.item.crafting.RecipeManager/]: Skipping loading recipe woodworks:mangrove_fence_gate_from_mangrove_logs_sawing as it's serializer returned null
[26Feb2025 04:53:31.080] [main/INFO] [net.minecraft.world.item.crafting.RecipeManager/]: Skipping loading recipe everycomp:abnww/biomesoplenty/magic_boards_from_magic_planks_sawing as it's serializer returned null
[26Feb2025 04:53:31.084] [main/INFO] [net.minecraft.world.item.crafting.RecipeManager/]: Skipping loading recipe everycomp:abnww/regions_unexplored/willow_slab_from_willow_planks_sawing as it's serializer returned null
[26Feb2025 04:53:31.084] [main/INFO] [net.minecraft.world.item.crafting.RecipeManager/]: Skipping loading recipe everycomp:abnww/regions_unexplored/redwood_stairs_from_redwood_planks_sawing as it's serializer returned null
[26Feb2025 04:53:31.084] [main/INFO] [net.minecraft.world.item.crafting.RecipeManager/]: Skipping loading recipe woodworks:dark_oak_leaves_from_leaf_piles as it's serializer returned null
[26Feb2025 04:53:31.089] [main/INFO] [net.minecraft.world.item.crafting.RecipeManager/]: Skipping loading recipe everycomp:abnww/biomemakeover/blighted_balsa_stairs_from_blighted_balsa_logs_sawing as it's serializer returned null
[26Feb2025 04:53:31.089] [main/INFO] [net.minecraft.world.item.crafting.RecipeManager/]: Skipping loading recipe everycomp:abnww/biomesoplenty/dead_planks_from_dead_logs_sawing as it's serializer returned null
[26Feb2025 04:53:31.089] [main/INFO] [net.minecraft.world.item.crafting.RecipeManager/]: Skipping loading recipe woodworks:birch_fence_from_birch_planks_sawing as it's serializer returned null
[26Feb2025 04:53:31.089] [main/INFO] [net.minecraft.world.item.crafting.RecipeManager/]: Skipping loading recipe everycomp:abnww/regions_unexplored/dead_door_from_dead_logs_sawing as it's serializer returned null
[26Feb2025 04:53:31.089] [main/INFO] [net.minecraft.world.item.crafting.RecipeManager/]: Skipping loading recipe everycomp:abnww/voidscape/thunder_stairs_from_thunder_planks_sawing as it's serializer returned null
[26Feb2025 04:53:31.090] [main/INFO] [net.minecraft.world.item.crafting.RecipeManager/]: Skipping loading recipe everycomp:abnww/undergarden/grongle_fence_from_grongle_planks_sawing as it's serializer returned null
[26Feb2025 04:53:31.090] [main/INFO] [net.minecraft.world.item.crafting.RecipeManager/]: Skipping loading recipe woodworks:spruce_door_from_spruce_logs_sawing as it's serializer returned null
[26Feb2025 04:53:31.092] [main/INFO] [net.minecraft.world.item.crafting.RecipeManager/]: Skipping loading recipe everycomp:abnww/biomesoplenty/dead_fence_from_dead_logs_sawing as it's serializer returned null
[26Feb2025 04:53:31.092] [main/INFO] [net.minecraft.world.item.crafting.RecipeManager/]: Skipping loading recipe everycomp:abnww/palegardenbackport/pale_oak_planks_from_pale_oak_logs_sawing as it's serializer returned null
[26Feb2025 04:53:31.092] [main/INFO] [net.minecraft.world.item.crafting.RecipeManager/]: Skipping loading recipe woodworks:acacia_boards_from_acacia_planks_sawing as it's serializer returned null
[26Feb2025 04:53:31.092] [main/INFO] [net.minecraft.world.item.crafting.RecipeManager/]: Skipping loading recipe everycomp:abnww/biomesoplenty/willow_door_from_willow_logs_sawing as it's serializer returned null
[26Feb2025 04:53:31.092] [main/INFO] [net.minecraft.world.item.crafting.RecipeManager/]: Skipping loading recipe everycomp:abnww/biomesoplenty/palm_slab_from_palm_logs_sawing as it's serializer returned null
[26Feb2025 04:53:31.092] [main/INFO] [net.minecraft.world.item.crafting.RecipeManager/]: Skipping loading recipe woodworks:spruce_ladder_from_spruce_planks_sawing as it's serializer returned null
[26Feb2025 04:53:31.092] [main/INFO] [net.minecraft.world.item.crafting.RecipeManager/]: Skipping loading recipe everycomp:abnww/regions_unexplored/blackwood_stairs_from_blackwood_planks_sawing as it's serializer returned null
[26Feb2025 04:53:31.092] [main/INFO] [net.minecraft.world.item.crafting.RecipeManager/]: Skipping loading recipe upgrade_aquatic:kelpy_cobblestone_tile_stairs_from_kelpy_cobblestone_bricks_stonecutting as it's serializer returned null
[26Feb2025 04:53:31.093] [main/INFO] [net.minecraft.world.item.crafting.RecipeManager/]: Skipping loading recipe everycomp:abnww/regions_unexplored/baobab_trapdoor_from_baobab_logs_sawing as it's serializer returned null
[26Feb2025 04:53:31.093] [main/ERROR] [net.minecraft.world.item.crafting.RecipeManager/]: Parsing error loading recipe shutter:maple_shutter: com.google.gson.JsonSyntaxException: Unknown item 'autumnity:maple_slab'
[26Feb2025 04:53:31.093] [main/INFO] [net.minecraft.world.item.crafting.RecipeManager/]: Skipping loading recipe woodworks:oak_sign_from_oak_logs_sawing as it's serializer returned null
[26Feb2025 04:53:31.093] [main/INFO] [net.minecraft.world.item.crafting.RecipeManager/]: Skipping loading recipe upgrade_aquatic:driftwood_ladder_from_driftwood_planks_sawing as it's serializer returned null
[26Feb2025 04:53:31.096] [main/INFO] [net.minecraft.world.item.crafting.RecipeManager/]: Skipping loading recipe everycomp:abnww/cataclysm/chorus_slab_from_chorus_planks_sawing as it's serializer returned null
[26Feb2025 04:53:31.096] [main/INFO] [net.minecraft.world.item.crafting.RecipeManager/]: Skipping loading recipe everycomp:abnww/biomesoplenty/umbran_fence_from_umbran_logs_sawing as it's serializer returned null
[26Feb2025 04:53:31.097] [main/INFO] [net.minecraft.world.item.crafting.RecipeManager/]: Skipping loading recipe everycomp:abnww/regions_unexplored/kapok_ladder_from_kapok_logs_sawing as it's serializer returned null
[26Feb2025 04:53:31.099] [main/INFO] [net.minecraft.world.item.crafting.RecipeManager/]: Skipping loading recipe everycomp:abnww/undergarden/wigglewood_sign_from_wigglewood_logs_sawing as it's serializer returned null
[26Feb2025 04:53:31.099] [main/INFO] [net.minecraft.world.item.crafting.RecipeManager/]: Skipping loading recipe upgrade_aquatic:driftwood_beehive as it's serializer returned null
[26Feb2025 04:53:31.104] [main/INFO] [net.minecraft.world.item.crafting.RecipeManager/]: Skipping loading recipe everycomp:abnww/undergarden/wigglewood_button_from_wigglewood_logs_sawing as it's serializer returned null
[26Feb2025 04:53:31.104] [main/INFO] [net.minecraft.world.item.crafting.RecipeManager/]: Skipping loading recipe everycomp:abnww/ecologics/walnut_boards_from_walnut_planks_sawing as it's serializer returned null
[26Feb2025 04:53:31.104] [main/INFO] [net.minecraft.world.item.crafting.RecipeManager/]: Skipping loading recipe everycomp:abnww/biomesoplenty/jacaranda_stairs_from_jacaranda_logs_sawing as it's serializer returned null
[26Feb2025 04:53:31.107] [main/INFO] [net.minecraft.world.item.crafting.RecipeManager/]: Skipping loading recipe woodworks:birch_planks_from_birch_logs_sawing as it's serializer returned null
[26Feb2025 04:53:31.109] [main/INFO] [net.minecraft.world.item.crafting.RecipeManager/]: Skipping loading recipe woodworks:warped_fence_from_warped_planks_sawing as it's serializer returned null
[26Feb2025 04:53:31.112] [main/INFO] [net.minecraft.world.item.crafting.RecipeManager/]: Skipping loading recipe everycomp:abnww/born_in_chaos_v1/scorched_door_from_scorched_logs_sawing as it's serializer returned null
[26Feb2025 04:53:31.114] [main/INFO] [net.minecraft.world.item.crafting.RecipeManager/]: Skipping loading recipe everycomp:abnww/ecologics/flowering_azalea_stairs_from_flowering_azalea_planks_sawing as it's serializer returned null
[26Feb2025 04:53:31.114] [main/INFO] [net.minecraft.world.item.crafting.RecipeManager/]: Skipping loading recipe everycomp:abnww/biomesoplenty/jacaranda_planks_from_jacaranda_logs_sawing as it's serializer returned null
[26Feb2025 04:53:31.114] [main/ERROR] [net.minecraft.world.item.crafting.RecipeManager/]: Parsing error loading recipe shutter:blossom_shutter: com.google.gson.JsonSyntaxException: Unknown item 'quark:blossom_planks_slab'
[26Feb2025 04:53:31.114] [main/INFO] [net.minecraft.world.item.crafting.RecipeManager/]: Skipping loading recipe everycomp:abnww/undergarden/smogstem_pressure_plate_from_smogstem_logs_sawing as it's serializer returned null
[26Feb2025 04:53:31.117] [main/INFO] [net.minecraft.world.item.crafting.RecipeManager/]: Skipping loading recipe everycomp:abnww/biomesoplenty/umbran_button_from_umbran_logs_sawing as it's serializer returned null
[26Feb2025 04:53:31.117] [main/INFO] [net.minecraft.world.item.crafting.RecipeManager/]: Skipping loading recipe everycomp:abnww/biomesoplenty/hellbark_fence_gate_from_hellbark_logs_sawing as it's serializer returned null
[26Feb2025 04:53:31.117] [main/INFO] [net.minecraft.world.item.crafting.RecipeManager/]: Skipping loading recipe everycomp:abnww/biomesoplenty/jacaranda_door_from_jacaranda_logs_sawing as it's serializer returned null
[26Feb2025 04:53:31.117] [main/INFO] [net.minecraft.world.item.crafting.RecipeManager/]: Skipping loading recipe everycomp:abnww/regions_unexplored/eucalyptus_slab_from_eucalyptus_logs_sawing as it's serializer returned null
[26Feb2025 04:53:31.117] [main/ERROR] [net.minecraft.world.item.crafting.RecipeManager/]: Parsing error loading recipe shutter:cypress_shutter: com.google.gson.JsonSyntaxException: Unknown item 'goodending:cypress_slab'
[26Feb2025 04:53:31.118] [main/INFO] [net.minecraft.world.item.crafting.RecipeManager/]: Skipping loading recipe everycomp:abnww/undergarden/smogstem_boards_from_smogstem_logs_sawing as it's serializer returned null
[26Feb2025 04:53:31.118] [main/INFO] [net.minecraft.world.item.crafting.RecipeManager/]: Skipping loading recipe woodworks:birch_button_from_birch_logs_sawing as it's serializer returned null
[26Feb2025 04:53:31.118] [main/INFO] [net.minecraft.world.item.crafting.RecipeManager/]: Skipping loading recipe everycomp:abnww/regions_unexplored/magnolia_boards_from_magnolia_logs_sawing as it's serializer returned null
[26Feb2025 04:53:31.118] [main/INFO] [net.minecraft.world.item.crafting.RecipeManager/]: Skipping loading recipe everycomp:abnww/valhelsia_structures/lapidified_jungle_boards_from_lapidified_jungle_planks_sawing as it's serializer returned null
[26Feb2025 04:53:31.120] [main/INFO] [net.minecraft.world.item.crafting.RecipeManager/]: Skipping loading recipe everycomp:abnww/regions_unexplored/blackwood_pressure_plate_from_blackwood_logs_sawing as it's serializer returned null
[26Feb2025 04:53:31.123] [main/INFO] [net.minecraft.world.item.crafting.RecipeManager/]: Skipping loading recipe everycomp:abnww/regions_unexplored/yellow_bioshroom_sign_from_yellow_bioshroom_logs_sawing as it's serializer returned null
[26Feb2025 04:53:31.123] [main/INFO] [net.minecraft.world.item.crafting.RecipeManager/]: Skipping loading recipe upgrade_aquatic:river_ladder_from_river_planks_sawing as it's serializer returned null
[26Feb2025 04:53:31.123] [main/INFO] [net.minecraft.world.item.crafting.RecipeManager/]: Skipping loading recipe everycomp:abnww/netherexp/claret_pressure_plate_from_claret_logs_sawing as it's serializer returned null
[26Feb2025 04:53:31.125] [main/INFO] [net.minecraft.world.item.crafting.RecipeManager/]: Skipping loading recipe everycomp:abnww/ecologics/coconut_slab_from_coconut_planks_sawing as it's serializer returned null
[26Feb2025 04:53:31.125] [main/INFO] [net.minecraft.world.item.crafting.RecipeManager/]: Skipping loading recipe everycomp:abnww/regions_unexplored/joshua_button_from_joshua_planks_sawing as it's serializer returned null
[26Feb2025 04:53:31.126] [main/INFO] [net.minecraft.world.item.crafting.RecipeManager/]: Skipping loading recipe everycomp:abnww/regions_unexplored/cobalt_slab_from_cobalt_logs_sawing as it's serializer returned null
[26Feb2025 04:53:31.126] [main/INFO] [net.minecraft.world.item.crafting.RecipeManager/]: Skipping loading recipe woodworks:crimson_door_from_crimson_stems_sawing as it's serializer returned null
[26Feb2025 04:53:31.126] [main/INFO] [net.minecraft.world.item.crafting.RecipeManager/]: Skipping loading recipe everycomp:abnww/ecologics/coconut_sign_from_coconut_logs_sawing as it's serializer returned null
[26Feb2025 04:53:31.126] [main/INFO] [net.minecraft.world.item.crafting.RecipeManager/]: Skipping loading recipe everycomp:abnww/regions_unexplored/yellow_bioshroom_planks_from_yellow_bioshroom_logs_sawing as it's serializer returned null
[26Feb2025 04:53:31.126] [main/INFO] [net.minecraft.world.item.crafting.RecipeManager/]: Skipping loading recipe everycomp:abnww/alexscaves/pewen_ladder_from_pewen_logs_sawing as it's serializer returned null
[26Feb2025 04:53:31.133] [main/INFO] [net.minecraft.world.item.crafting.RecipeManager/]: Skipping loading recipe everycomp:abnww/ecologics/flowering_azalea_slab_from_flowering_azalea_planks_sawing as it's serializer returned null
[26Feb2025 04:53:31.133] [main/INFO] [net.minecraft.world.item.crafting.RecipeManager/]: Skipping loading recipe woodworks:acacia_boards_from_acacia_logs_sawing as it's serializer returned null
[26Feb2025 04:53:31.136] [main/INFO] [net.minecraft.world.item.crafting.RecipeManager/]: Skipping loading recipe everycomp:abnww/regions_unexplored/pine_stairs_from_pine_logs_sawing as it's serializer returned null
[26Feb2025 04:53:31.136] [main/INFO] [net.minecraft.world.item.crafting.RecipeManager/]: Skipping loading recipe woodworks:cherry_ladder_from_cherry_logs_sawing as it's serializer returned null
[26Feb2025 04:53:31.138] [main/INFO] [net.minecraft.world.item.crafting.RecipeManager/]: Skipping loading recipe everycomp:abnww/regions_unexplored/blue_bioshroom_pressure_plate_from_blue_bioshroom_logs_sawing as it's serializer returned null
[26Feb2025 04:53:31.138] [main/INFO] [net.minecraft.world.item.crafting.RecipeManager/]: Skipping loading recipe everycomp:abnww/regions_unexplored/yellow_bioshroom_fence_from_yellow_bioshroom_logs_sawing as it's serializer returned null
[26Feb2025 04:53:31.138] [main/INFO] [net.minecraft.world.item.crafting.RecipeManager/]: Skipping loading recipe everycomp:abnww/palegardenbackport/pale_oak_stairs_from_pale_oak_planks_sawing as it's serializer returned null
[26Feb2025 04:53:31.138] [main/INFO] [net.minecraft.world.item.crafting.RecipeManager/]: Skipping loading recipe upgrade_aquatic:river_sign_from_river_logs_sawing as it's serializer returned null
[26Feb2025 04:53:31.139] [main/INFO] [net.minecraft.world.item.crafting.RecipeManager/]: Skipping loading recipe woodworks:mangrove_stairs_from_mangrove_planks_sawing as it's serializer returned null
[26Feb2025 04:53:31.141] [main/INFO] [net.minecraft.world.item.crafting.RecipeManager/]: Skipping loading recipe woodworks:dark_oak_door_from_dark_oak_logs_sawing as it's serializer returned null
[26Feb2025 04:53:31.143] [main/INFO] [net.minecraft.world.item.crafting.RecipeManager/]: Skipping loading recipe everycomp:abnww/regions_unexplored/larch_button_from_larch_planks_sawing as it's serializer returned null
[26Feb2025 04:53:31.143] [main/INFO] [net.minecraft.world.item.crafting.RecipeManager/]: Skipping loading recipe everycomp:abnww/biomesoplenty/fir_sign_from_fir_logs_sawing as it's serializer returned null
[26Feb2025 04:53:31.143] [main/INFO] [net.minecraft.world.item.crafting.RecipeManager/]: Skipping loading recipe everycomp:abnww/biomemakeover/willow_stairs_from_willow_logs_sawing as it's serializer returned null
[26Feb2025 04:53:31.143] [main/INFO] [net.minecraft.world.item.crafting.RecipeManager/]: Skipping loading recipe everycomp:abnww/biomemakeover/willow_ladder_from_willow_planks_sawing as it's serializer returned null
[26Feb2025 04:53:31.144] [main/INFO] [net.minecraft.world.item.crafting.RecipeManager/]: Skipping loading recipe everycomp:abnww/biomemakeover/willow_button_from_willow_planks_sawing as it's serializer returned null
[26Feb2025 04:53:31.145] [main/INFO] [net.minecraft.world.item.crafting.RecipeManager/]: Skipping loading recipe upgrade_aquatic:kelpy_cobblestone_brick_stairs_from_kelpy_cobblestone_bricks_stonecutting as it's serializer returned null
[26Feb2025 04:53:31.145] [main/INFO] [net.minecraft.world.item.crafting.RecipeManager/]: Skipping loading recipe everycomp:abnww/ecologics/azalea_fence_from_azalea_planks_sawing as it's serializer returned null
[26Feb2025 04:53:31.146] [main/INFO] [net.minecraft.world.item.crafting.RecipeManager/]: Skipping loading recipe everycomp:abnww/biomesoplenty/redwood_stairs_from_redwood_logs_sawing as it's serializer returned null
[26Feb2025 04:53:31.146] [main/INFO] [net.minecraft.world.item.crafting.RecipeManager/]: Skipping loading recipe everycomp:abnww/regions_unexplored/baobab_door_from_baobab_logs_sawing as it's serializer returned null
[26Feb2025 04:53:31.147] [main/INFO] [net.minecraft.world.item.crafting.RecipeManager/]: Skipping loading recipe everycomp:abnww/regions_unexplored/willow_ladder_from_willow_logs_sawing as it's serializer returned null
[26Feb2025 04:53:31.151] [main/INFO] [net.minecraft.world.item.crafting.RecipeManager/]: Skipping loading recipe everycomp:abnww/biomesoplenty/magic_button_from_magic_planks_sawing as it's serializer returned null
[26Feb2025 04:53:31.151] [main/INFO] [net.minecraft.world.item.crafting.RecipeManager/]: Skipping loading recipe everycomp:abnww/regions_unexplored/cobalt_sign_from_cobalt_logs_sawing as it's serializer returned null
[26Feb2025 04:53:31.151] [main/INFO] [net.minecraft.world.item.crafting.RecipeManager/]: Skipping loading recipe everycomp:abnww/biomesoplenty/redwood_boards_from_redwood_logs_sawing as it's serializer returned null
[26Feb2025 04:53:31.152] [main/INFO] [net.minecraft.world.item.crafting.RecipeManager/]: Skipping loading recipe upgrade_aquatic:large_river_boat as it's serializer returned null
[26Feb2025 04:53:31.152] [main/INFO] [net.minecraft.world.item.crafting.RecipeManager/]: Skipping loading recipe everycomp:abnww/ecologics/coconut_boards_from_coconut_logs_sawing as it's serializer returned null
[26Feb2025 04:53:31.152] [main/INFO] [net.minecraft.world.item.crafting.RecipeManager/]: Skipping loading recipe everycomp:abnww/regions_unexplored/blue_bioshroom_stairs_from_blue_bioshroom_logs_sawing as it's serializer returned null
[26Feb2025 04:53:31.152] [main/INFO] [net.minecraft.world.item.crafting.RecipeManager/]: Skipping loading recipe everycomp:abnww/regions_unexplored/cypress_slab_from_cypress_planks_sawing as it's serializer returned null
[26Feb2025 04:53:31.152] [main/INFO] [net.minecraft.world.item.crafting.RecipeManager/]: Skipping loading recipe everycomp:abnww/biomemakeover/ancient_oak_stairs_from_ancient_oak_logs_sawing as it's serializer returned null
[26Feb2025 04:53:31.152] [main/INFO] [net.minecraft.world.item.crafting.RecipeManager/]: Skipping loading recipe upgrade_aquatic:river_fence_from_river_logs_sawing as it's serializer returned null
[26Feb2025 04:53:31.153] [main/INFO] [net.minecraft.world.item.crafting.RecipeManager/]: Skipping loading recipe everycomp:abnww/undergarden/wigglewood_trapdoor_from_wigglewood_logs_sawing as it's serializer returned null
[26Feb2025 04:53:31.155] [main/INFO] [net.minecraft.world.item.crafting.RecipeManager/]: Skipping loading recipe everycomp:abnww/snifferplus/stone_pine_slab_from_stone_pine_planks_sawing as it's serializer returned null
[26Feb2025 04:53:31.155] [main/INFO] [net.minecraft.world.item.crafting.RecipeManager/]: Skipping loading recipe everycomp:abnww/biomemakeover/willow_trapdoor_from_willow_logs_sawing as it's serializer returned null
[26Feb2025 04:53:31.158] [main/INFO] [net.minecraft.world.item.crafting.RecipeManager/]: Skipping loading recipe everycomp:abnww/regions_unexplored/pink_bioshroom_stairs_from_pink_bioshroom_planks_sawing as it's serializer returned null
[26Feb2025 04:53:31.160] [main/INFO] [net.minecraft.world.item.crafting.RecipeManager/]: Skipping loading recipe upgrade_aquatic:driftwood_slab_from_driftwood_logs_sawing as it's serializer returned null
[26Feb2025 04:53:31.161] [main/INFO] [net.minecraft.world.item.crafting.RecipeManager/]: Skipping loading recipe everycomp:abnww/regions_unexplored/larch_pressure_plate_from_larch_logs_sawing as it's serializer returned null
[26Feb2025 04:53:31.162] [main/INFO] [net.minecraft.world.item.crafting.RecipeManager/]: Skipping loading recipe everycomp:abnww/biomesoplenty/hellbark_pressure_plate_from_hellbark_logs_sawing as it's serializer returned null
[26Feb2025 04:53:31.162] [main/INFO] [net.minecraft.world.item.crafting.RecipeManager/]: Skipping loading recipe everycomp:abnww/biomesoplenty/palm_fence_gate_from_palm_logs_sawing as it's serializer returned null
[26Feb2025 04:53:31.164] [main/INFO] [net.minecraft.world.item.crafting.RecipeManager/]: Skipping loading recipe everycomp:abnww/biomesoplenty/redwood_sign_from_redwood_logs_sawing as it's serializer returned null
[26Feb2025 04:53:31.164] [main/INFO] [net.minecraft.world.item.crafting.RecipeManager/]: Skipping loading recipe everycomp:abnww/palegardenbackport/pale_oak_fence_gate_from_pale_oak_logs_sawing as it's serializer returned null
[26Feb2025 04:53:31.164] [main/INFO] [net.minecraft.world.item.crafting.RecipeManager/]: Skipping loading recipe woodworks:warped_fence_gate_from_warped_stems_sawing as it's serializer returned null
[26Feb2025 04:53:31.164] [main/INFO] [net.minecraft.world.item.crafting.RecipeManager/]: Skipping loading recipe everycomp:abnww/voidscape/thunder_stairs_from_thunder_logs_sawing as it's serializer returned null
[26Feb2025 04:53:31.166] [main/INFO] [net.minecraft.world.item.crafting.RecipeManager/]: Skipping loading recipe woodworks:crimson_fence_from_crimson_stems_sawing as it's serializer returned null
[26Feb2025 04:53:31.167] [main/INFO] [net.minecraft.world.item.crafting.RecipeManager/]: Skipping loading recipe woodworks:cherry_fence_from_cherry_planks_sawing as it's serializer returned null
[26Feb2025 04:53:31.167] [main/INFO] [net.minecraft.world.item.crafting.RecipeManager/]: Skipping loading recipe woodworks:birch_fence_gate_from_birch_logs_sawing as it's serializer returned null
[26Feb2025 04:53:31.168] [main/INFO] [net.minecraft.world.item.crafting.RecipeManager/]: Skipping loading recipe everycomp:abnww/palegardenbackport/pale_oak_slab_from_pale_oak_planks_sawing as it's serializer returned null
[26Feb2025 04:53:31.169] [main/INFO] [net.minecraft.world.item.crafting.RecipeManager/]: Skipping loading recipe everycomp:abnww/biomesoplenty/umbran_slab_from_umbran_logs_sawing as it's serializer returned null
[26Feb2025 04:53:31.169] [main/INFO] [net.minecraft.world.item.crafting.RecipeManager/]: Skipping loading recipe everycomp:abnww/regions_unexplored/willow_sign_from_willow_logs_sawing as it's serializer returned null
[26Feb2025 04:53:31.169] [main/INFO] [net.minecraft.world.item.crafting.RecipeManager/]: Skipping loading recipe everycomp:abnww/voidscape/thunder_boards_from_thunder_logs_sawing as it's serializer returned null
[26Feb2025 04:53:31.169] [main/INFO] [net.minecraft.world.item.crafting.RecipeManager/]: Skipping loading recipe everycomp:abnww/deeperdarker/echo_fence_from_echo_planks_sawing as it's serializer returned null
[26Feb2025 04:53:31.169] [main/INFO] [net.minecraft.world.item.crafting.RecipeManager/]: Skipping loading recipe everycomp:abnww/netherexp/claret_door_from_claret_logs_sawing as it's serializer returned null
[26Feb2025 04:53:31.171] [main/INFO] [net.minecraft.world.item.crafting.RecipeManager/]: Skipping loading recipe everycomp:abnww/ecologics/coconut_button_from_coconut_logs_sawing as it's serializer returned null
[26Feb2025 04:53:31.171] [main/INFO] [net.minecraft.world.item.crafting.RecipeManager/]: Skipping loading recipe everycomp:abnww/regions_unexplored/blue_bioshroom_boards_from_blue_bioshroom_logs_sawing as it's serializer returned null
[26Feb2025 04:53:31.172] [main/INFO] [net.minecraft.world.item.crafting.RecipeManager/]: Skipping loading recipe everycomp:abnww/regions_unexplored/socotra_fence_from_socotra_logs_sawing as it's serializer returned null
[26Feb2025 04:53:31.174] [main/INFO] [net.minecraft.world.item.crafting.RecipeManager/]: Skipping loading recipe everycomp:abnww/undergarden/wigglewood_door_from_wigglewood_logs_sawing as it's serializer returned null
[26Feb2025 04:53:31.175] [main/INFO] [net.minecraft.world.item.crafting.RecipeManager/]: Skipping loading recipe everycomp:abnww/regions_unexplored/baobab_slab_from_baobab_logs_sawing as it's serializer returned null
[26Feb2025 04:53:31.175] [main/INFO] [net.minecraft.world.item.crafting.RecipeManager/]: Skipping loading recipe everycomp:abnww/regions_unexplored/cobalt_stairs_from_cobalt_planks_sawing as it's serializer returned null
[26Feb2025 04:53:31.175] [main/INFO] [net.minecraft.world.item.crafting.RecipeManager/]: Skipping loading recipe woodworks:warped_ladder_from_warped_planks_sawing as it's serializer returned null
[26Feb2025 04:53:31.175] [main/INFO] [net.minecraft.world.item.crafting.RecipeManager/]: Skipping loading recipe everycomp:abnww/regions_unexplored/brimwood_ladder_from_brimwood_planks_sawing as it's serializer returned null
[26Feb2025 04:53:31.175] [main/INFO] [net.minecraft.world.item.crafting.RecipeManager/]: Skipping loading recipe everycomp:abnww/biomesoplenty/fir_ladder_from_fir_planks_sawing as it's serializer returned null
[26Feb2025 04:53:31.187] [main/INFO] [net.minecraft.world.item.crafting.RecipeManager/]: Skipping loading recipe everycomp:abnww/regions_unexplored/pink_bioshroom_fence_from_pink_bioshroom_logs_sawing as it's serializer returned null
[26Feb2025 04:53:31.187] [main/INFO] [net.minecraft.world.item.crafting.RecipeManager/]: Skipping loading recipe upgrade_aquatic:driftwood_fence_from_driftwood_logs_sawing as it's serializer returned null
[26Feb2025 04:53:31.189] [main/INFO] [net.minecraft.world.item.crafting.RecipeManager/]: Skipping loading recipe everycomp:abnww/regions_unexplored/alpha_slab_from_alpha_logs_sawing as it's serializer returned null
[26Feb2025 04:53:31.189] [main/INFO] [net.minecraft.world.item.crafting.RecipeManager/]: Skipping loading recipe everycomp:abnww/regions_unexplored/blackwood_slab_from_blackwood_logs_sawing as it's serializer returned null
[26Feb2025 04:53:31.190] [main/INFO] [net.minecraft.world.item.crafting.RecipeManager/]: Skipping loading recipe woodworks:bamboo_beehive as it's serializer returned null
[26Feb2025 04:53:31.190] [main/INFO] [net.minecraft.world.item.crafting.RecipeManager/]: Skipping loading recipe everycomp:abnww/regions_unexplored/blackwood_slab_from_blackwood_planks_sawing as it's serializer returned null
[26Feb2025 04:53:31.191] [main/INFO] [net.minecraft.world.item.crafting.RecipeManager/]: Skipping loading recipe upgrade_aquatic:kelpy_cobblestone_tile_wall_from_kelpy_cobblestone_stonecutting as it's serializer returned null
[26Feb2025 04:53:31.193] [main/INFO] [net.minecraft.world.item.crafting.RecipeManager/]: Skipping loading recipe everycomp:abnww/biomemakeover/swamp_cypress_fence_gate_from_swamp_cypress_logs_sawing as it's serializer returned null
[26Feb2025 04:53:31.193] [main/INFO] [net.minecraft.world.item.crafting.RecipeManager/]: Skipping loading recipe everycomp:abnww/regions_unexplored/blue_bioshroom_door_from_blue_bioshroom_logs_sawing as it's serializer returned null
[26Feb2025 04:53:31.206] [main/INFO] [net.minecraft.world.item.crafting.RecipeManager/]: Skipping loading recipe upgrade_aquatic:kelpy_cobblestone_bricks as it's serializer returned null
[26Feb2025 04:53:31.206] [main/INFO] [net.minecraft.world.item.crafting.RecipeManager/]: Skipping loading recipe everycomp:abnww/ecologics/coconut_stairs_from_coconut_logs_sawing as it's serializer returned null
[26Feb2025 04:53:31.209] [main/INFO] [net.minecraft.world.item.crafting.RecipeManager/]: Skipping loading recipe everycomp:abnww/biomesoplenty/redwood_button_from_redwood_logs_sawing as it's serializer returned null
[26Feb2025 04:53:31.210] [main/ERROR] [net.minecraft.world.item.crafting.RecipeManager/]: Parsing error loading recipe shutter:willow_shutter: com.google.gson.JsonSyntaxException: Unknown item 'environmental:willow_slab'
[26Feb2025 04:53:31.210] [main/INFO] [net.minecraft.world.item.crafting.RecipeManager/]: Skipping loading recipe everycomp:abnww/ecologics/walnut_trapdoor_from_walnut_logs_sawing as it's serializer returned null
[26Feb2025 04:53:31.216] [main/INFO] [net.minecraft.world.item.crafting.RecipeManager/]: Skipping loading recipe everycomp:abnww/biomemakeover/willow_stairs_from_willow_planks_sawing as it's serializer returned null
[26Feb2025 04:53:31.216] [main/INFO] [net.minecraft.world.item.crafting.RecipeManager/]: Skipping loading recipe everycomp:abnww/regions_unexplored/larch_boards_from_larch_planks_sawing as it's serializer returned null
[26Feb2025 04:53:31.221] [main/INFO] [net.minecraft.world.item.crafting.RecipeManager/]: Skipping loading recipe everycomp:abnww/snifferplus/stone_pine_pressure_plate_from_stone_pine_logs_sawing as it's serializer returned null
[26Feb2025 04:53:31.221] [main/INFO] [net.minecraft.world.item.crafting.RecipeManager/]: Skipping loading recipe woodworks:crimson_stairs_from_crimson_planks_sawing as it's serializer returned null
[26Feb2025 04:53:31.225] [main/INFO] [net.minecraft.world.item.crafting.RecipeManager/]: Skipping loading recipe everycomp:abnww/biomesoplenty/mahogany_fence_from_mahogany_planks_sawing as it's serializer returned null
[26Feb2025 04:53:31.225] [main/INFO] [net.minecraft.world.item.crafting.RecipeManager/]: Skipping loading recipe everycomp:abnww/deeperdarker/echo_boards_from_echo_logs_sawing as it's serializer returned null
[26Feb2025 04:53:31.225] [main/INFO] [net.minecraft.world.item.crafting.RecipeManager/]: Skipping loading recipe everycomp:abnww/regions_unexplored/yellow_bioshroom_door_from_yellow_bioshroom_logs_sawing as it's serializer returned null
[26Feb2025 04:53:31.225] [main/INFO] [net.minecraft.world.item.crafting.RecipeManager/]: Skipping loading recipe everycomp:abnww/biomemakeover/swamp_cypress_slab_from_swamp_cypress_logs_sawing as it's serializer returned null
[26Feb2025 04:53:31.226] [main/INFO] [net.minecraft.world.item.crafting.RecipeManager/]: Skipping loading recipe everycomp:abnww/regions_unexplored/blue_bioshroom_fence_from_blue_bioshroom_logs_sawing as it's serializer returned null
[26Feb2025 04:53:31.226] [main/INFO] [net.minecraft.world.item.crafting.RecipeManager/]: Skipping loading recipe everycomp:abnww/snifferplus/stone_pine_ladder_from_stone_pine_logs_sawing as it's serializer returned null
[26Feb2025 04:53:31.230] [main/INFO] [net.minecraft.world.item.crafting.RecipeManager/]: Skipping loading recipe woodworks:birch_fence_from_birch_logs_sawing as it's serializer returned null
[26Feb2025 04:53:31.230] [main/INFO] [net.minecraft.world.item.crafting.RecipeManager/]: Skipping loading recipe everycomp:abnww/palegardenbackport/pale_oak_slab_from_pale_oak_logs_sawing as it's serializer returned null
[26Feb2025 04:53:31.231] [main/INFO] [net.minecraft.world.item.crafting.RecipeManager/]: Skipping loading recipe everycomp:abnww/regions_unexplored/magnolia_fence_from_magnolia_planks_sawing as it's serializer returned null
[26Feb2025 04:53:31.231] [main/INFO] [net.minecraft.world.item.crafting.RecipeManager/]: Skipping loading recipe woodworks:jungle_pressure_plate_from_jungle_logs_sawing as it's serializer returned null
[26Feb2025 04:53:31.232] [main/INFO] [net.minecraft.world.item.crafting.RecipeManager/]: Skipping loading recipe woodworks:oak_trapdoor_from_oak_logs_sawing as it's serializer returned null
[26Feb2025 04:53:31.232] [main/INFO] [net.minecraft.world.item.crafting.RecipeManager/]: Skipping loading recipe everycomp:abnww/regions_unexplored/pine_button_from_pine_planks_sawing as it's serializer returned null
[26Feb2025 04:53:31.232] [main/INFO] [net.minecraft.world.item.crafting.RecipeManager/]: Skipping loading recipe woodworks:oak_stairs_from_oak_planks_sawing as it's serializer returned null
[26Feb2025 04:53:31.239] [main/INFO] [net.minecraft.world.item.crafting.RecipeManager/]: Skipping loading recipe woodworks:cherry_button_from_cherry_planks_sawing as it's serializer returned null
[26Feb2025 04:53:31.246] [main/INFO] [net.minecraft.world.item.crafting.RecipeManager/]: Skipping loading recipe upgrade_aquatic:driftwood_planks_from_driftwood_logs_sawing as it's serializer returned null
[26Feb2025 04:53:31.246] [main/INFO] [net.minecraft.world.item.crafting.RecipeManager/]: Skipping loading recipe everycomp:abnww/biomesoplenty/willow_slab_from_willow_logs_sawing as it's serializer returned null
[26Feb2025 04:53:31.246] [main/INFO] [net.minecraft.world.item.crafting.RecipeManager/]: Skipping loading recipe everycomp:abnww/undergarden/wigglewood_pressure_plate_from_wigglewood_logs_sawing as it's serializer returned null
[26Feb2025 04:53:31.247] [main/INFO] [net.minecraft.world.item.crafting.RecipeManager/]: Skipping loading recipe woodworks:crimson_planks_from_crimson_stems_sawing as it's serializer returned null
[26Feb2025 04:53:31.247] [main/INFO] [net.minecraft.world.item.crafting.RecipeManager/]: Skipping loading recipe everycomp:abnww/betterarcheology/rotten_ladder_from_rotten_planks_sawing as it's serializer returned null
[26Feb2025 04:53:31.250] [main/INFO] [net.minecraft.world.item.crafting.RecipeManager/]: Skipping loading recipe everycomp:abnww/regions_unexplored/palm_door_from_palm_logs_sawing as it's serializer returned null
[26Feb2025 04:53:31.251] [main/INFO] [net.minecraft.world.item.crafting.RecipeManager/]: Skipping loading recipe everycomp:abnww/regions_unexplored/dead_ladder_from_dead_planks_sawing as it's serializer returned null
[26Feb2025 04:53:31.251] [main/INFO] [net.minecraft.world.item.crafting.RecipeManager/]: Skipping loading recipe everycomp:abnww/regions_unexplored/eucalyptus_planks_from_eucalyptus_logs_sawing as it's serializer returned null
[26Feb2025 04:53:31.251] [main/INFO] [net.minecraft.world.item.crafting.RecipeManager/]: Skipping loading recipe woodworks:bamboo_button_from_bamboo_planks_sawing as it's serializer returned null
[26Feb2025 04:53:31.258] [main/INFO] [net.minecraft.world.item.crafting.RecipeManager/]: Skipping loading recipe everycomp:abnww/regions_unexplored/green_bioshroom_button_from_green_bioshroom_planks_sawing as it's serializer returned null
[26Feb2025 04:53:31.258] [main/INFO] [net.minecraft.world.item.crafting.RecipeManager/]: Skipping loading recipe everycomp:abnww/biomesoplenty/willow_boards_from_willow_logs_sawing as it's serializer returned null
[26Feb2025 04:53:31.258] [main/INFO] [net.minecraft.world.item.crafting.RecipeManager/]: Skipping loading recipe everycomp:abnww/regions_unexplored/blackwood_button_from_blackwood_planks_sawing as it's serializer returned null
[26Feb2025 04:53:31.259] [main/INFO] [net.minecraft.world.item.crafting.RecipeManager/]: Skipping loading recipe everycomp:abnww/regions_unexplored/eucalyptus_ladder_from_eucalyptus_logs_sawing as it's serializer returned null
[26Feb2025 04:53:31.262] [main/INFO] [net.minecraft.world.item.crafting.RecipeManager/]: Skipping loading recipe woodworks:crimson_fence_from_crimson_planks_sawing as it's serializer returned null
[26Feb2025 04:53:31.263] [main/INFO] [net.minecraft.world.item.crafting.RecipeManager/]: Skipping loading recipe everycomp:abnww/regions_unexplored/willow_boards_from_willow_logs_sawing as it's serializer returned null
[26Feb2025 04:53:31.263] [main/INFO] [net.minecraft.world.item.crafting.RecipeManager/]: Skipping loading recipe woodworks:mangrove_sign_from_mangrove_logs_sawing as it's serializer returned null
[26Feb2025 04:53:31.263] [main/INFO] [net.minecraft.world.item.crafting.RecipeManager/]: Skipping loading recipe everycomp:abnww/alexscaves/pewen_slab_from_pewen_planks_sawing as it's serializer returned null
[26Feb2025 04:53:31.263] [main/INFO] [net.minecraft.world.item.crafting.RecipeManager/]: Skipping loading recipe everycomp:abnww/regions_unexplored/mauve_slab_from_mauve_logs_sawing as it's serializer returned null
[26Feb2025 04:53:31.264] [main/INFO] [net.minecraft.world.item.crafting.RecipeManager/]: Skipping loading recipe everycomp:abnww/alexscaves/pewen_pressure_plate_from_pewen_logs_sawing as it's serializer returned null
[26Feb2025 04:53:31.264] [main/INFO] [net.minecraft.world.item.crafting.RecipeManager/]: Skipping loading recipe everycomp:abnww/snifferplus/stone_pine_stairs_from_stone_pine_planks_sawing as it's serializer returned null
[26Feb2025 04:53:31.264] [main/INFO] [net.minecraft.world.item.crafting.RecipeManager/]: Skipping loading recipe everycomp:abnww/regions_unexplored/pine_ladder_from_pine_planks_sawing as it's serializer returned null
[26Feb2025 04:53:31.264] [main/INFO] [net.minecraft.world.item.crafting.RecipeManager/]: Skipping loading recipe woodworks:birch_stairs_from_birch_logs_sawing as it's serializer returned null
[26Feb2025 04:53:31.264] [main/INFO] [net.minecraft.world.item.crafting.RecipeManager/]: Skipping loading recipe everycomp:abnww/regions_unexplored/mauve_fence_from_mauve_logs_sawing as it's serializer returned null
[26Feb2025 04:53:31.265] [main/INFO] [net.minecraft.world.item.crafting.RecipeManager/]: Skipping loading recipe everycomp:abnww/regions_unexplored/cobalt_door_from_cobalt_logs_sawing as it's serializer returned null
[26Feb2025 04:53:31.269] [main/INFO] [net.minecraft.world.item.crafting.RecipeManager/]: Skipping loading recipe woodworks:cherry_slab_from_cherry_planks_sawing as it's serializer returned null
[26Feb2025 04:53:31.270] [main/INFO] [net.minecraft.world.item.crafting.RecipeManager/]: Skipping loading recipe everycomp:abnww/alexscaves/thornwood_trapdoor_from_thornwood_logs_sawing as it's serializer returned null
[26Feb2025 04:53:31.270] [main/INFO] [net.minecraft.world.item.crafting.RecipeManager/]: Skipping loading recipe upgrade_aquatic:kelpy_cobblestone_tile_stairs_from_kelpy_cobblestone_stonecutting as it's serializer returned null
[26Feb2025 04:53:31.270] [main/INFO] [net.minecraft.world.item.crafting.RecipeManager/]: Skipping loading recipe everycomp:abnww/undergarden/wigglewood_boards_from_wigglewood_logs_sawing as it's serializer returned null
[26Feb2025 04:53:31.271] [main/INFO] [net.minecraft.world.item.crafting.RecipeManager/]: Skipping loading recipe everycomp:abnww/regions_unexplored/blackwood_button_from_blackwood_logs_sawing as it's serializer returned null
[26Feb2025 04:53:31.272] [main/INFO] [net.minecraft.world.item.crafting.RecipeManager/]: Skipping loading recipe woodworks:crimson_pressure_plate_from_crimson_stems_sawing as it's serializer returned null
[26Feb2025 04:53:31.275] [main/INFO] [net.minecraft.world.item.crafting.RecipeManager/]: Skipping loading recipe everycomp:abnww/ecologics/flowering_azalea_door_from_flowering_azalea_logs_sawing as it's serializer returned null
[26Feb2025 04:53:31.275] [main/INFO] [net.minecraft.world.item.crafting.RecipeManager/]: Skipping loading recipe everycomp:abnww/biomesoplenty/hellbark_boards_from_hellbark_planks_sawing as it's serializer returned null
[26Feb2025 04:53:31.276] [main/INFO] [net.minecraft.world.item.crafting.RecipeManager/]: Skipping loading recipe everycomp:abnww/ecologics/walnut_boards_from_walnut_logs_sawing as it's serializer returned null
[26Feb2025 04:53:31.276] [main/INFO] [net.minecraft.world.item.crafting.RecipeManager/]: Skipping loading recipe everycomp:abnww/biomemakeover/willow_button_from_willow_logs_sawing as it's serializer returned null
[26Feb2025 04:53:31.278] [main/INFO] [net.minecraft.world.item.crafting.RecipeManager/]: Skipping loading recipe upgrade_aquatic:driftwood_slab_from_driftwood_planks_sawing as it's serializer returned null
[26Feb2025 04:53:31.278] [main/INFO] [net.minecraft.world.item.crafting.RecipeManager/]: Skipping loading recipe everycomp:abnww/biomesoplenty/willow_boards_from_willow_planks_sawing as it's serializer returned null
[26Feb2025 04:53:31.281] [main/INFO] [net.minecraft.world.item.crafting.RecipeManager/]: Skipping loading recipe everycomp:abnww/regions_unexplored/baobab_fence_from_baobab_logs_sawing as it's serializer returned null
[26Feb2025 04:53:31.281] [main/INFO] [net.minecraft.world.item.crafting.RecipeManager/]: Skipping loading recipe everycomp:abnww/biomesoplenty/umbran_stairs_from_umbran_planks_sawing as it's serializer returned null
[26Feb2025 04:53:31.281] [main/INFO] [net.minecraft.world.item.crafting.RecipeManager/]: Skipping loading recipe everycomp:abnww/ecologics/azalea_slab_from_azalea_planks_sawing as it's serializer returned null
[26Feb2025 04:53:31.283] [main/INFO] [net.minecraft.world.item.crafting.RecipeManager/]: Skipping loading recipe everycomp:abnww/regions_unexplored/magnolia_fence_from_magnolia_logs_sawing as it's serializer returned null
[26Feb2025 04:53:31.283] [main/INFO] [net.minecraft.world.item.crafting.RecipeManager/]: Skipping loading recipe everycomp:abnww/biomemakeover/blighted_balsa_pressure_plate_from_blighted_balsa_logs_sawing as it's serializer returned null
[26Feb2025 04:53:31.284] [main/INFO] [net.minecraft.world.item.crafting.RecipeManager/]: Skipping loading recipe everycomp:abnww/regions_unexplored/cobalt_ladder_from_cobalt_planks_sawing as it's serializer returned null
[26Feb2025 04:53:31.284] [main/INFO] [net.minecraft.world.item.crafting.RecipeManager/]: Skipping loading recipe woodworks:crimson_boards_from_crimson_planks_sawing as it's serializer returned null
[26Feb2025 04:53:31.284] [main/INFO] [net.minecraft.world.item.crafting.RecipeManager/]: Skipping loading recipe woodworks:crimson_boards_from_crimson_stems_sawing as it's serializer returned null
[26Feb2025 04:53:31.284] [main/INFO] [net.minecraft.world.item.crafting.RecipeManager/]: Skipping loading recipe everycomp:abnww/biomesoplenty/jacaranda_boards_from_jacaranda_logs_sawing as it's serializer returned null
[26Feb2025 04:53:31.284] [main/INFO] [net.minecraft.world.item.crafting.RecipeManager/]: Skipping loading recipe everycomp:abnww/regions_unexplored/kapok_door_from_kapok_logs_sawing as it's serializer returned null
[26Feb2025 04:53:31.285] [main/INFO] [net.minecraft.world.item.crafting.RecipeManager/]: Skipping loading recipe everycomp:abnww/regions_unexplored/blue_bioshroom_ladder_from_blue_bioshroom_planks_sawing as it's serializer returned null
[26Feb2025 04:53:31.285] [main/INFO] [net.minecraft.world.item.crafting.RecipeManager/]: Skipping loading recipe everycomp:abnww/regions_unexplored/redwood_stairs_from_redwood_logs_sawing as it's serializer returned null
[26Feb2025 04:53:31.285] [main/INFO] [net.minecraft.world.item.crafting.RecipeManager/]: Skipping loading recipe everycomp:abnww/regions_unexplored/blue_bioshroom_fence_gate_from_blue_bioshroom_logs_sawing as it's serializer returned null
[26Feb2025 04:53:31.285] [main/INFO] [net.minecraft.world.item.crafting.RecipeManager/]: Skipping loading recipe everycomp:abnww/snifferplus/stone_pine_stairs_from_stone_pine_logs_sawing as it's serializer returned null
[26Feb2025 04:53:31.285] [main/INFO] [net.minecraft.world.item.crafting.RecipeManager/]: Skipping loading recipe woodworks:mangrove_ladder_from_mangrove_planks_sawing as it's serializer returned null
[26Feb2025 04:53:31.285] [main/INFO] [net.minecraft.world.item.crafting.RecipeManager/]: Skipping loading recipe everycomp:abnww/regions_unexplored/socotra_ladder_from_socotra_planks_sawing as it's serializer returned null
[26Feb2025 04:53:31.286] [main/INFO] [net.minecraft.world.item.crafting.RecipeManager/]: Skipping loading recipe everycomp:abnww/regions_unexplored/willow_planks_from_willow_logs_sawing as it's serializer returned null
[26Feb2025 04:53:31.286] [main/INFO] [net.minecraft.world.item.crafting.RecipeManager/]: Skipping loading recipe everycomp:abnww/cataclysm/chorus_fence_from_chorus_planks_sawing as it's serializer returned null
[26Feb2025 04:53:31.286] [main/INFO] [net.minecraft.world.item.crafting.RecipeManager/]: Skipping loading recipe everycomp:abnww/regions_unexplored/mauve_slab_from_mauve_planks_sawing as it's serializer returned null
[26Feb2025 04:53:31.286] [main/INFO] [net.minecraft.world.item.crafting.RecipeManager/]: Skipping loading recipe everycomp:abnww/undergarden/wigglewood_boards_from_wigglewood_planks_sawing as it's serializer returned null
[26Feb2025 04:53:31.287] [main/INFO] [net.minecraft.world.item.crafting.RecipeManager/]: Skipping loading recipe everycomp:abnww/regions_unexplored/brimwood_trapdoor_from_brimwood_logs_sawing as it's serializer returned null
[26Feb2025 04:53:31.287] [main/INFO] [net.minecraft.world.item.crafting.RecipeManager/]: Skipping loading recipe everycomp:abnww/betterarcheology/rotten_door_from_rotten_logs_sawing as it's serializer returned null
[26Feb2025 04:53:31.290] [main/INFO] [net.minecraft.world.item.crafting.RecipeManager/]: Skipping loading recipe woodworks:warped_sign_from_warped_stems_sawing as it's serializer returned null
[26Feb2025 04:53:31.293] [main/ERROR] [net.minecraft.world.item.crafting.RecipeManager/]: Parsing error loading recipe legendary_monsters:purified_soul: com.google.gson.JsonSyntaxException: Invalid or unsupported recipe type 'minecraft:brewing'
[26Feb2025 04:53:31.294] [main/INFO] [net.minecraft.world.item.crafting.RecipeManager/]: Skipping loading recipe everycomp:abnww/ecologics/flowering_azalea_trapdoor_from_flowering_azalea_logs_sawing as it's serializer returned null
[26Feb2025 04:53:31.294] [main/INFO] [net.minecraft.world.item.crafting.RecipeManager/]: Skipping loading recipe everycomp:abnww/undergarden/smogstem_door_from_smogstem_logs_sawing as it's serializer returned null
[26Feb2025 04:53:31.294] [main/INFO] [net.minecraft.world.item.crafting.RecipeManager/]: Skipping loading recipe everycomp:abnww/biomesoplenty/umbran_stairs_from_umbran_logs_sawing as it's serializer returned null
[26Feb2025 04:53:31.294] [main/INFO] [net.minecraft.world.item.crafting.RecipeManager/]: Skipping loading recipe everycomp:abnww/regions_unexplored/brimwood_slab_from_brimwood_planks_sawing as it's serializer returned null
[26Feb2025 04:53:31.295] [main/INFO] [net.minecraft.world.item.crafting.RecipeManager/]: Skipping loading recipe everycomp:abnww/biomesoplenty/magic_slab_from_magic_planks_sawing as it's serializer returned null
[26Feb2025 04:53:31.295] [main/INFO] [net.minecraft.world.item.crafting.RecipeManager/]: Skipping loading recipe everycomp:abnww/regions_unexplored/pink_bioshroom_sign_from_pink_bioshroom_logs_sawing as it's serializer returned null
[26Feb2025 04:53:31.295] [main/INFO] [net.minecraft.world.item.crafting.RecipeManager/]: Skipping loading recipe everycomp:abnww/regions_unexplored/larch_boards_from_larch_logs_sawing as it's serializer returned null
[26Feb2025 04:53:31.295] [main/INFO] [net.minecraft.world.item.crafting.RecipeManager/]: Skipping loading recipe everycomp:abnww/regions_unexplored/socotra_boards_from_socotra_planks_sawing as it's serializer returned null
[26Feb2025 04:53:31.295] [main/INFO] [net.minecraft.world.item.crafting.RecipeManager/]: Skipping loading recipe woodworks:dark_oak_boards_from_dark_oak_planks_sawing as it's serializer returned null
[26Feb2025 04:53:31.295] [main/INFO] [net.minecraft.world.item.crafting.RecipeManager/]: Skipping loading recipe everycomp:abnww/regions_unexplored/joshua_fence_gate_from_joshua_logs_sawing as it's serializer returned null
[26Feb2025 04:53:31.302] [main/INFO] [net.minecraft.world.item.crafting.RecipeManager/]: Skipping loading recipe everycomp:abnww/biomesoplenty/willow_fence_from_willow_logs_sawing as it's serializer returned null
[26Feb2025 04:53:31.303] [main/INFO] [net.minecraft.world.item.crafting.RecipeManager/]: Skipping loading recipe everycomp:abnww/netherexp/claret_ladder_from_claret_planks_sawing as it's serializer returned null
[26Feb2025 04:53:31.303] [main/INFO] [net.minecraft.world.item.crafting.RecipeManager/]: Skipping loading recipe woodworks:oak_fence_from_oak_logs_sawing as it's serializer returned null
[26Feb2025 04:53:31.303] [main/INFO] [net.minecraft.world.item.crafting.RecipeManager/]: Skipping loading recipe woodworks:dark_oak_stairs_from_dark_oak_logs_sawing as it's serializer returned null
[26Feb2025 04:53:31.303] [main/INFO] [net.minecraft.world.item.crafting.RecipeManager/]: Skipping loading recipe everycomp:abnww/regions_unexplored/baobab_sign_from_baobab_logs_sawing as it's serializer returned null
[26Feb2025 04:53:31.304] [main/INFO] [net.minecraft.world.item.crafting.RecipeManager/]: Skipping loading recipe everycomp:abnww/regions_unexplored/willow_fence_gate_from_willow_logs_sawing as it's serializer returned null
[26Feb2025 04:53:31.304] [main/INFO] [net.minecraft.world.item.crafting.RecipeManager/]: Skipping loading recipe everycomp:abnww/regions_unexplored/eucalyptus_fence_gate_from_eucalyptus_logs_sawing as it's serializer returned null
[26Feb2025 04:53:31.304] [main/INFO] [net.minecraft.world.item.crafting.RecipeManager/]: Skipping loading recipe everycomp:abnww/biomesoplenty/dead_boards_from_dead_planks_sawing as it's serializer returned null
[26Feb2025 04:53:31.307] [main/INFO] [net.minecraft.world.item.crafting.RecipeManager/]: Skipping loading recipe everycomp:abnww/biomesoplenty/fir_pressure_plate_from_fir_logs_sawing as it's serializer returned null
[26Feb2025 04:53:31.309] [main/INFO] [net.minecraft.world.item.crafting.RecipeManager/]: Skipping loading recipe everycomp:abnww/netherexp/claret_slab_from_claret_planks_sawing as it's serializer returned null
[26Feb2025 04:53:31.309] [main/INFO] [net.minecraft.world.item.crafting.RecipeManager/]: Skipping loading recipe woodworks:oak_fence_gate_from_oak_logs_sawing as it's serializer returned null
[26Feb2025 04:53:31.309] [main/INFO] [net.minecraft.world.item.crafting.RecipeManager/]: Skipping loading recipe everycomp:abnww/undergarden/grongle_pressure_plate_from_grongle_logs_sawing as it's serializer returned null
[26Feb2025 04:53:31.311] [main/INFO] [net.minecraft.world.item.crafting.RecipeManager/]: Skipping loading recipe woodworks:mangrove_leaves_from_leaf_piles as it's serializer returned null
[26Feb2025 04:53:31.312] [main/ERROR] [net.minecraft.world.item.crafting.RecipeManager/]: Parsing error loading recipe waystones:mossy_waystone_convert: com.google.gson.JsonSyntaxException: Missing type, expected to find a string
[26Feb2025 04:53:31.312] [main/INFO] [net.minecraft.world.item.crafting.RecipeManager/]: Skipping loading recipe everycomp:abnww/regions_unexplored/brimwood_door_from_brimwood_logs_sawing as it's serializer returned null
[26Feb2025 04:53:31.312] [main/INFO] [net.minecraft.world.item.crafting.RecipeManager/]: Skipping loading recipe everycomp:abnww/regions_unexplored/brimwood_button_from_brimwood_logs_sawing as it's serializer returned null
[26Feb2025 04:53:31.312] [main/INFO] [net.minecraft.world.item.crafting.RecipeManager/]: Skipping loading recipe everycomp:abnww/regions_unexplored/green_bioshroom_fence_from_green_bioshroom_planks_sawing as it's serializer returned null
[26Feb2025 04:53:31.312] [main/INFO] [net.minecraft.world.item.crafting.RecipeManager/]: Skipping loading recipe everycomp:abnww/biomesoplenty/fir_button_from_fir_logs_sawing as it's serializer returned null
[26Feb2025 04:53:31.313] [main/INFO] [net.minecraft.world.item.crafting.RecipeManager/]: Skipping loading recipe everycomp:abnww/alexscaves/thornwood_ladder_from_thornwood_planks_sawing as it's serializer returned null
[26Feb2025 04:53:31.313] [main/INFO] [net.minecraft.world.item.crafting.RecipeManager/]: Skipping loading recipe everycomp:abnww/regions_unexplored/magnolia_sign_from_magnolia_logs_sawing as it's serializer returned null
[26Feb2025 04:53:31.313] [main/INFO] [net.minecraft.world.item.crafting.RecipeManager/]: Skipping loading recipe upgrade_aquatic:kelpy_cobblestone_tile_slab as it's serializer returned null
[26Feb2025 04:53:31.315] [main/INFO] [net.minecraft.world.item.crafting.RecipeManager/]: Skipping loading recipe everycomp:abnww/biomesoplenty/hellbark_sign_from_hellbark_logs_sawing as it's serializer returned null
[26Feb2025 04:53:31.317] [main/INFO] [net.minecraft.world.item.crafting.RecipeManager/]: Skipping loading recipe everycomp:abnww/regions_unexplored/willow_pressure_plate_from_willow_logs_sawing as it's serializer returned null
[26Feb2025 04:53:31.317] [main/INFO] [net.minecraft.world.item.crafting.RecipeManager/]: Skipping loading recipe everycomp:abnww/biomesoplenty/dead_sign_from_dead_logs_sawing as it's serializer returned null
[26Feb2025 04:53:31.317] [main/INFO] [net.minecraft.world.item.crafting.RecipeManager/]: Skipping loading recipe everycomp:abnww/biomesoplenty/fir_planks_from_fir_logs_sawing as it's serializer returned null
[26Feb2025 04:53:31.317] [main/INFO] [net.minecraft.world.item.crafting.RecipeManager/]: Skipping loading recipe woodworks:dark_oak_trapdoor_from_dark_oak_logs_sawing as it's serializer returned null
[26Feb2025 04:53:31.317] [main/INFO] [net.minecraft.world.item.crafting.RecipeManager/]: Skipping loading recipe everycomp:abnww/regions_unexplored/joshua_slab_from_joshua_planks_sawing as it's serializer returned null
[26Feb2025 04:53:31.318] [main/INFO] [net.minecraft.world.item.crafting.RecipeManager/]: Skipping loading recipe everycomp:abnww/regions_unexplored/blue_bioshroom_slab_from_blue_bioshroom_logs_sawing as it's serializer returned null
[26Feb2025 04:53:31.318] [main/INFO] [net.minecraft.world.item.crafting.RecipeManager/]: Skipping loading recipe everycomp:abnww/betterarcheology/rotten_stairs_from_rotten_planks_sawing as it's serializer returned null
[26Feb2025 04:53:31.318] [main/INFO] [net.minecraft.world.item.crafting.RecipeManager/]: Skipping loading recipe everycomp:abnww/regions_unexplored/maple_boards_from_maple_logs_sawing as it's serializer returned null
[26Feb2025 04:53:31.318] [main/INFO] [net.minecraft.world.item.crafting.RecipeManager/]: Skipping loading recipe everycomp:abnww/palegardenbackport/pale_oak_trapdoor_from_pale_oak_logs_sawing as it's serializer returned null
[26Feb2025 04:53:31.318] [main/INFO] [net.minecraft.world.item.crafting.RecipeManager/]: Skipping loading recipe everycomp:abnww/regions_unexplored/maple_pressure_plate_from_maple_logs_sawing as it's serializer returned null
[26Feb2025 04:53:31.320] [main/INFO] [net.minecraft.world.item.crafting.RecipeManager/]: Skipping loading recipe woodworks:spruce_stairs_from_spruce_logs_sawing as it's serializer returned null
[26Feb2025 04:53:31.321] [main/INFO] [net.minecraft.world.item.crafting.RecipeManager/]: Skipping loading recipe everycomp:abnww/born_in_chaos_v1/scorched_button_from_scorched_logs_sawing as it's serializer returned null
[26Feb2025 04:53:31.323] [main/INFO] [net.minecraft.world.item.crafting.RecipeManager/]: Skipping loading recipe everycomp:abnww/undergarden/smogstem_planks_from_smogstem_logs_sawing as it's serializer returned null
[26Feb2025 04:53:31.323] [main/INFO] [net.minecraft.world.item.crafting.RecipeManager/]: Skipping loading recipe everycomp:abnww/biomemakeover/swamp_cypress_boards_from_swamp_cypress_planks_sawing as it's serializer returned null
[26Feb2025 04:53:31.325] [main/INFO] [net.minecraft.world.item.crafting.RecipeManager/]: Skipping loading recipe everycomp:abnww/biomemakeover/ancient_oak_pressure_plate_from_ancient_oak_logs_sawing as it's serializer returned null
[26Feb2025 04:53:31.325] [main/INFO] [net.minecraft.world.item.crafting.RecipeManager/]: Skipping loading recipe everycomp:abnww/regions_unexplored/eucalyptus_boards_from_eucalyptus_planks_sawing as it's serializer returned null
[26Feb2025 04:53:31.325] [main/INFO] [net.minecraft.world.item.crafting.RecipeManager/]: Skipping loading recipe upgrade_aquatic:river_planks_from_river_logs_sawing as it's serializer returned null
[26Feb2025 04:53:31.326] [main/INFO] [net.minecraft.world.item.crafting.RecipeManager/]: Skipping loading recipe everycomp:abnww/undergarden/smogstem_slab_from_smogstem_planks_sawing as it's serializer returned null
[26Feb2025 04:53:31.326] [main/INFO] [net.minecraft.world.item.crafting.RecipeManager/]: Skipping loading recipe everycomp:abnww/regions_unexplored/redwood_sign_from_redwood_logs_sawing as it's serializer returned null
[26Feb2025 04:53:31.330] [main/INFO] [net.minecraft.world.item.crafting.RecipeManager/]: Skipping loading recipe everycomp:abnww/biomesoplenty/fir_boards_from_fir_planks_sawing as it's serializer returned null
[26Feb2025 04:53:31.330] [main/INFO] [net.minecraft.world.item.crafting.RecipeManager/]: Skipping loading recipe everycomp:abnww/regions_unexplored/cypress_stairs_from_cypress_logs_sawing as it's serializer returned null
[26Feb2025 04:53:31.330] [main/INFO] [net.minecraft.world.item.crafting.RecipeManager/]: Skipping loading recipe everycomp:abnww/biomesoplenty/mahogany_door_from_mahogany_logs_sawing as it's serializer returned null
[26Feb2025 04:53:31.333] [main/ERROR] [net.minecraft.world.item.crafting.RecipeManager/]: Parsing error loading recipe miningmaster:forging/paragon_shield: com.google.gson.JsonSyntaxException: Invalid or unsupported recipe type 'miningmaster:forging_recipe'
[26Feb2025 04:53:31.334] [main/INFO] [net.minecraft.world.item.crafting.RecipeManager/]: Skipping loading recipe everycomp:abnww/undergarden/smogstem_button_from_smogstem_planks_sawing as it's serializer returned null
[26Feb2025 04:53:31.335] [main/INFO] [net.minecraft.world.item.crafting.RecipeManager/]: Skipping loading recipe upgrade_aquatic:driftwood_trapdoor_from_driftwood_logs_sawing as it's serializer returned null
[26Feb2025 04:53:31.335] [main/INFO] [net.minecraft.world.item.crafting.RecipeManager/]: Skipping loading recipe everycomp:abnww/regions_unexplored/dead_boards_from_dead_logs_sawing as it's serializer returned null
[26Feb2025 04:53:31.335] [main/INFO] [net.minecraft.world.item.crafting.RecipeManager/]: Skipping loading recipe everycomp:abnww/biomesoplenty/fir_slab_from_fir_planks_sawing as it's serializer returned null
[26Feb2025 04:53:31.335] [main/INFO] [net.minecraft.world.item.crafting.RecipeManager/]: Skipping loading recipe everycomp:abnww/regions_unexplored/green_bioshroom_button_from_green_bioshroom_logs_sawing as it's serializer returned null
[26Feb2025 04:53:31.335] [main/INFO] [net.minecraft.world.item.crafting.RecipeManager/]: Skipping loading recipe everycomp:abnww/regions_unexplored/baobab_button_from_baobab_planks_sawing as it's serializer returned null
[26Feb2025 04:53:31.335] [main/INFO] [net.minecraft.world.item.crafting.RecipeManager/]: Skipping loading recipe upgrade_aquatic:kelpy_cobblestone_bricks_from_kelpy_cobblestone_stonecutting as it's serializer returned null
[26Feb2025 04:53:31.337] [main/INFO] [net.minecraft.world.item.crafting.RecipeManager/]: Skipping loading recipe woodworks:birch_pressure_plate_from_birch_logs_sawing as it's serializer returned null
[26Feb2025 04:53:31.337] [main/INFO] [net.minecraft.world.item.crafting.RecipeManager/]: Skipping loading recipe everycomp:abnww/regions_unexplored/green_bioshroom_boards_from_green_bioshroom_planks_sawing as it's serializer returned null
[26Feb2025 04:53:31.339] [main/INFO] [net.minecraft.world.item.crafting.RecipeManager/]: Skipping loading recipe everycomp:abnww/biomemakeover/swamp_cypress_door_from_swamp_cypress_logs_sawing as it's serializer returned null
[26Feb2025 04:53:31.341] [main/INFO] [net.minecraft.world.item.crafting.RecipeManager/]: Skipping loading recipe everycomp:abnww/ecologics/coconut_boards_from_coconut_planks_sawing as it's serializer returned null
[26Feb2025 04:53:31.342] [main/INFO] [net.minecraft.world.item.crafting.RecipeManager/]: Skipping loading recipe everycomp:abnww/biomemakeover/swamp_cypress_trapdoor_from_swamp_cypress_logs_sawing as it's serializer returned null
[26Feb2025 04:53:31.342] [main/ERROR] [net.minecraft.world.item.crafting.RecipeManager/]: Parsing error loading recipe shutter:muddy_oak_shutter: com.google.gson.JsonSyntaxException: Unknown item 'goodending:muddy_oak_slab'
[26Feb2025 04:53:31.342] [main/INFO] [net.minecraft.world.item.crafting.RecipeManager/]: Skipping loading recipe everycomp:abnww/biomesoplenty/hellbark_planks_from_hellbark_logs_sawing as it's serializer returned null
[26Feb2025 04:53:31.342] [main/INFO] [net.minecraft.world.item.crafting.RecipeManager/]: Skipping loading recipe everycomp:abnww/biomesoplenty/palm_trapdoor_from_palm_logs_sawing as it's serializer returned null
[26Feb2025 04:53:31.342] [main/INFO] [net.minecraft.world.item.crafting.RecipeManager/]: Skipping loading recipe upgrade_aquatic:kelpy_cobblestone_brick_slab_from_kelpy_cobblestone_stonecutting as it's serializer returned null
[26Feb2025 04:53:31.342] [main/INFO] [net.minecraft.world.item.crafting.RecipeManager/]: Skipping loading recipe woodworks:spruce_stairs_from_spruce_planks_sawing as it's serializer returned null
[26Feb2025 04:53:31.343] [main/INFO] [net.minecraft.world.item.crafting.RecipeManager/]: Skipping loading recipe upgrade_aquatic:river_stairs_from_river_logs_sawing as it's serializer returned null
[26Feb2025 04:53:31.343] [main/INFO] [net.minecraft.world.item.crafting.RecipeManager/]: Skipping loading recipe everycomp:abnww/biomesoplenty/redwood_trapdoor_from_redwood_logs_sawing as it's serializer returned null
[26Feb2025 04:53:31.345] [main/INFO] [net.minecraft.world.item.crafting.RecipeManager/]: Skipping loading recipe everycomp:abnww/betterarcheology/rotten_ladder_from_rotten_logs_sawing as it's serializer returned null
[26Feb2025 04:53:31.345] [main/INFO] [net.minecraft.world.item.crafting.RecipeManager/]: Skipping loading recipe everycomp:abnww/regions_unexplored/palm_boards_from_palm_logs_sawing as it's serializer returned null
[26Feb2025 04:53:31.345] [main/INFO] [net.minecraft.world.item.crafting.RecipeManager/]: Skipping loading recipe everycomp:abnww/regions_unexplored/yellow_bioshroom_stairs_from_yellow_bioshroom_logs_sawing as it's serializer returned null
[26Feb2025 04:53:31.345] [main/INFO] [net.minecraft.world.item.crafting.RecipeManager/]: Skipping loading recipe everycomp:abnww/undergarden/grongle_boards_from_grongle_logs_sawing as it's serializer returned null
[26Feb2025 04:53:31.347] [main/INFO] [net.minecraft.world.item.crafting.RecipeManager/]: Skipping loading recipe everycomp:abnww/regions_unexplored/larch_ladder_from_larch_logs_sawing as it's serializer returned null
[26Feb2025 04:53:31.347] [main/INFO] [net.minecraft.world.item.crafting.RecipeManager/]: Skipping loading recipe everycomp:abnww/regions_unexplored/dead_button_from_dead_planks_sawing as it's serializer returned null
[26Feb2025 04:53:31.347] [main/INFO] [net.minecraft.world.item.crafting.RecipeManager/]: Skipping loading recipe upgrade_aquatic:river_fence_gate_from_river_logs_sawing as it's serializer returned null
[26Feb2025 04:53:31.347] [main/INFO] [net.minecraft.world.item.crafting.RecipeManager/]: Skipping loading recipe everycomp:abnww/biomesoplenty/umbran_ladder_from_umbran_planks_sawing as it's serializer returned null
[26Feb2025 04:53:31.352] [main/INFO] [net.minecraft.world.item.crafting.RecipeManager/]: Skipping loading recipe everycomp:abnww/regions_unexplored/larch_door_from_larch_logs_sawing as it's serializer returned null
[26Feb2025 04:53:31.353] [main/INFO] [net.minecraft.world.item.crafting.RecipeManager/]: Skipping loading recipe everycomp:abnww/regions_unexplored/yellow_bioshroom_button_from_yellow_bioshroom_logs_sawing as it's serializer returned null
[26Feb2025 04:53:31.353] [main/INFO] [net.minecraft.world.item.crafting.RecipeManager/]: Skipping loading recipe everycomp:abnww/netherexp/claret_stairs_from_claret_planks_sawing as it's serializer returned null
[26Feb2025 04:53:31.353] [main/INFO] [net.minecraft.world.item.crafting.RecipeManager/]: Skipping loading recipe everycomp:abnww/ecologics/azalea_trapdoor_from_azalea_logs_sawing as it's serializer returned null
[26Feb2025 04:53:31.353] [main/INFO] [net.minecraft.world.item.crafting.RecipeManager/]: Skipping loading recipe everycomp:abnww/undergarden/grongle_ladder_from_grongle_planks_sawing as it's serializer returned null
[26Feb2025 04:53:31.355] [main/INFO] [net.minecraft.world.item.crafting.RecipeManager/]: Skipping loading recipe everycomp:abnww/ecologics/flowering_azalea_boards_from_flowering_azalea_logs_sawing as it's serializer returned null
[26Feb2025 04:53:31.358] [main/INFO] [net.minecraft.world.item.crafting.RecipeManager/]: Skipping loading recipe everycomp:abnww/regions_unexplored/blackwood_fence_from_blackwood_planks_sawing as it's serializer returned null
[26Feb2025 04:53:31.360] [main/INFO] [net.minecraft.world.item.crafting.RecipeManager/]: Skipping loading recipe everycomp:abnww/regions_unexplored/baobab_boards_from_baobab_logs_sawing as it's serializer returned null
[26Feb2025 04:53:31.361] [main/INFO] [net.minecraft.world.item.crafting.RecipeManager/]: Skipping loading recipe everycomp:abnww/regions_unexplored/palm_button_from_palm_planks_sawing as it's serializer returned null
[26Feb2025 04:53:31.361] [main/INFO] [net.minecraft.world.item.crafting.RecipeManager/]: Skipping loading recipe everycomp:abnww/biomemakeover/blighted_balsa_fence_from_blighted_balsa_planks_sawing as it's serializer returned null
[26Feb2025 04:53:31.361] [main/INFO] [net.minecraft.world.item.crafting.RecipeManager/]: Skipping loading recipe everycomp:abnww/voidscape/thunder_slab_from_thunder_planks_sawing as it's serializer returned null
[26Feb2025 04:53:31.361] [main/INFO] [net.minecraft.world.item.crafting.RecipeManager/]: Skipping loading recipe everycomp:abnww/regions_unexplored/larch_fence_from_larch_planks_sawing as it's serializer returned null
[26Feb2025 04:53:31.361] [main/INFO] [net.minecraft.world.item.crafting.RecipeManager/]: Skipping loading recipe upgrade_aquatic:kelpy_cobblestone_brick_stairs as it's serializer returned null
[26Feb2025 04:53:31.361] [main/INFO] [net.minecraft.world.item.crafting.RecipeManager/]: Skipping loading recipe everycomp:abnww/undergarden/grongle_button_from_grongle_logs_sawing as it's serializer returned null
[26Feb2025 04:53:31.362] [main/INFO] [net.minecraft.world.item.crafting.RecipeManager/]: Skipping loading recipe upgrade_aquatic:large_driftwood_boat as it's serializer returned null
[26Feb2025 04:53:31.362] [main/INFO] [net.minecraft.world.item.crafting.RecipeManager/]: Skipping loading recipe upgrade_aquatic:kelpy_cobblestone_tiles_from_kelpy_cobblestone_bricks_stonecutting as it's serializer returned null
[26Feb2025 04:53:31.362] [main/INFO] [net.minecraft.world.item.crafting.RecipeManager/]: Skipping loading recipe everycomp:abnww/regions_unexplored/green_bioshroom_trapdoor_from_green_bioshroom_logs_sawing as it's serializer returned null
[26Feb2025 04:53:31.364] [main/INFO] [net.minecraft.world.item.crafting.RecipeManager/]: Skipping loading recipe everycomp:abnww/biomesoplenty/dead_ladder_from_dead_logs_sawing as it's serializer returned null
[26Feb2025 04:53:31.364] [main/INFO] [net.minecraft.world.item.crafting.RecipeManager/]: Skipping loading recipe everycomp:abnww/biomesoplenty/palm_boards_from_palm_planks_sawing as it's serializer returned null
[26Feb2025 04:53:31.364] [main/INFO] [net.minecraft.world.item.crafting.RecipeManager/]: Skipping loading recipe everycomp:abnww/biomesoplenty/jacaranda_stairs_from_jacaranda_planks_sawing as it's serializer returned null
[26Feb2025 04:53:31.364] [main/INFO] [net.minecraft.world.item.crafting.RecipeManager/]: Skipping loading recipe everycomp:abnww/regions_unexplored/mauve_button_from_mauve_planks_sawing as it's serializer returned null
[26Feb2025 04:53:31.365] [main/INFO] [net.minecraft.world.item.crafting.RecipeManager/]: Skipping loading recipe everycomp:abnww/regions_unexplored/palm_fence_from_palm_planks_sawing as it's serializer returned null
[26Feb2025 04:53:31.366] [main/INFO] [net.minecraft.world.item.crafting.RecipeManager/]: Skipping loading recipe everycomp:abnww/regions_unexplored/pine_slab_from_pine_planks_sawing as it's serializer returned null
[26Feb2025 04:53:31.366] [main/INFO] [net.minecraft.world.item.crafting.RecipeManager/]: Skipping loading recipe everycomp:abnww/ecologics/azalea_button_from_azalea_planks_sawing as it's serializer returned null
[26Feb2025 04:53:31.367] [main/INFO] [net.minecraft.world.item.crafting.RecipeManager/]: Skipping loading recipe woodworks:warped_stairs_from_warped_stems_sawing as it's serializer returned null
[26Feb2025 04:53:31.367] [main/INFO] [net.minecraft.world.item.crafting.RecipeManager/]: Skipping loading recipe everycomp:abnww/regions_unexplored/eucalyptus_sign_from_eucalyptus_logs_sawing as it's serializer returned null
[26Feb2025 04:53:31.367] [main/INFO] [net.minecraft.world.item.crafting.RecipeManager/]: Skipping loading recipe everycomp:abnww/snifferplus/stone_pine_fence_from_stone_pine_planks_sawing as it's serializer returned null
[26Feb2025 04:53:31.367] [main/INFO] [net.minecraft.world.item.crafting.RecipeManager/]: Skipping loading recipe woodworks:spruce_fence_from_spruce_planks_sawing as it's serializer returned null
[26Feb2025 04:53:31.367] [main/INFO] [net.minecraft.world.item.crafting.RecipeManager/]: Skipping loading recipe everycomp:abnww/undergarden/grongle_slab_from_grongle_logs_sawing as it's serializer returned null
[26Feb2025 04:53:31.367] [main/INFO] [net.minecraft.world.item.crafting.RecipeManager/]: Skipping loading recipe everycomp:abnww/biomesoplenty/umbran_sign_from_umbran_logs_sawing as it's serializer returned null
[26Feb2025 04:53:31.368] [main/INFO] [net.minecraft.world.item.crafting.RecipeManager/]: Skipping loading recipe woodworks:spruce_beehive as it's serializer returned null
[26Feb2025 04:53:31.368] [main/INFO] [net.minecraft.world.item.crafting.RecipeManager/]: Skipping loading recipe everycomp:abnww/netherexp/claret_slab_from_claret_logs_sawing as it's serializer returned null
[26Feb2025 04:53:31.368] [main/INFO] [net.minecraft.world.item.crafting.RecipeManager/]: Skipping loading recipe everycomp:abnww/biomemakeover/willow_ladder_from_willow_logs_sawing as it's serializer returned null
[26Feb2025 04:53:31.368] [main/INFO] [net.minecraft.world.item.crafting.RecipeManager/]: Skipping loading recipe everycomp:abnww/deeperdarker/echo_stairs_from_echo_planks_sawing as it's serializer returned null
[26Feb2025 04:53:31.368] [main/INFO] [net.minecraft.world.item.crafting.RecipeManager/]: Skipping loading recipe everycomp:abnww/biomesoplenty/fir_stairs_from_fir_logs_sawing as it's serializer returned null
[26Feb2025 04:53:31.370] [main/INFO] [net.minecraft.world.item.crafting.RecipeManager/]: Skipping loading recipe woodworks:birch_leaf_pile as it's serializer returned null
[26Feb2025 04:53:31.371] [main/INFO] [net.minecraft.world.item.crafting.RecipeManager/]: Skipping loading recipe everycomp:abnww/biomemakeover/swamp_cypress_planks_from_swamp_cypress_logs_sawing as it's serializer returned null
[26Feb2025 04:53:31.371] [main/INFO] [net.minecraft.world.item.crafting.RecipeManager/]: Skipping loading recipe everycomp:abnww/regions_unexplored/green_bioshroom_sign_from_green_bioshroom_logs_sawing as it's serializer returned null
[26Feb2025 04:53:31.371] [main/ERROR] [net.minecraft.world.item.crafting.RecipeManager/]: Parsing error loading recipe shieldexp:griefer_shield: com.google.gson.JsonSyntaxException: Unknown item 'savage_and_ravage:blast_proof_plating'
[26Feb2025 04:53:31.371] [main/INFO] [net.minecraft.world.item.crafting.RecipeManager/]: Skipping loading recipe upgrade_aquatic:driftwood_stairs_from_driftwood_logs_sawing as it's serializer returned null
[26Feb2025 04:53:31.372] [main/INFO] [net.minecraft.world.item.crafting.RecipeManager/]: Skipping loading recipe woodworks:cherry_stairs_from_cherry_logs_sawing as it's serializer returned null
[26Feb2025 04:53:31.372] [main/INFO] [net.minecraft.world.item.crafting.RecipeManager/]: Skipping loading recipe everycomp:abnww/biomesoplenty/dead_slab_from_dead_logs_sawing as it's serializer returned null
[26Feb2025 04:53:31.372] [main/INFO] [net.minecraft.world.item.crafting.RecipeManager/]: Skipping loading recipe everycomp:abnww/regions_unexplored/cobalt_stairs_from_cobalt_logs_sawing as it's serializer returned null
[26Feb2025 04:53:31.376] [main/INFO] [net.minecraft.world.item.crafting.RecipeManager/]: Loaded 31 recipes
[26Feb2025 04:53:31.379] [main/INFO] [com.possible_triangle.sliceanddice.SliceAndDice/]: Injecting recipes
[26Feb2025 04:53:31.429] [main/WARN] [com.recipeessentials.RecipeEssentials/]: Recipe without matching ID:sliceanddice:farmersdelight_cutting/brown_mushroom_colony
[26Feb2025 04:53:31.429] [main/WARN] [com.recipeessentials.RecipeEssentials/]: Recipe without matching ID:sliceanddice:farmersdelight_cutting/bamboo_trapdoor
[26Feb2025 04:53:31.429] [main/WARN] [com.recipeessentials.RecipeEssentials/]: Recipe without matching ID:sliceanddice:everycomp_fd/cutting/ecologics/coconut_door
[26Feb2025 04:53:31.429] [main/WARN] [com.recipeessentials.RecipeEssentials/]: Recipe without matching ID:sliceanddice:everycomp_fd/cutting/undergarden/smogstem_door
[26Feb2025 04:53:31.429] [main/WARN] [com.recipeessentials.RecipeEssentials/]: Recipe without matching ID:sliceanddice:alexscavesdelight_cutting/cut_sweetish_fish_pink
[26Feb2025 04:53:31.429] [main/WARN] [com.recipeessentials.RecipeEssentials/]: Recipe without matching ID:sliceanddice:everycomp_fd/cutting/snifferplus/stone_pine_door
[26Feb2025 04:53:31.429] [main/WARN] [com.recipeessentials.RecipeEssentials/]: Recipe without matching ID:sliceanddice:farmersdelight_cutting/smoked_ham
[26Feb2025 04:53:31.429] [main/WARN] [com.recipeessentials.RecipeEssentials/]: Recipe without matching ID:sliceanddice:everycomp_fd/cutting/regions_unexplored/green_bioshroom_wood
[26Feb2025 04:53:31.429] [main/WARN] [com.recipeessentials.RecipeEssentials/]: Recipe without matching ID:sliceanddice:farmersdelight_cutting/mangrove_trapdoor
[26Feb2025 04:53:31.430] [main/WARN] [com.recipeessentials.RecipeEssentials/]: Recipe without matching ID:sliceanddice:everycomp_fd/cutting/undergarden/smogstem_hanging_sign
[26Feb2025 04:53:31.430] [main/WARN] [com.recipeessentials.RecipeEssentials/]: Recipe without matching ID:sliceanddice:everycomp_fd/cutting/regions_unexplored/redwood_trapdoor
[26Feb2025 04:53:31.430] [main/WARN] [com.recipeessentials.RecipeEssentials/]: Recipe without matching ID:sliceanddice:farmersdelight_cutting/oak_trapdoor
[26Feb2025 04:53:31.430] [main/WARN] [com.recipeessentials.RecipeEssentials/]: Recipe without matching ID:sliceanddice:everycomp_fd/cutting/netherexp/claret_log
[26Feb2025 04:53:31.430] [main/WARN] [com.recipeessentials.RecipeEssentials/]: Recipe without matching ID:sliceanddice:everycomp_fd/cutting/regions_unexplored/cypress_trapdoor
[26Feb2025 04:53:31.430] [main/WARN] [com.recipeessentials.RecipeEssentials/]: Recipe without matching ID:sliceanddice:farmersdelight_cutting/leather_leggings
[26Feb2025 04:53:31.430] [main/WARN] [com.recipeessentials.RecipeEssentials/]: Recipe without matching ID:sliceanddice:everycomp_fd/cutting/regions_unexplored/brimwood_hanging_sign
[26Feb2025 04:53:31.430] [main/WARN] [com.recipeessentials.RecipeEssentials/]: Recipe without matching ID:sliceanddice:everycomp_fd/cutting/alexscaves/thornwood_door
[26Feb2025 04:53:31.430] [main/WARN] [com.recipeessentials.RecipeEssentials/]: Recipe without matching ID:sliceanddice:farmersdelight_cutting/apple_pie
[26Feb2025 04:53:31.430] [main/WARN] [com.recipeessentials.RecipeEssentials/]: Recipe without matching ID:sliceanddice:everycomp_fd/cutting/regions_unexplored/cypress_sign
[26Feb2025 04:53:31.430] [main/WARN] [com.recipeessentials.RecipeEssentials/]: Recipe without matching ID:sliceanddice:farmersdelight_cutting/acacia_hanging_sign
[26Feb2025 04:53:31.430] [main/WARN] [com.recipeessentials.RecipeEssentials/]: Recipe without matching ID:sliceanddice:everycomp_fd/cutting/deeperdarker/echo_wood
[26Feb2025 04:53:31.430] [main/WARN] [com.recipeessentials.RecipeEssentials/]: Recipe without matching ID:sliceanddice:farmersdelight_cutting/cake
[26Feb2025 04:53:31.430] [main/WARN] [com.recipeessentials.RecipeEssentials/]: Recipe without matching ID:sliceanddice:everycomp_fd/cutting/born_in_chaos_v1/scorched_trapdoor
[26Feb2025 04:53:31.430] [main/WARN] [com.recipeessentials.RecipeEssentials/]: Recipe without matching ID:sliceanddice:farmersdelight_cutting/sweet_berry_cheesecake
[26Feb2025 04:53:31.430] [main/WARN] [com.recipeessentials.RecipeEssentials/]: Recipe without matching ID:sliceanddice:aquaculturedelight_cutting/knife/red_shrooma
[26Feb2025 04:53:31.430] [main/WARN] [com.recipeessentials.RecipeEssentials/]: Recipe without matching ID:sliceanddice:undergardendelight_cutting/knife/dweller_steak
[26Feb2025 04:53:31.430] [main/WARN] [com.recipeessentials.RecipeEssentials/]: Recipe without matching ID:sliceanddice:everycomp_fd/cutting/regions_unexplored/brimwood_sign
[26Feb2025 04:53:31.430] [main/WARN] [com.recipeessentials.RecipeEssentials/]: Recipe without matching ID:sliceanddice:everycomp_fd/cutting/regions_unexplored/willow_trapdoor
[26Feb2025 04:53:31.430] [main/WARN] [com.recipeessentials.RecipeEssentials/]: Recipe without matching ID:sliceanddice:everycomp_fd/cutting/biomesoplenty/mahogany_wood
[26Feb2025 04:53:31.430] [main/WARN] [com.recipeessentials.RecipeEssentials/]: Recipe without matching ID:sliceanddice:everycomp_fd/cutting/upgrade_aquatic/river_sign
[26Feb2025 04:53:31.430] [main/WARN] [com.recipeessentials.RecipeEssentials/]: Recipe without matching ID:sliceanddice:farmersdelight_cutting/crimson_stem
[26Feb2025 04:53:31.430] [main/WARN] [com.recipeessentials.RecipeEssentials/]: Recipe without matching ID:sliceanddice:everycomp_fd/cutting/ecologics/walnut_door
[26Feb2025 04:53:31.431] [main/WARN] [com.recipeessentials.RecipeEssentials/]: Recipe without matching ID:sliceanddice:undergardendelight_cutting/knife/mogmoss
[26Feb2025 04:53:31.431] [main/WARN] [com.recipeessentials.RecipeEssentials/]: Recipe without matching ID:sliceanddice:everycomp_fd/cutting/regions_unexplored/kapok_sign
[26Feb2025 04:53:31.431] [main/WARN] [com.recipeessentials.RecipeEssentials/]: Recipe without matching ID:sliceanddice:everycomp_fd/cutting/regions_unexplored/redwood_hanging_sign
[26Feb2025 04:53:31.431] [main/WARN] [com.recipeessentials.RecipeEssentials/]: Recipe without matching ID:sliceanddice:everycomp_fd/cutting/upgrade_aquatic/driftwood_door
[26Feb2025 04:53:31.431] [main/WARN] [com.recipeessentials.RecipeEssentials/]: Recipe without matching ID:sliceanddice:aquaculturedelight_cutting/knife/brown_shrooma
[26Feb2025 04:53:31.431] [main/WARN] [com.recipeessentials.RecipeEssentials/]: Recipe without matching ID:sliceanddice:alexscavesdelight_cutting/cut_sweetish_fish_yellow
[26Feb2025 04:53:31.431] [main/WARN] [com.recipeessentials.RecipeEssentials/]: Recipe without matching ID:sliceanddice:alexsdelight_cutting/bison_mince
[26Feb2025 04:53:31.431] [main/WARN] [com.recipeessentials.RecipeEssentials/]: Recipe without matching ID:sliceanddice:aquamirae_delight_deepsea_pie_cut
[26Feb2025 04:53:31.431] [main/WARN] [com.recipeessentials.RecipeEssentials/]: Recipe without matching ID:sliceanddice:farmersdelight_cutting/cabbage
[26Feb2025 04:53:31.431] [main/WARN] [com.recipeessentials.RecipeEssentials/]: Recipe without matching ID:sliceanddice:everycomp_fd/cutting/regions_unexplored/blue_bioshroom_sign
[26Feb2025 04:53:31.431] [main/WARN] [com.recipeessentials.RecipeEssentials/]: Recipe without matching ID:sliceanddice:farmersdelight_cutting/jungle_door
[26Feb2025 04:53:31.431] [main/WARN] [com.recipeessentials.RecipeEssentials/]: Recipe without matching ID:sliceanddice:farmersdelight_cutting/oxeye_daisy
[26Feb2025 04:53:31.431] [main/WARN] [com.recipeessentials.RecipeEssentials/]: Recipe without matching ID:sliceanddice:farmersdelight_cutting/bamboo_hanging_sign
[26Feb2025 04:53:31.431] [main/WARN] [com.recipeessentials.RecipeEssentials/]: Recipe without matching ID:sliceanddice:farmersdelight_cutting/cherry_door
[26Feb2025 04:53:31.431] [main/WARN] [com.recipeessentials.RecipeEssentials/]: Recipe without matching ID:sliceanddice:everycomp_fd/cutting/ecologics/azalea_wood
[26Feb2025 04:53:31.431] [main/WARN] [com.recipeessentials.RecipeEssentials/]: Recipe without matching ID:sliceanddice:aquamirae_delight_spinefish_cut
[26Feb2025 04:53:31.431] [main/WARN] [com.recipeessentials.RecipeEssentials/]: Recipe without matching ID:sliceanddice:everycomp_fd/cutting/biomesoplenty/willow_trapdoor
[26Feb2025 04:53:31.431] [main/WARN] [com.recipeessentials.RecipeEssentials/]: Recipe without matching ID:sliceanddice:farmersdelight_cutting/acacia_door
[26Feb2025 04:53:31.431] [main/WARN] [com.recipeessentials.RecipeEssentials/]: Recipe without matching ID:sliceanddice:everycomp_fd/cutting/biomesoplenty/dead_wood
[26Feb2025 04:53:31.431] [main/WARN] [com.recipeessentials.RecipeEssentials/]: Recipe without matching ID:sliceanddice:everycomp_fd/cutting/netherexp/claret_trapdoor
[26Feb2025 04:53:31.431] [main/WARN] [com.recipeessentials.RecipeEssentials/]: Recipe without matching ID:sliceanddice:everycomp_fd/cutting/snifferplus/stone_pine_hanging_sign
[26Feb2025 04:53:31.431] [main/WARN] [com.recipeessentials.RecipeEssentials/]: Recipe without matching ID:sliceanddice:farmersdelight_cutting/echo_door
[26Feb2025 04:53:31.431] [main/WARN] [com.recipeessentials.RecipeEssentials/]: Recipe without matching ID:sliceanddice:everycomp_fd/cutting/biomemakeover/swamp_cypress_door
[26Feb2025 04:53:31.431] [main/WARN] [com.recipeessentials.RecipeEssentials/]: Recipe without matching ID:sliceanddice:everycomp_fd/cutting/regions_unexplored/larch_hanging_sign
[26Feb2025 04:53:31.431] [main/WARN] [com.recipeessentials.RecipeEssentials/]: Recipe without matching ID:sliceanddice:everycomp_fd/cutting/biomesoplenty/redwood_sign
[26Feb2025 04:53:31.432] [main/WARN] [com.recipeessentials.RecipeEssentials/]: Recipe without matching ID:sliceanddice:everycomp_fd/cutting/regions_unexplored/socotra_door
[26Feb2025 04:53:31.432] [main/WARN] [com.recipeessentials.RecipeEssentials/]: Recipe without matching ID:sliceanddice:alexscavesdelight_cutting/licoroot_roll_slice
[26Feb2025 04:53:31.432] [main/WARN] [com.recipeessentials.RecipeEssentials/]: Recipe without matching ID:sliceanddice:farmersdelight_cutting/orange_tulip
[26Feb2025 04:53:31.432] [main/WARN] [com.recipeessentials.RecipeEssentials/]: Recipe without matching ID:sliceanddice:farmersdelight_cutting/mangrove_door
[26Feb2025 04:53:31.432] [main/WARN] [com.recipeessentials.RecipeEssentials/]: Recipe without matching ID:sliceanddice:miners_delight_cutting/vegan_patty
[26Feb2025 04:53:31.432] [main/WARN] [com.recipeessentials.RecipeEssentials/]: Recipe without matching ID:sliceanddice:everycomp_fd/cutting/palegardenbackport/pale_oak_log
[26Feb2025 04:53:31.432] [main/WARN] [com.recipeessentials.RecipeEssentials/]: Recipe without matching ID:sliceanddice:everycomp_fd/cutting/undergarden/wigglewood_log
[26Feb2025 04:53:31.432] [main/WARN] [com.recipeessentials.RecipeEssentials/]: Recipe without matching ID:sliceanddice:farmersdelight_cutting/saddle
[26Feb2025 04:53:31.432] [main/WARN] [com.recipeessentials.RecipeEssentials/]: Recipe without matching ID:sliceanddice:farmersdelight_cutting/cherry_hanging_sign
[26Feb2025 04:53:31.432] [main/WARN] [com.recipeessentials.RecipeEssentials/]: Recipe without matching ID:sliceanddice:everycomp_fd/cutting/biomesoplenty/umbran_log
[26Feb2025 04:53:31.432] [main/WARN] [com.recipeessentials.RecipeEssentials/]: Recipe without matching ID:sliceanddice:everycomp_fd/cutting/biomemakeover/swamp_cypress_log
[26Feb2025 04:53:31.432] [main/WARN] [com.recipeessentials.RecipeEssentials/]: Recipe without matching ID:sliceanddice:everycomp_fd/cutting/regions_unexplored/magnolia_wood
[26Feb2025 04:53:31.432] [main/WARN] [com.recipeessentials.RecipeEssentials/]: Recipe without matching ID:sliceanddice:everycomp_fd/cutting/regions_unexplored/willow_door
[26Feb2025 04:53:31.432] [main/WARN] [com.recipeessentials.RecipeEssentials/]: Recipe without matching ID:sliceanddice:farmersdelight_cutting/spruce_trapdoor
[26Feb2025 04:53:31.432] [main/WARN] [com.recipeessentials.RecipeEssentials/]: Recipe without matching ID:sliceanddice:farmersdelight_cutting/warped_door
[26Feb2025 04:53:31.432] [main/WARN] [com.recipeessentials.RecipeEssentials/]: Recipe without matching ID:sliceanddice:undergardendelight_cutting/pickaxe/depthrock
[26Feb2025 04:53:31.432] [main/WARN] [com.recipeessentials.RecipeEssentials/]: Recipe without matching ID:sliceanddice:everycomp_fd/cutting/alexscaves/pewen_wood
[26Feb2025 04:53:31.432] [main/WARN] [com.recipeessentials.RecipeEssentials/]: Recipe without matching ID:sliceanddice:aquaculturedelight_cutting/knife/goldfish
[26Feb2025 04:53:31.432] [main/WARN] [com.recipeessentials.RecipeEssentials/]: Recipe without matching ID:sliceanddice:everycomp_fd/cutting/regions_unexplored/palm_log
[26Feb2025 04:53:31.432] [main/WARN] [com.recipeessentials.RecipeEssentials/]: Recipe without matching ID:sliceanddice:farmersdelight_cutting/jungle_trapdoor
[26Feb2025 04:53:31.432] [main/WARN] [com.recipeessentials.RecipeEssentials/]: Recipe without matching ID:sliceanddice:everycomp_fd/cutting/ecologics/azalea_sign
[26Feb2025 04:53:31.432] [main/WARN] [com.recipeessentials.RecipeEssentials/]: Recipe without matching ID:sliceanddice:everycomp_fd/cutting/biomemakeover/blighted_balsa_sign
[26Feb2025 04:53:31.432] [main/WARN] [com.recipeessentials.RecipeEssentials/]: Recipe without matching ID:sliceanddice:farmersdelight_cutting/warped_hyphae
[26Feb2025 04:53:31.433] [main/WARN] [com.recipeessentials.RecipeEssentials/]: Recipe without matching ID:sliceanddice:everycomp_fd/cutting/regions_unexplored/dead_wood
[26Feb2025 04:53:31.433] [main/WARN] [com.recipeessentials.RecipeEssentials/]: Recipe without matching ID:sliceanddice:undergardendelight_cutting/knife/ink_mushroom
[26Feb2025 04:53:31.433] [main/WARN] [com.recipeessentials.RecipeEssentials/]: Recipe without matching ID:sliceanddice:everycomp_fd/cutting/regions_unexplored/joshua_wood
[26Feb2025 04:53:31.433] [main/WARN] [com.recipeessentials.RecipeEssentials/]: Recipe without matching ID:sliceanddice:everycomp_fd/cutting/regions_unexplored/socotra_hanging_sign
[26Feb2025 04:53:31.433] [main/WARN] [com.recipeessentials.RecipeEssentials/]: Recipe without matching ID:sliceanddice:everycomp_fd/cutting/regions_unexplored/kapok_hanging_sign
[26Feb2025 04:53:31.433] [main/WARN] [com.recipeessentials.RecipeEssentials/]: Recipe without matching ID:sliceanddice:everycomp_fd/cutting/regions_unexplored/cobalt_wood
[26Feb2025 04:53:31.433] [main/WARN] [com.recipeessentials.RecipeEssentials/]: Recipe without matching ID:sliceanddice:alexscavesdelight_cutting/cut_sweetish_fish_red
[26Feb2025 04:53:31.433] [main/WARN] [com.recipeessentials.RecipeEssentials/]: Recipe without matching ID:sliceanddice:aquaculturedelight_cutting/axe/driftwood
[26Feb2025 04:53:31.433] [main/WARN] [com.recipeessentials.RecipeEssentials/]: Recipe without matching ID:sliceanddice:everycomp_fd/cutting/ecologics/flowering_azalea_sign
[26Feb2025 04:53:31.433] [main/WARN] [com.recipeessentials.RecipeEssentials/]: Recipe without matching ID:sliceanddice:everycomp_fd/cutting/undergarden/grongle_hanging_sign
[26Feb2025 04:53:31.433] [main/WARN] [com.recipeessentials.RecipeEssentials/]: Recipe without matching ID:sliceanddice:everycomp_fd/cutting/alexscaves/pewen_trapdoor
[26Feb2025 04:53:31.433] [main/WARN] [com.recipeessentials.RecipeEssentials/]: Recipe without matching ID:sliceanddice:everycomp_fd/cutting/regions_unexplored/mauve_sign
[26Feb2025 04:53:31.433] [main/WARN] [com.recipeessentials.RecipeEssentials/]: Recipe without matching ID:sliceanddice:everycomp_fd/cutting/snifferplus/stone_pine_log
[26Feb2025 04:53:31.433] [main/WARN] [com.recipeessentials.RecipeEssentials/]: Recipe without matching ID:sliceanddice:aquaculturedelight_cutting/knife/fillet_twelve
[26Feb2025 04:53:31.433] [main/WARN] [com.recipeessentials.RecipeEssentials/]: Recipe without matching ID:sliceanddice:everycomp_fd/cutting/regions_unexplored/palm_wood
[26Feb2025 04:53:31.433] [main/WARN] [com.recipeessentials.RecipeEssentials/]: Recipe without matching ID:sliceanddice:everycomp_fd/cutting/regions_unexplored/green_bioshroom_hanging_sign
[26Feb2025 04:53:31.433] [main/WARN] [com.recipeessentials.RecipeEssentials/]: Recipe without matching ID:sliceanddice:everycomp_fd/cutting/regions_unexplored/blue_bioshroom_wood
[26Feb2025 04:53:31.433] [main/WARN] [com.recipeessentials.RecipeEssentials/]: Recipe without matching ID:sliceanddice:everycomp_fd/cutting/regions_unexplored/cypress_wood
[26Feb2025 04:53:31.433] [main/WARN] [com.recipeessentials.RecipeEssentials/]: Recipe without matching ID:sliceanddice:everycomp_fd/cutting/regions_unexplored/maple_hanging_sign
[26Feb2025 04:53:31.433] [main/WARN] [com.recipeessentials.RecipeEssentials/]: Recipe without matching ID:sliceanddice:farmersdelight_cutting/spruce_door
[26Feb2025 04:53:31.433] [main/WARN] [com.recipeessentials.RecipeEssentials/]: Recipe without matching ID:sliceanddice:everycomp_fd/cutting/regions_unexplored/yellow_bioshroom_trapdoor
[26Feb2025 04:53:31.433] [main/WARN] [com.recipeessentials.RecipeEssentials/]: Recipe without matching ID:sliceanddice:everycomp_fd/cutting/regions_unexplored/eucalyptus_sign
[26Feb2025 04:53:31.433] [main/WARN] [com.recipeessentials.RecipeEssentials/]: Recipe without matching ID:sliceanddice:farmersdelight_cutting/bamboo_door
[26Feb2025 04:53:31.433] [main/WARN] [com.recipeessentials.RecipeEssentials/]: Recipe without matching ID:sliceanddice:everycomp_fd/cutting/born_in_chaos_v1/scorched_log
[26Feb2025 04:53:31.433] [main/WARN] [com.recipeessentials.RecipeEssentials/]: Recipe without matching ID:sliceanddice:everycomp_fd/cutting/regions_unexplored/yellow_bioshroom_hanging_sign
[26Feb2025 04:53:31.434] [main/WARN] [com.recipeessentials.RecipeEssentials/]: Recipe without matching ID:sliceanddice:nethersdelight_cutting/propelplant_cane
[26Feb2025 04:53:31.434] [main/WARN] [com.recipeessentials.RecipeEssentials/]: Recipe without matching ID:sliceanddice:undergardendelight_cutting/axe/smogstem_trapdoor
[26Feb2025 04:53:31.434] [main/WARN] [com.recipeessentials.RecipeEssentials/]: Recipe without matching ID:sliceanddice:everycomp_fd/cutting/regions_unexplored/pink_bioshroom_log
[26Feb2025 04:53:31.434] [main/WARN] [com.recipeessentials.RecipeEssentials/]: Recipe without matching ID:sliceanddice:everycomp_fd/cutting/regions_unexplored/palm_trapdoor
[26Feb2025 04:53:31.434] [main/WARN] [com.recipeessentials.RecipeEssentials/]: Recipe without matching ID:sliceanddice:aquaculturedelight_cutting/knife/fillet_three
[26Feb2025 04:53:31.434] [main/WARN] [com.recipeessentials.RecipeEssentials/]: Recipe without matching ID:sliceanddice:everycomp_fd/cutting/ecologics/flowering_azalea_log
[26Feb2025 04:53:31.434] [main/WARN] [com.recipeessentials.RecipeEssentials/]: Recipe without matching ID:sliceanddice:farmersdelight_cutting/chocolate_pie
[26Feb2025 04:53:31.434] [main/WARN] [com.recipeessentials.RecipeEssentials/]: Recipe without matching ID:sliceanddice:aquaculturedelight_cutting/knife/neptunium_fillet_twelve
[26Feb2025 04:53:31.434] [main/WARN] [com.recipeessentials.RecipeEssentials/]: Recipe without matching ID:sliceanddice:farmersdelight_cutting/dandelion
[26Feb2025 04:53:31.434] [main/WARN] [com.recipeessentials.RecipeEssentials/]: Recipe without matching ID:sliceanddice:farmersdelight_cutting/dark_oak_wood
[26Feb2025 04:53:31.434] [main/WARN] [com.recipeessentials.RecipeEssentials/]: Recipe without matching ID:sliceanddice:farmersdelight_cutting/leather_helmet
[26Feb2025 04:53:31.434] [main/WARN] [com.recipeessentials.RecipeEssentials/]: Recipe without matching ID:sliceanddice:everycomp_fd/cutting/snifferplus/stone_pine_trapdoor
[26Feb2025 04:53:31.434] [main/WARN] [com.recipeessentials.RecipeEssentials/]: Recipe without matching ID:sliceanddice:aquaculturedelight_cutting/knife/leech
[26Feb2025 04:53:31.434] [main/WARN] [com.recipeessentials.RecipeEssentials/]: Recipe without matching ID:sliceanddice:farmersdelight_cutting/torchflower
[26Feb2025 04:53:31.434] [main/WARN] [com.recipeessentials.RecipeEssentials/]: Recipe without matching ID:sliceanddice:everycomp_fd/cutting/regions_unexplored/yellow_bioshroom_sign
[26Feb2025 04:53:31.434] [main/WARN] [com.recipeessentials.RecipeEssentials/]: Recipe without matching ID:sliceanddice:everycomp_fd/cutting/biomesoplenty/umbran_door
[26Feb2025 04:53:31.434] [main/WARN] [com.recipeessentials.RecipeEssentials/]: Recipe without matching ID:sliceanddice:farmersdelight_cutting/crimson_door
[26Feb2025 04:53:31.434] [main/WARN] [com.recipeessentials.RecipeEssentials/]: Recipe without matching ID:sliceanddice:farmersdelight_cutting/red_mushroom_colony
[26Feb2025 04:53:31.434] [main/WARN] [com.recipeessentials.RecipeEssentials/]: Recipe without matching ID:sliceanddice:everycomp_fd/cutting/regions_unexplored/larch_wood
[26Feb2025 04:53:31.434] [main/WARN] [com.recipeessentials.RecipeEssentials/]: Recipe without matching ID:sliceanddice:everycomp_fd/cutting/biomemakeover/ancient_oak_log
[26Feb2025 04:53:31.434] [main/WARN] [com.recipeessentials.RecipeEssentials/]: Recipe without matching ID:sliceanddice:everycomp_fd/cutting/biomemakeover/ancient_oak_sign
[26Feb2025 04:53:31.434] [main/WARN] [com.recipeessentials.RecipeEssentials/]: Recipe without matching ID:sliceanddice:aquaculturedelight_cutting/knife/neptunium_fillet_six
[26Feb2025 04:53:31.434] [main/WARN] [com.recipeessentials.RecipeEssentials/]: Recipe without matching ID:sliceanddice:everycomp_fd/cutting/biomesoplenty/palm_door
[26Feb2025 04:53:31.434] [main/WARN] [com.recipeessentials.RecipeEssentials/]: Recipe without matching ID:sliceanddice:undergardendelight_cutting/knife/shimmerweed
[26Feb2025 04:53:31.434] [main/WARN] [com.recipeessentials.RecipeEssentials/]: Recipe without matching ID:sliceanddice:farmersdelight_cutting/jungle_log
[26Feb2025 04:53:31.435] [main/WARN] [com.recipeessentials.RecipeEssentials/]: Recipe without matching ID:sliceanddice:everycomp_fd/cutting/regions_unexplored/baobab_wood
[26Feb2025 04:53:31.435] [main/WARN] [com.recipeessentials.RecipeEssentials/]: Recipe without matching ID:sliceanddice:farmersdelight_cutting/birch_wood
[26Feb2025 04:53:31.435] [main/WARN] [com.recipeessentials.RecipeEssentials/]: Recipe without matching ID:sliceanddice:farmersdelight_cutting/kelp_roll
[26Feb2025 04:53:31.435] [main/WARN] [com.recipeessentials.RecipeEssentials/]: Recipe without matching ID:sliceanddice:everycomp_fd/cutting/regions_unexplored/magnolia_trapdoor
[26Feb2025 04:53:31.435] [main/WARN] [com.recipeessentials.RecipeEssentials/]: Recipe without matching ID:sliceanddice:everycomp_fd/cutting/regions_unexplored/blue_bioshroom_hanging_sign
[26Feb2025 04:53:31.435] [main/WARN] [com.recipeessentials.RecipeEssentials/]: Recipe without matching ID:sliceanddice:everycomp_fd/cutting/biomesoplenty/jacaranda_door
[26Feb2025 04:53:31.435] [main/WARN] [com.recipeessentials.RecipeEssentials/]: Recipe without matching ID:sliceanddice:everycomp_fd/cutting/regions_unexplored/pine_wood
[26Feb2025 04:53:31.435] [main/WARN] [com.recipeessentials.RecipeEssentials/]: Recipe without matching ID:sliceanddice:everycomp_fd/cutting/biomemakeover/willow_sign
[26Feb2025 04:53:31.435] [main/WARN] [com.recipeessentials.RecipeEssentials/]: Recipe without matching ID:sliceanddice:aquaculturedelight_cutting/knife/neptunium_fillet_fourteen
[26Feb2025 04:53:31.435] [main/WARN] [com.recipeessentials.RecipeEssentials/]: Recipe without matching ID:sliceanddice:everycomp_fd/cutting/regions_unexplored/magnolia_hanging_sign
[26Feb2025 04:53:31.435] [main/WARN] [com.recipeessentials.RecipeEssentials/]: Recipe without matching ID:sliceanddice:everycomp_fd/cutting/ecologics/walnut_log
[26Feb2025 04:53:31.435] [main/WARN] [com.recipeessentials.RecipeEssentials/]: Recipe without matching ID:sliceanddice:everycomp_fd/cutting/regions_unexplored/cobalt_log
[26Feb2025 04:53:31.435] [main/WARN] [com.recipeessentials.RecipeEssentials/]: Recipe without matching ID:sliceanddice:everycomp_fd/cutting/upgrade_aquatic/driftwood_hanging_sign
[26Feb2025 04:53:31.435] [main/WARN] [com.recipeessentials.RecipeEssentials/]: Recipe without matching ID:sliceanddice:everycomp_fd/cutting/ecologics/walnut_hanging_sign
[26Feb2025 04:53:31.435] [main/WARN] [com.recipeessentials.RecipeEssentials/]: Recipe without matching ID:sliceanddice:alexscavesdelight_cutting/cut_sea_pig
[26Feb2025 04:53:31.435] [main/WARN] [com.recipeessentials.RecipeEssentials/]: Recipe without matching ID:sliceanddice:nethersdelight_cutting/hoglin_hide
[26Feb2025 04:53:31.435] [main/WARN] [com.recipeessentials.RecipeEssentials/]: Recipe without matching ID:sliceanddice:netherdepthsupgrade_cutting/searing_cod
[26Feb2025 04:53:31.435] [main/WARN] [com.recipeessentials.RecipeEssentials/]: Recipe without matching ID:sliceanddice:everycomp_fd/cutting/ecologics/coconut_hanging_sign
[26Feb2025 04:53:31.435] [main/WARN] [com.recipeessentials.RecipeEssentials/]: Recipe without matching ID:sliceanddice:farmersdelight_cutting/leather_boots
[26Feb2025 04:53:31.435] [main/WARN] [com.recipeessentials.RecipeEssentials/]: Recipe without matching ID:sliceanddice:everycomp_fd/cutting/ecologics/walnut_wood
[26Feb2025 04:53:31.435] [main/WARN] [com.recipeessentials.RecipeEssentials/]: Recipe without matching ID:sliceanddice:everycomp_fd/cutting/biomesoplenty/palm_sign
[26Feb2025 04:53:31.435] [main/WARN] [com.recipeessentials.RecipeEssentials/]: Recipe without matching ID:sliceanddice:everycomp_fd/cutting/deeperdarker/echo_door
[26Feb2025 04:53:31.435] [main/WARN] [com.recipeessentials.RecipeEssentials/]: Recipe without matching ID:sliceanddice:everycomp_fd/cutting/biomesoplenty/dead_hanging_sign
[26Feb2025 04:53:31.435] [main/WARN] [com.recipeessentials.RecipeEssentials/]: Recipe without matching ID:sliceanddice:everycomp_fd/cutting/alexscaves/thornwood_log
[26Feb2025 04:53:31.436] [main/WARN] [com.recipeessentials.RecipeEssentials/]: Recipe without matching ID:sliceanddice:everycomp_fd/cutting/regions_unexplored/dead_log
[26Feb2025 04:53:31.436] [main/WARN] [com.recipeessentials.RecipeEssentials/]: Recipe without matching ID:sliceanddice:aquaculturedelight_cutting/knife/turtle
[26Feb2025 04:53:31.436] [main/WARN] [com.recipeessentials.RecipeEssentials/]: Recipe without matching ID:sliceanddice:everycomp_fd/cutting/biomesoplenty/fir_door
[26Feb2025 04:53:31.436] [main/WARN] [com.recipeessentials.RecipeEssentials/]: Recipe without matching ID:sliceanddice:everycomp_fd/cutting/regions_unexplored/larch_trapdoor
[26Feb2025 04:53:31.436] [main/WARN] [com.recipeessentials.RecipeEssentials/]: Recipe without matching ID:sliceanddice:everycomp_fd/cutting/deeperdarker/echo_trapdoor
[26Feb2025 04:53:31.436] [main/WARN] [com.recipeessentials.RecipeEssentials/]: Recipe without matching ID:sliceanddice:everycomp_fd/cutting/regions_unexplored/dead_trapdoor
[26Feb2025 04:53:31.436] [main/WARN] [com.recipeessentials.RecipeEssentials/]: Recipe without matching ID:sliceanddice:everycomp_fd/cutting/regions_unexplored/eucalyptus_trapdoor
[26Feb2025 04:53:31.436] [main/WARN] [com.recipeessentials.RecipeEssentials/]: Recipe without matching ID:sliceanddice:farmersdelight_cutting/dark_oak_door
[26Feb2025 04:53:31.436] [main/WARN] [com.recipeessentials.RecipeEssentials/]: Recipe without matching ID:sliceanddice:farmersdelight_cutting/mangrove_hanging_sign
[26Feb2025 04:53:31.436] [main/WARN] [com.recipeessentials.RecipeEssentials/]: Recipe without matching ID:sliceanddice:everycomp_fd/cutting/undergarden/wigglewood_trapdoor
[26Feb2025 04:53:31.436] [main/WARN] [com.recipeessentials.RecipeEssentials/]: Recipe without matching ID:sliceanddice:everycomp_fd/cutting/ecologics/coconut_wood
[26Feb2025 04:53:31.436] [main/WARN] [com.recipeessentials.RecipeEssentials/]: Recipe without matching ID:sliceanddice:everycomp_fd/cutting/regions_unexplored/joshua_log
[26Feb2025 04:53:31.436] [main/WARN] [com.recipeessentials.RecipeEssentials/]: Recipe without matching ID:sliceanddice:nethersdelight_cutting/crimson_fungus_colony
[26Feb2025 04:53:31.436] [main/WARN] [com.recipeessentials.RecipeEssentials/]: Recipe without matching ID:sliceanddice:everycomp_fd/cutting/regions_unexplored/pine_sign
[26Feb2025 04:53:31.436] [main/WARN] [com.recipeessentials.RecipeEssentials/]: Recipe without matching ID:sliceanddice:everycomp_fd/cutting/snifferplus/stone_pine_wood
[26Feb2025 04:53:31.436] [main/WARN] [com.recipeessentials.RecipeEssentials/]: Recipe without matching ID:sliceanddice:everycomp_fd/cutting/upgrade_aquatic/driftwood_trapdoor
[26Feb2025 04:53:31.436] [main/WARN] [com.recipeessentials.RecipeEssentials/]: Recipe without matching ID:sliceanddice:everycomp_fd/cutting/regions_unexplored/maple_door
[26Feb2025 04:53:31.436] [main/WARN] [com.recipeessentials.RecipeEssentials/]: Recipe without matching ID:sliceanddice:everycomp_fd/cutting/regions_unexplored/joshua_sign
[26Feb2025 04:53:31.436] [main/WARN] [com.recipeessentials.RecipeEssentials/]: Recipe without matching ID:sliceanddice:farmersdelight_cutting/gravel
[26Feb2025 04:53:31.436] [main/WARN] [com.recipeessentials.RecipeEssentials/]: Recipe without matching ID:sliceanddice:undergardendelight_cutting/axe/grongle_log
[26Feb2025 04:53:31.436] [main/WARN] [com.recipeessentials.RecipeEssentials/]: Recipe without matching ID:sliceanddice:farmersdelight_cutting/warped_trapdoor
[26Feb2025 04:53:31.436] [main/WARN] [com.recipeessentials.RecipeEssentials/]: Recipe without matching ID:sliceanddice:farmersdelight_cutting/oak_wood
[26Feb2025 04:53:31.436] [main/WARN] [com.recipeessentials.RecipeEssentials/]: Recipe without matching ID:sliceanddice:everycomp_fd/cutting/regions_unexplored/cobalt_sign
[26Feb2025 04:53:31.436] [main/WARN] [com.recipeessentials.RecipeEssentials/]: Recipe without matching ID:sliceanddice:farmersdelight_cutting/spruce_log
[26Feb2025 04:53:31.436] [main/WARN] [com.recipeessentials.RecipeEssentials/]: Recipe without matching ID:sliceanddice:everycomp_fd/cutting/biomesoplenty/willow_door
[26Feb2025 04:53:31.436] [main/WARN] [com.recipeessentials.RecipeEssentials/]: Recipe without matching ID:sliceanddice:everycomp_fd/cutting/regions_unexplored/dead_hanging_sign
[26Feb2025 04:53:31.436] [main/WARN] [com.recipeessentials.RecipeEssentials/]: Recipe without matching ID:sliceanddice:everycomp_fd/cutting/biomesoplenty/mahogany_door
[26Feb2025 04:53:31.437] [main/WARN] [com.recipeessentials.RecipeEssentials/]: Recipe without matching ID:sliceanddice:everycomp_fd/cutting/regions_unexplored/kapok_trapdoor
[26Feb2025 04:53:31.437] [main/WARN] [com.recipeessentials.RecipeEssentials/]: Recipe without matching ID:sliceanddice:farmersdelight_cutting/cooked_cod
[26Feb2025 04:53:31.437] [main/WARN] [com.recipeessentials.RecipeEssentials/]: Recipe without matching ID:sliceanddice:everycomp_fd/cutting/regions_unexplored/magnolia_log
[26Feb2025 04:53:31.437] [main/WARN] [com.recipeessentials.RecipeEssentials/]: Recipe without matching ID:sliceanddice:everycomp_fd/cutting/biomesoplenty/magic_sign
[26Feb2025 04:53:31.437] [main/WARN] [com.recipeessentials.RecipeEssentials/]: Recipe without matching ID:sliceanddice:everycomp_fd/cutting/undergarden/wigglewood_hanging_sign
[26Feb2025 04:53:31.437] [main/WARN] [com.recipeessentials.RecipeEssentials/]: Recipe without matching ID:sliceanddice:oceansdelight_cutting/elder_guardian_slab
[26Feb2025 04:53:31.437] [main/WARN] [com.recipeessentials.RecipeEssentials/]: Recipe without matching ID:sliceanddice:everycomp_fd/cutting/undergarden/grongle_sign
[26Feb2025 04:53:31.437] [main/WARN] [com.recipeessentials.RecipeEssentials/]: Recipe without matching ID:sliceanddice:miners_delight_cutting/moss
[26Feb2025 04:53:31.437] [main/WARN] [com.recipeessentials.RecipeEssentials/]: Recipe without matching ID:sliceanddice:everycomp_fd/cutting/regions_unexplored/pink_bioshroom_door
[26Feb2025 04:53:31.437] [main/WARN] [com.recipeessentials.RecipeEssentials/]: Recipe without matching ID:sliceanddice:farmersdelight_cutting/wild_potatoes
[26Feb2025 04:53:31.437] [main/WARN] [com.recipeessentials.RecipeEssentials/]: Recipe without matching ID:sliceanddice:farmersdelight_cutting/birch_hanging_sign
[26Feb2025 04:53:31.437] [main/WARN] [com.recipeessentials.RecipeEssentials/]: Recipe without matching ID:sliceanddice:everycomp_fd/cutting/deeperdarker/echo_hanging_sign
[26Feb2025 04:53:31.437] [main/WARN] [com.recipeessentials.RecipeEssentials/]: Recipe without matching ID:sliceanddice:everycomp_fd/cutting/upgrade_aquatic/river_trapdoor
[26Feb2025 04:53:31.437] [main/WARN] [com.recipeessentials.RecipeEssentials/]: Recipe without matching ID:sliceanddice:everycomp_fd/cutting/biomesoplenty/hellbark_door
[26Feb2025 04:53:31.437] [main/WARN] [com.recipeessentials.RecipeEssentials/]: Recipe without matching ID:sliceanddice:everycomp_fd/cutting/regions_unexplored/willow_sign
[26Feb2025 04:53:31.437] [main/WARN] [com.recipeessentials.RecipeEssentials/]: Recipe without matching ID:sliceanddice:farmersdelight_cutting/echo_wood
[26Feb2025 04:53:31.437] [main/WARN] [com.recipeessentials.RecipeEssentials/]: Recipe without matching ID:sliceanddice:everycomp_fd/cutting/biomemakeover/swamp_cypress_wood
[26Feb2025 04:53:31.437] [main/WARN] [com.recipeessentials.RecipeEssentials/]: Recipe without matching ID:sliceanddice:everycomp_fd/cutting/regions_unexplored/redwood_door
[26Feb2025 04:53:31.437] [main/WARN] [com.recipeessentials.RecipeEssentials/]: Recipe without matching ID:sliceanddice:farmersdelight_cutting/cherry_wood
[26Feb2025 04:53:31.437] [main/WARN] [com.recipeessentials.RecipeEssentials/]: Recipe without matching ID:sliceanddice:everycomp_fd/cutting/regions_unexplored/cobalt_trapdoor
[26Feb2025 04:53:31.437] [main/WARN] [com.recipeessentials.RecipeEssentials/]: Recipe without matching ID:sliceanddice:nethersdelight_cutting/strider_slice
[26Feb2025 04:53:31.437] [main/WARN] [com.recipeessentials.RecipeEssentials/]: Recipe without matching ID:sliceanddice:everycomp_fd/cutting/biomesoplenty/fir_trapdoor
[26Feb2025 04:53:31.438] [main/WARN] [com.recipeessentials.RecipeEssentials/]: Recipe without matching ID:sliceanddice:undergardendelight_cutting/knife/dweller_meat
[26Feb2025 04:53:31.438] [main/WARN] [com.recipeessentials.RecipeEssentials/]: Recipe without matching ID:sliceanddice:farmersdelight_cutting/oak_hanging_sign
[26Feb2025 04:53:31.438] [main/WARN] [com.recipeessentials.RecipeEssentials/]: Recipe without matching ID:sliceanddice:farmersdelight_cutting/allium
[26Feb2025 04:53:31.438] [main/WARN] [com.recipeessentials.RecipeEssentials/]: Recipe without matching ID:sliceanddice:everycomp_fd/cutting/biomesoplenty/palm_trapdoor
[26Feb2025 04:53:31.438] [main/WARN] [com.recipeessentials.RecipeEssentials/]: Recipe without matching ID:sliceanddice:netherdepthsupgrade_cutting/lava_pufferfish
[26Feb2025 04:53:31.438] [main/WARN] [com.recipeessentials.RecipeEssentials/]: Recipe without matching ID:sliceanddice:everycomp_fd/cutting/biomesoplenty/dead_door
[26Feb2025 04:53:31.438] [main/WARN] [com.recipeessentials.RecipeEssentials/]: Recipe without matching ID:sliceanddice:everycomp_fd/cutting/regions_unexplored/blackwood_log
[26Feb2025 04:53:31.438] [main/WARN] [com.recipeessentials.RecipeEssentials/]: Recipe without matching ID:sliceanddice:everycomp_fd/cutting/regions_unexplored/dead_sign
[26Feb2025 04:53:31.438] [main/WARN] [com.recipeessentials.RecipeEssentials/]: Recipe without matching ID:sliceanddice:everycomp_fd/cutting/netherexp/claret_sign
[26Feb2025 04:53:31.438] [main/WARN] [com.recipeessentials.RecipeEssentials/]: Recipe without matching ID:sliceanddice:farmersdelight_cutting/echo_trapdoor
[26Feb2025 04:53:31.438] [main/WARN] [com.recipeessentials.RecipeEssentials/]: Recipe without matching ID:sliceanddice:everycomp_fd/cutting/alexscaves/pewen_hanging_sign
[26Feb2025 04:53:31.438] [main/WARN] [com.recipeessentials.RecipeEssentials/]: Recipe without matching ID:sliceanddice:farmersdelight_cutting/red_tulip
[26Feb2025 04:53:31.439] [main/WARN] [com.recipeessentials.RecipeEssentials/]: Recipe without matching ID:sliceanddice:farmersdelight_cutting/spruce_wood
[26Feb2025 04:53:31.439] [main/WARN] [com.recipeessentials.RecipeEssentials/]: Recipe without matching ID:sliceanddice:farmersdelight_cutting/crimson_hyphae
[26Feb2025 04:53:31.440] [main/WARN] [com.recipeessentials.RecipeEssentials/]: Recipe without matching ID:sliceanddice:everycomp_fd/cutting/regions_unexplored/socotra_log
[26Feb2025 04:53:31.440] [main/WARN] [com.recipeessentials.RecipeEssentials/]: Recipe without matching ID:sliceanddice:everycomp_fd/cutting/regions_unexplored/yellow_bioshroom_log
[26Feb2025 04:53:31.440] [main/WARN] [com.recipeessentials.RecipeEssentials/]: Recipe without matching ID:sliceanddice:farmersdelight_cutting/bricks
[26Feb2025 04:53:31.440] [main/WARN] [com.recipeessentials.RecipeEssentials/]: Recipe without matching ID:sliceanddice:undergardendelight_cutting/axe/grongle_trapdoor
[26Feb2025 04:53:31.440] [main/WARN] [com.recipeessentials.RecipeEssentials/]: Recipe without matching ID:sliceanddice:netherdepthsupgrade_cutting/soulsucker
[26Feb2025 04:53:31.440] [main/WARN] [com.recipeessentials.RecipeEssentials/]: Recipe without matching ID:sliceanddice:farmersdelight_cutting/cooked_salmon
[26Feb2025 04:53:31.440] [main/WARN] [com.recipeessentials.RecipeEssentials/]: Recipe without matching ID:sliceanddice:everycomp_fd/cutting/regions_unexplored/magnolia_door
[26Feb2025 04:53:31.440] [main/WARN] [com.recipeessentials.RecipeEssentials/]: Recipe without matching ID:sliceanddice:everycomp_fd/cutting/undergarden/grongle_wood
[26Feb2025 04:53:31.440] [main/WARN] [com.recipeessentials.RecipeEssentials/]: Recipe without matching ID:sliceanddice:everycomp_fd/cutting/undergarden/wigglewood_sign
[26Feb2025 04:53:31.441] [main/WARN] [com.recipeessentials.RecipeEssentials/]: Recipe without matching ID:sliceanddice:netherdepthsupgrade_cutting/warped_kelp_roll_slice
[26Feb2025 04:53:31.441] [main/WARN] [com.recipeessentials.RecipeEssentials/]: Recipe without matching ID:sliceanddice:farmersdelight_cutting/salmon
[26Feb2025 04:53:31.441] [main/WARN] [com.recipeessentials.RecipeEssentials/]: Recipe without matching ID:sliceanddice:everycomp_fd/cutting/regions_unexplored/larch_door
[26Feb2025 04:53:31.441] [main/WARN] [com.recipeessentials.RecipeEssentials/]: Recipe without matching ID:sliceanddice:farmersdelight_cutting/lily_of_the_valley
[26Feb2025 04:53:31.441] [main/WARN] [com.recipeessentials.RecipeEssentials/]: Recipe without matching ID:sliceanddice:farmersdelight_cutting/birch_log
[26Feb2025 04:53:31.441] [main/WARN] [com.recipeessentials.RecipeEssentials/]: Recipe without matching ID:sliceanddice:farmersdelight_cutting/warped_stem
[26Feb2025 04:53:31.441] [main/WARN] [com.recipeessentials.RecipeEssentials/]: Recipe without matching ID:sliceanddice:everycomp_fd/cutting/regions_unexplored/willow_wood
[26Feb2025 04:53:31.441] [main/WARN] [com.recipeessentials.RecipeEssentials/]: Recipe without matching ID:sliceanddice:everycomp_fd/cutting/regions_unexplored/yellow_bioshroom_wood
[26Feb2025 04:53:31.441] [main/WARN] [com.recipeessentials.RecipeEssentials/]: Recipe without matching ID:sliceanddice:alexscavesdelight_cutting/cut_cooked_trilocararis
[26Feb2025 04:53:31.441] [main/WARN] [com.recipeessentials.RecipeEssentials/]: Recipe without matching ID:sliceanddice:undergardendelight_cutting/axe/smogstem_door
[26Feb2025 04:53:31.441] [main/WARN] [com.recipeessentials.RecipeEssentials/]: Recipe without matching ID:sliceanddice:everycomp_fd/cutting/palegardenbackport/pale_oak_trapdoor
[26Feb2025 04:53:31.441] [main/WARN] [com.recipeessentials.RecipeEssentials/]: Recipe without matching ID:sliceanddice:everycomp_fd/cutting/regions_unexplored/palm_door
[26Feb2025 04:53:31.442] [main/WARN] [com.recipeessentials.RecipeEssentials/]: Recipe without matching ID:sliceanddice:farmersdelight_cutting/birch_sign
[26Feb2025 04:53:31.442] [main/WARN] [com.recipeessentials.RecipeEssentials/]: Recipe without matching ID:sliceanddice:everycomp_fd/cutting/regions_unexplored/pink_bioshroom_hanging_sign
[26Feb2025 04:53:31.442] [main/WARN] [com.recipeessentials.RecipeEssentials/]: Recipe without matching ID:sliceanddice:miners_delight_cutting/wild_cave_carrot
[26Feb2025 04:53:31.442] [main/WARN] [com.recipeessentials.RecipeEssentials/]: Recipe without matching ID:sliceanddice:supplementaries_integration/ash_bricks_fd
[26Feb2025 04:53:31.442] [main/WARN] [com.recipeessentials.RecipeEssentials/]: Recipe without matching ID:sliceanddice:everycomp_fd/cutting/regions_unexplored/redwood_log
[26Feb2025 04:53:31.442] [main/WARN] [com.recipeessentials.RecipeEssentials/]: Recipe without matching ID:sliceanddice:farmersdelight_cutting/crimson_hanging_sign
[26Feb2025 04:53:31.442] [main/WARN] [com.recipeessentials.RecipeEssentials/]: Recipe without matching ID:sliceanddice:everycomp_fd/cutting/biomemakeover/willow_hanging_sign
[26Feb2025 04:53:31.442] [main/WARN] [com.recipeessentials.RecipeEssentials/]: Recipe without matching ID:sliceanddice:undergardendelight_cutting/axe/wigglewood_log
[26Feb2025 04:53:31.442] [main/WARN] [com.recipeessentials.RecipeEssentials/]: Recipe without matching ID:sliceanddice:everycomp_fd/cutting/alexscaves/thornwood_trapdoor
[26Feb2025 04:53:31.442] [main/WARN] [com.recipeessentials.RecipeEssentials/]: Recipe without matching ID:sliceanddice:everycomp_fd/cutting/undergarden/grongle_log
[26Feb2025 04:53:31.442] [main/WARN] [com.recipeessentials.RecipeEssentials/]: Recipe without matching ID:sliceanddice:farmersdelight_cutting/rice_panicle
[26Feb2025 04:53:31.442] [main/WARN] [com.recipeessentials.RecipeEssentials/]: Recipe without matching ID:sliceanddice:everycomp_fd/cutting/biomesoplenty/palm_wood
[26Feb2025 04:53:31.442] [main/WARN] [com.recipeessentials.RecipeEssentials/]: Recipe without matching ID:sliceanddice:farmersdelight_cutting/cooked_mutton
[26Feb2025 04:53:31.442] [main/WARN] [com.recipeessentials.RecipeEssentials/]: Recipe without matching ID:sliceanddice:everycomp_fd/cutting/ecologics/flowering_azalea_hanging_sign
[26Feb2025 04:53:31.443] [main/WARN] [com.recipeessentials.RecipeEssentials/]: Recipe without matching ID:sliceanddice:aquamirae_delight_cooked_spinefish_cut
[26Feb2025 04:53:31.443] [main/WARN] [com.recipeessentials.RecipeEssentials/]: Recipe without matching ID:sliceanddice:everycomp_fd/cutting/regions_unexplored/baobab_door
[26Feb2025 04:53:31.443] [main/WARN] [com.recipeessentials.RecipeEssentials/]: Recipe without matching ID:sliceanddice:everycomp_fd/cutting/biomemakeover/willow_wood
[26Feb2025 04:53:31.443] [main/WARN] [com.recipeessentials.RecipeEssentials/]: Recipe without matching ID:sliceanddice:farmersdelight_cutting/white_tulip
[26Feb2025 04:53:31.443] [main/WARN] [com.recipeessentials.RecipeEssentials/]: Recipe without matching ID:sliceanddice:everycomp_fd/cutting/alexscaves/pewen_sign
[26Feb2025 04:53:31.443] [main/WARN] [com.recipeessentials.RecipeEssentials/]: Recipe without matching ID:sliceanddice:everycomp_fd/cutting/biomemakeover/swamp_cypress_trapdoor
[26Feb2025 04:53:31.443] [main/WARN] [com.recipeessentials.RecipeEssentials/]: Recipe without matching ID:sliceanddice:everycomp_fd/cutting/regions_unexplored/mauve_wood
[26Feb2025 04:53:31.443] [main/WARN] [com.recipeessentials.RecipeEssentials/]: Recipe without matching ID:sliceanddice:everycomp_fd/cutting/biomesoplenty/dead_trapdoor
[26Feb2025 04:53:31.443] [main/WARN] [com.recipeessentials.RecipeEssentials/]: Recipe without matching ID:sliceanddice:everycomp_fd/cutting/regions_unexplored/eucalyptus_wood
[26Feb2025 04:53:31.443] [main/WARN] [com.recipeessentials.RecipeEssentials/]: Recipe without matching ID:sliceanddice:everycomp_fd/cutting/biomemakeover/blighted_balsa_log
[26Feb2025 04:53:31.443] [main/WARN] [com.recipeessentials.RecipeEssentials/]: Recipe without matching ID:sliceanddice:everycomp_fd/cutting/regions_unexplored/blackwood_trapdoor
[26Feb2025 04:53:31.443] [main/WARN] [com.recipeessentials.RecipeEssentials/]: Recipe without matching ID:sliceanddice:everycomp_fd/cutting/regions_unexplored/brimwood_trapdoor
[26Feb2025 04:53:31.443] [main/WARN] [com.recipeessentials.RecipeEssentials/]: Recipe without matching ID:sliceanddice:everycomp_fd/cutting/palegardenbackport/pale_oak_sign
[26Feb2025 04:53:31.443] [main/WARN] [com.recipeessentials.RecipeEssentials/]: Recipe without matching ID:sliceanddice:everycomp_fd/cutting/alexscaves/pewen_log
[26Feb2025 04:53:31.443] [main/WARN] [com.recipeessentials.RecipeEssentials/]: Recipe without matching ID:sliceanddice:farmersdelight_cutting/amethyst_block
[26Feb2025 04:53:31.443] [main/WARN] [com.recipeessentials.RecipeEssentials/]: Recipe without matching ID:sliceanddice:everycomp_fd/cutting/regions_unexplored/socotra_trapdoor
[26Feb2025 04:53:31.444] [main/WARN] [com.recipeessentials.RecipeEssentials/]: Recipe without matching ID:sliceanddice:everycomp_fd/cutting/betterarcheology/rotten_trapdoor
[26Feb2025 04:53:31.444] [main/WARN] [com.recipeessentials.RecipeEssentials/]: Recipe without matching ID:sliceanddice:everycomp_fd/cutting/regions_unexplored/green_bioshroom_sign
[26Feb2025 04:53:31.445] [main/WARN] [com.recipeessentials.RecipeEssentials/]: Recipe without matching ID:sliceanddice:farmersdelight_cutting/wither_rose
[26Feb2025 04:53:31.445] [main/WARN] [com.recipeessentials.RecipeEssentials/]: Recipe without matching ID:sliceanddice:farmersdelight_cutting/porkchop
[26Feb2025 04:53:31.445] [main/WARN] [com.recipeessentials.RecipeEssentials/]: Recipe without matching ID:sliceanddice:everycomp_fd/cutting/regions_unexplored/cobalt_hanging_sign
[26Feb2025 04:53:31.445] [main/WARN] [com.recipeessentials.RecipeEssentials/]: Recipe without matching ID:sliceanddice:farmersdelight_cutting/jungle_hanging_sign
[26Feb2025 04:53:31.445] [main/WARN] [com.recipeessentials.RecipeEssentials/]: Recipe without matching ID:sliceanddice:everycomp_fd/cutting/snifferplus/stone_pine_sign
[26Feb2025 04:53:31.445] [main/WARN] [com.recipeessentials.RecipeEssentials/]: Recipe without matching ID:sliceanddice:farmersdelight_cutting/oak_sign
[26Feb2025 04:53:31.445] [main/WARN] [com.recipeessentials.RecipeEssentials/]: Recipe without matching ID:sliceanddice:everycomp_fd/cutting/biomemakeover/blighted_balsa_trapdoor
[26Feb2025 04:53:31.445] [main/WARN] [com.recipeessentials.RecipeEssentials/]: Recipe without matching ID:sliceanddice:farmersdelight_cutting/ink_sac
[26Feb2025 04:53:31.445] [main/WARN] [com.recipeessentials.RecipeEssentials/]: Recipe without matching ID:sliceanddice:farmersdelight_cutting/acacia_sign
[26Feb2025 04:53:31.445] [main/WARN] [com.recipeessentials.RecipeEssentials/]: Recipe without matching ID:sliceanddice:oceansdelight_cutting/guardian
[26Feb2025 04:53:31.445] [main/WARN] [com.recipeessentials.RecipeEssentials/]: Recipe without matching ID:sliceanddice:everycomp_fd/cutting/regions_unexplored/green_bioshroom_trapdoor
[26Feb2025 04:53:31.446] [main/WARN] [com.recipeessentials.RecipeEssentials/]: Recipe without matching ID:sliceanddice:everycomp_fd/cutting/regions_unexplored/redwood_wood
[26Feb2025 04:53:31.446] [main/WARN] [com.recipeessentials.RecipeEssentials/]: Recipe without matching ID:sliceanddice:netherdepthsupgrade_cutting/magmacubefish
[26Feb2025 04:53:31.446] [main/WARN] [com.recipeessentials.RecipeEssentials/]: Recipe without matching ID:sliceanddice:everycomp_fd/cutting/regions_unexplored/kapok_door
[26Feb2025 04:53:31.446] [main/WARN] [com.recipeessentials.RecipeEssentials/]: Recipe without matching ID:sliceanddice:everycomp_fd/cutting/regions_unexplored/pink_bioshroom_wood
[26Feb2025 04:53:31.446] [main/WARN] [com.recipeessentials.RecipeEssentials/]: Recipe without matching ID:sliceanddice:everycomp_fd/cutting/regions_unexplored/maple_wood
[26Feb2025 04:53:31.446] [main/WARN] [com.recipeessentials.RecipeEssentials/]: Recipe without matching ID:sliceanddice:everycomp_fd/cutting/biomemakeover/ancient_oak_hanging_sign
[26Feb2025 04:53:31.446] [main/WARN] [com.recipeessentials.RecipeEssentials/]: Recipe without matching ID:sliceanddice:everycomp_fd/cutting/biomesoplenty/umbran_trapdoor
[26Feb2025 04:53:31.446] [main/WARN] [com.recipeessentials.RecipeEssentials/]: Recipe without matching ID:sliceanddice:everycomp_fd/cutting/regions_unexplored/green_bioshroom_log
[26Feb2025 04:53:31.446] [main/WARN] [com.recipeessentials.RecipeEssentials/]: Recipe without matching ID:sliceanddice:everycomp_fd/cutting/born_in_chaos_v1/scorched_door
[26Feb2025 04:53:31.446] [main/WARN] [com.recipeessentials.RecipeEssentials/]: Recipe without matching ID:sliceanddice:everycomp_fd/cutting/biomesoplenty/jacaranda_hanging_sign
[26Feb2025 04:53:31.446] [main/WARN] [com.recipeessentials.RecipeEssentials/]: Recipe without matching ID:sliceanddice:everycomp_fd/cutting/biomesoplenty/magic_wood
[26Feb2025 04:53:31.446] [main/WARN] [com.recipeessentials.RecipeEssentials/]: Recipe without matching ID:sliceanddice:everycomp_fd/cutting/regions_unexplored/joshua_trapdoor
[26Feb2025 04:53:31.446] [main/WARN] [com.recipeessentials.RecipeEssentials/]: Recipe without matching ID:sliceanddice:everycomp_fd/cutting/biomesoplenty/jacaranda_wood
[26Feb2025 04:53:31.446] [main/WARN] [com.recipeessentials.RecipeEssentials/]: Recipe without matching ID:sliceanddice:undergardendelight_cutting/axe/grongle_sign
[26Feb2025 04:53:31.446] [main/WARN] [com.recipeessentials.RecipeEssentials/]: Recipe without matching ID:sliceanddice:farmersdelight_cutting/mangrove_sign
[26Feb2025 04:53:31.446] [main/WARN] [com.recipeessentials.RecipeEssentials/]: Recipe without matching ID:sliceanddice:everycomp_fd/cutting/biomemakeover/willow_trapdoor
[26Feb2025 04:53:31.446] [main/WARN] [com.recipeessentials.RecipeEssentials/]: Recipe without matching ID:sliceanddice:everycomp_fd/cutting/palegardenbackport/pale_oak_wood
[26Feb2025 04:53:31.446] [main/WARN] [com.recipeessentials.RecipeEssentials/]: Recipe without matching ID:sliceanddice:farmersdelight_cutting/cherry_trapdoor
[26Feb2025 04:53:31.446] [main/WARN] [com.recipeessentials.RecipeEssentials/]: Recipe without matching ID:sliceanddice:alexscavesdelight_cutting/cut_cooked_lanternfish
[26Feb2025 04:53:31.446] [main/WARN] [com.recipeessentials.RecipeEssentials/]: Recipe without matching ID:sliceanddice:everycomp_fd/cutting/ecologics/azalea_hanging_sign
[26Feb2025 04:53:31.447] [main/WARN] [com.recipeessentials.RecipeEssentials/]: Recipe without matching ID:sliceanddice:farmersdelight_cutting/mangrove_log
[26Feb2025 04:53:31.447] [main/WARN] [com.recipeessentials.RecipeEssentials/]: Recipe without matching ID:sliceanddice:farmersdelight_cutting/oak_door
[26Feb2025 04:53:31.447] [main/WARN] [com.recipeessentials.RecipeEssentials/]: Recipe without matching ID:sliceanddice:everycomp_fd/cutting/ecologics/walnut_trapdoor
[26Feb2025 04:53:31.447] [main/WARN] [com.recipeessentials.RecipeEssentials/]: Recipe without matching ID:sliceanddice:farmersdelight_cutting/spruce_hanging_sign
[26Feb2025 04:53:31.447] [main/WARN] [com.recipeessentials.RecipeEssentials/]: Recipe without matching ID:sliceanddice:everycomp_fd/cutting/ecologics/coconut_trapdoor
[26Feb2025 04:53:31.447] [main/WARN] [com.recipeessentials.RecipeEssentials/]: Recipe without matching ID:sliceanddice:everycomp_fd/cutting/biomesoplenty/redwood_door
[26Feb2025 04:53:31.447] [main/WARN] [com.recipeessentials.RecipeEssentials/]: Recipe without matching ID:sliceanddice:farmersdelight_cutting/nether_bricks
[26Feb2025 04:53:31.447] [main/WARN] [com.recipeessentials.RecipeEssentials/]: Recipe without matching ID:sliceanddice:farmersdelight_cutting/cherry_sign
[26Feb2025 04:53:31.447] [main/WARN] [com.recipeessentials.RecipeEssentials/]: Recipe without matching ID:sliceanddice:everycomp_fd/cutting/regions_unexplored/larch_log
[26Feb2025 04:53:31.447] [main/WARN] [com.recipeessentials.RecipeEssentials/]: Recipe without matching ID:sliceanddice:everycomp_fd/cutting/regions_unexplored/kapok_log
[26Feb2025 04:53:31.447] [main/WARN] [com.recipeessentials.RecipeEssentials/]: Recipe without matching ID:sliceanddice:alexscavesdelight_cutting/cut_sweetish_fish_green
[26Feb2025 04:53:31.447] [main/WARN] [com.recipeessentials.RecipeEssentials/]: Recipe without matching ID:sliceanddice:aquaculturedelight_cutting/knife/fillet_ten
[26Feb2025 04:53:31.447] [main/WARN] [com.recipeessentials.RecipeEssentials/]: Recipe without matching ID:sliceanddice:alexsdelight_cutting/loose_moose_rib
[26Feb2025 04:53:31.447] [main/WARN] [com.recipeessentials.RecipeEssentials/]: Recipe without matching ID:sliceanddice:everycomp_fd/cutting/ecologics/walnut_sign
[26Feb2025 04:53:31.447] [main/WARN] [com.recipeessentials.RecipeEssentials/]: Recipe without matching ID:sliceanddice:everycomp_fd/cutting/ecologics/flowering_azalea_trapdoor
[26Feb2025 04:53:31.447] [main/WARN] [com.recipeessentials.RecipeEssentials/]: Recipe without matching ID:sliceanddice:netherdepthsupgrade_cutting/obsidianfish
[26Feb2025 04:53:31.447] [main/WARN] [com.recipeessentials.RecipeEssentials/]: Recipe without matching ID:sliceanddice:farmersdelight_cutting/spruce_sign
[26Feb2025 04:53:31.447] [main/WARN] [com.recipeessentials.RecipeEssentials/]: Recipe without matching ID:sliceanddice:aquaculturedelight_cutting/knife/fillet_two
[26Feb2025 04:53:31.447] [main/WARN] [com.recipeessentials.RecipeEssentials/]: Recipe without matching ID:sliceanddice:everycomp_fd/cutting/upgrade_aquatic/driftwood_log
[26Feb2025 04:53:31.447] [main/WARN] [com.recipeessentials.RecipeEssentials/]: Recipe without matching ID:sliceanddice:everycomp_fd/cutting/biomesoplenty/willow_wood
[26Feb2025 04:53:31.447] [main/WARN] [com.recipeessentials.RecipeEssentials/]: Recipe without matching ID:sliceanddice:everycomp_fd/cutting/palegardenbackport/pale_oak_hanging_sign
[26Feb2025 04:53:31.447] [main/WARN] [com.recipeessentials.RecipeEssentials/]: Recipe without matching ID:sliceanddice:everycomp_fd/cutting/biomemakeover/blighted_balsa_door
[26Feb2025 04:53:31.447] [main/WARN] [com.recipeessentials.RecipeEssentials/]: Recipe without matching ID:sliceanddice:farmersdelight_cutting/acacia_trapdoor
[26Feb2025 04:53:31.447] [main/WARN] [com.recipeessentials.RecipeEssentials/]: Recipe without matching ID:sliceanddice:miners_delight_cutting/squid
[26Feb2025 04:53:31.447] [main/WARN] [com.recipeessentials.RecipeEssentials/]: Recipe without matching ID:sliceanddice:everycomp_fd/cutting/regions_unexplored/socotra_sign
[26Feb2025 04:53:31.447] [main/WARN] [com.recipeessentials.RecipeEssentials/]: Recipe without matching ID:sliceanddice:everycomp_fd/cutting/undergarden/smogstem_sign
[26Feb2025 04:53:31.448] [main/WARN] [com.recipeessentials.RecipeEssentials/]: Recipe without matching ID:sliceanddice:everycomp_fd/cutting/biomesoplenty/magic_trapdoor
[26Feb2025 04:53:31.448] [main/WARN] [com.recipeessentials.RecipeEssentials/]: Recipe without matching ID:sliceanddice:everycomp_fd/cutting/netherexp/claret_wood
[26Feb2025 04:53:31.448] [main/WARN] [com.recipeessentials.RecipeEssentials/]: Recipe without matching ID:sliceanddice:everycomp_fd/cutting/biomemakeover/blighted_balsa_hanging_sign
[26Feb2025 04:53:31.448] [main/WARN] [com.recipeessentials.RecipeEssentials/]: Recipe without matching ID:sliceanddice:everycomp_fd/cutting/regions_unexplored/pine_log
[26Feb2025 04:53:31.448] [main/WARN] [com.recipeessentials.RecipeEssentials/]: Recipe without matching ID:sliceanddice:undergardendelight_cutting/axe/smogstem_log
[26Feb2025 04:53:31.448] [main/WARN] [com.recipeessentials.RecipeEssentials/]: Recipe without matching ID:sliceanddice:supplementaries_integration/lapis_bricks_fd
[26Feb2025 04:53:31.448] [main/WARN] [com.recipeessentials.RecipeEssentials/]: Recipe without matching ID:sliceanddice:everycomp_fd/cutting/regions_unexplored/brimwood_door
[26Feb2025 04:53:31.448] [main/WARN] [com.recipeessentials.RecipeEssentials/]: Recipe without matching ID:sliceanddice:everycomp_fd/cutting/undergarden/smogstem_trapdoor
[26Feb2025 04:53:31.448] [main/WARN] [com.recipeessentials.RecipeEssentials/]: Recipe without matching ID:sliceanddice:aquaculturedelight_cutting/knife/fillet_six
[26Feb2025 04:53:31.448] [main/WARN] [com.recipeessentials.RecipeEssentials/]: Recipe without matching ID:sliceanddice:farmersdelight_cutting/stone
[26Feb2025 04:53:31.448] [main/WARN] [com.recipeessentials.RecipeEssentials/]: Recipe without matching ID:sliceanddice:farmersdelight_cutting/bamboo_block
[26Feb2025 04:53:31.448] [main/WARN] [com.recipeessentials.RecipeEssentials/]: Recipe without matching ID:sliceanddice:everycomp_fd/cutting/regions_unexplored/cypress_door
[26Feb2025 04:53:31.448] [main/WARN] [com.recipeessentials.RecipeEssentials/]: Recipe without matching ID:sliceanddice:undergardendelight_cutting/knife/gloomgourd_pie
[26Feb2025 04:53:31.448] [main/WARN] [com.recipeessentials.RecipeEssentials/]: Recipe without matching ID:sliceanddice:farmersdelight_cutting/bamboo_sign
[26Feb2025 04:53:31.448] [main/WARN] [com.recipeessentials.RecipeEssentials/]: Recipe without matching ID:sliceanddice:farmersdelight_cutting/echo_log
[26Feb2025 04:53:31.448] [main/WARN] [com.recipeessentials.RecipeEssentials/]: Recipe without matching ID:sliceanddice:oceansdelight_cutting/pufferfish
[26Feb2025 04:53:31.448] [main/WARN] [com.recipeessentials.RecipeEssentials/]: Recipe without matching ID:sliceanddice:alexscavesdelight_cutting/cut_sweetish_fish_blue
[26Feb2025 04:53:31.449] [main/WARN] [com.recipeessentials.RecipeEssentials/]: Recipe without matching ID:sliceanddice:everycomp_fd/cutting/regions_unexplored/yellow_bioshroom_door
[26Feb2025 04:53:31.449] [main/WARN] [com.recipeessentials.RecipeEssentials/]: Recipe without matching ID:sliceanddice:undergardendelight_cutting/knife/blood_mushroom
[26Feb2025 04:53:31.449] [main/WARN] [com.recipeessentials.RecipeEssentials/]: Recipe without matching ID:sliceanddice:everycomp_fd/cutting/biomesoplenty/willow_hanging_sign
[26Feb2025 04:53:31.449] [main/WARN] [com.recipeessentials.RecipeEssentials/]: Recipe without matching ID:sliceanddice:undergardendelight_cutting/knife/twistytwig
[26Feb2025 04:53:31.449] [main/WARN] [com.recipeessentials.RecipeEssentials/]: Recipe without matching ID:sliceanddice:farmersdelight_cutting/echo_sign
[26Feb2025 04:53:31.449] [main/WARN] [com.recipeessentials.RecipeEssentials/]: Recipe without matching ID:sliceanddice:everycomp_fd/cutting/biomemakeover/ancient_oak_door
[26Feb2025 04:53:31.449] [main/WARN] [com.recipeessentials.RecipeEssentials/]: Recipe without matching ID:sliceanddice:everycomp_fd/cutting/ecologics/azalea_log
[26Feb2025 04:53:31.449] [main/WARN] [com.recipeessentials.RecipeEssentials/]: Recipe without matching ID:sliceanddice:farmersdelight_cutting/birch_trapdoor
[26Feb2025 04:53:31.450] [main/WARN] [com.recipeessentials.RecipeEssentials/]: Recipe without matching ID:sliceanddice:farmersdelight_cutting/quartz_block
[26Feb2025 04:53:31.450] [main/WARN] [com.recipeessentials.RecipeEssentials/]: Recipe without matching ID:sliceanddice:farmersdelight_cutting/leather_chestplate
[26Feb2025 04:53:31.450] [main/WARN] [com.recipeessentials.RecipeEssentials/]: Recipe without matching ID:sliceanddice:farmersdelight_cutting/mangrove_wood
[26Feb2025 04:53:31.450] [main/WARN] [com.recipeessentials.RecipeEssentials/]: Recipe without matching ID:sliceanddice:everycomp_fd/cutting/biomesoplenty/fir_log
[26Feb2025 04:53:31.450] [main/WARN] [com.recipeessentials.RecipeEssentials/]: Recipe without matching ID:sliceanddice:farmersdelight_cutting/wild_beetroots
[26Feb2025 04:53:31.450] [main/WARN] [com.recipeessentials.RecipeEssentials/]: Recipe without matching ID:sliceanddice:alexscavesdelight_cutting/cut_radgill
[26Feb2025 04:53:31.450] [main/WARN] [com.recipeessentials.RecipeEssentials/]: Recipe without matching ID:sliceanddice:aquaculturedelight_cutting/knife/fillet_fourteen
[26Feb2025 04:53:31.450] [main/WARN] [com.recipeessentials.RecipeEssentials/]: Recipe without matching ID:sliceanddice:farmersdelight_cutting/tag_dough
[26Feb2025 04:53:31.450] [main/WARN] [com.recipeessentials.RecipeEssentials/]: Recipe without matching ID:sliceanddice:everycomp_fd/cutting/regions_unexplored/pink_bioshroom_trapdoor
[26Feb2025 04:53:31.450] [main/WARN] [com.recipeessentials.RecipeEssentials/]: Recipe without matching ID:sliceanddice:everycomp_fd/cutting/biomesoplenty/jacaranda_sign
[26Feb2025 04:53:31.450] [main/WARN] [com.recipeessentials.RecipeEssentials/]: Recipe without matching ID:sliceanddice:farmersdelight_cutting/mutton
[26Feb2025 04:53:31.451] [main/WARN] [com.recipeessentials.RecipeEssentials/]: Recipe without matching ID:sliceanddice:everycomp_fd/cutting/biomemakeover/swamp_cypress_sign
[26Feb2025 04:53:31.451] [main/WARN] [com.recipeessentials.RecipeEssentials/]: Recipe without matching ID:sliceanddice:undergardendelight_cutting/axe/smogstem_wood
[26Feb2025 04:53:31.451] [main/WARN] [com.recipeessentials.RecipeEssentials/]: Recipe without matching ID:sliceanddice:everycomp_fd/cutting/biomesoplenty/redwood_hanging_sign
[26Feb2025 04:53:31.451] [main/WARN] [com.recipeessentials.RecipeEssentials/]: Recipe without matching ID:sliceanddice:netherdepthsupgrade_cutting/blazefish
[26Feb2025 04:53:31.451] [main/WARN] [com.recipeessentials.RecipeEssentials/]: Recipe without matching ID:sliceanddice:everycomp_fd/cutting/upgrade_aquatic/driftwood_sign
[26Feb2025 04:53:31.451] [main/WARN] [com.recipeessentials.RecipeEssentials/]: Recipe without matching ID:sliceanddice:everycomp_fd/cutting/ecologics/flowering_azalea_door
[26Feb2025 04:53:31.451] [main/WARN] [com.recipeessentials.RecipeEssentials/]: Recipe without matching ID:sliceanddice:everycomp_fd/cutting/biomesoplenty/hellbark_log
[26Feb2025 04:53:31.451] [main/WARN] [com.recipeessentials.RecipeEssentials/]: Recipe without matching ID:sliceanddice:everycomp_fd/cutting/biomesoplenty/mahogany_log
[26Feb2025 04:53:31.451] [main/WARN] [com.recipeessentials.RecipeEssentials/]: Recipe without matching ID:sliceanddice:alexsdelight_cutting/kangaroo_shank
[26Feb2025 04:53:31.451] [main/WARN] [com.recipeessentials.RecipeEssentials/]: Recipe without matching ID:sliceanddice:everycomp_fd/cutting/biomesoplenty/hellbark_trapdoor
[26Feb2025 04:53:31.451] [main/WARN] [com.recipeessentials.RecipeEssentials/]: Recipe without matching ID:sliceanddice:farmersdelight_cutting/pink_tulip
[26Feb2025 04:53:31.451] [main/WARN] [com.recipeessentials.RecipeEssentials/]: Recipe without matching ID:sliceanddice:everycomp_fd/cutting/biomesoplenty/hellbark_hanging_sign
[26Feb2025 04:53:31.451] [main/WARN] [com.recipeessentials.RecipeEssentials/]: Recipe without matching ID:sliceanddice:farmersdelight_cutting/acacia_wood
[26Feb2025 04:53:31.451] [main/WARN] [com.recipeessentials.RecipeEssentials/]: Recipe without matching ID:sliceanddice:everycomp_fd/cutting/regions_unexplored/willow_hanging_sign
[26Feb2025 04:53:31.451] [main/WARN] [com.recipeessentials.RecipeEssentials/]: Recipe without matching ID:sliceanddice:everycomp_fd/cutting/regions_unexplored/brimwood_log
[26Feb2025 04:53:31.451] [main/WARN] [com.recipeessentials.RecipeEssentials/]: Recipe without matching ID:sliceanddice:undergardendelight_cutting/axe/wigglewood_door
[26Feb2025 04:53:31.451] [main/WARN] [com.recipeessentials.RecipeEssentials/]: Recipe without matching ID:sliceanddice:everycomp_fd/cutting/upgrade_aquatic/river_log
[26Feb2025 04:53:31.451] [main/WARN] [com.recipeessentials.RecipeEssentials/]: Recipe without matching ID:sliceanddice:everycomp_fd/cutting/upgrade_aquatic/river_door
[26Feb2025 04:53:31.451] [main/WARN] [com.recipeessentials.RecipeEssentials/]: Recipe without matching ID:sliceanddice:aquamirae_delight_oxygelium_cut
[26Feb2025 04:53:31.451] [main/WARN] [com.recipeessentials.RecipeEssentials/]: Recipe without matching ID:sliceanddice:alexscavesdelight_cutting/cut_trilocaris_tail
[26Feb2025 04:53:31.451] [main/WARN] [com.recipeessentials.RecipeEssentials/]: Recipe without matching ID:sliceanddice:everycomp_fd/cutting/regions_unexplored/cypress_log
[26Feb2025 04:53:31.452] [main/WARN] [com.recipeessentials.RecipeEssentials/]: Recipe without matching ID:sliceanddice:farmersdelight_cutting/wild_carrots
[26Feb2025 04:53:31.452] [main/WARN] [com.recipeessentials.RecipeEssentials/]: Recipe without matching ID:sliceanddice:undergardendelight_cutting/axe/wigglewood_trapdoor
[26Feb2025 04:53:31.452] [main/WARN] [com.recipeessentials.RecipeEssentials/]: Recipe without matching ID:sliceanddice:everycomp_fd/cutting/undergarden/smogstem_log
[26Feb2025 04:53:31.452] [main/WARN] [com.recipeessentials.RecipeEssentials/]: Recipe without matching ID:sliceanddice:farmersdelight_cutting/acacia_log
[26Feb2025 04:53:31.452] [main/WARN] [com.recipeessentials.RecipeEssentials/]: Recipe without matching ID:sliceanddice:farmersdelight_cutting/melon
[26Feb2025 04:53:31.452] [main/WARN] [com.recipeessentials.RecipeEssentials/]: Recipe without matching ID:sliceanddice:everycomp_fd/cutting/biomesoplenty/mahogany_hanging_sign
[26Feb2025 04:53:31.452] [main/WARN] [com.recipeessentials.RecipeEssentials/]: Recipe without matching ID:sliceanddice:alexsdelight_cutting/raw_catfish_slice
[26Feb2025 04:53:31.452] [main/WARN] [com.recipeessentials.RecipeEssentials/]: Recipe without matching ID:sliceanddice:aquamirae_delight_spinefish_kelp_roll_slice
[26Feb2025 04:53:31.452] [main/WARN] [com.recipeessentials.RecipeEssentials/]: Recipe without matching ID:sliceanddice:aquamirae_delight_fishermans_delicacy_cut
[26Feb2025 04:53:31.452] [main/WARN] [com.recipeessentials.RecipeEssentials/]: Recipe without matching ID:sliceanddice:everycomp_fd/cutting/regions_unexplored/pine_trapdoor
[26Feb2025 04:53:31.452] [main/WARN] [com.recipeessentials.RecipeEssentials/]: Recipe without matching ID:sliceanddice:everycomp_fd/cutting/regions_unexplored/maple_log
[26Feb2025 04:53:31.452] [main/WARN] [com.recipeessentials.RecipeEssentials/]: Recipe without matching ID:sliceanddice:everycomp_fd/cutting/undergarden/wigglewood_wood
[26Feb2025 04:53:31.452] [main/WARN] [com.recipeessentials.RecipeEssentials/]: Recipe without matching ID:sliceanddice:farmersdelight_cutting/crimson_sign
[26Feb2025 04:53:31.452] [main/WARN] [com.recipeessentials.RecipeEssentials/]: Recipe without matching ID:sliceanddice:oceansdelight_cutting/tentacles
[26Feb2025 04:53:31.452] [main/WARN] [com.recipeessentials.RecipeEssentials/]: Recipe without matching ID:sliceanddice:everycomp_fd/cutting/regions_unexplored/blackwood_door
[26Feb2025 04:53:31.452] [main/WARN] [com.recipeessentials.RecipeEssentials/]: Recipe without matching ID:sliceanddice:everycomp_fd/cutting/biomesoplenty/willow_log
[26Feb2025 04:53:31.452] [main/WARN] [com.recipeessentials.RecipeEssentials/]: Recipe without matching ID:sliceanddice:everycomp_fd/cutting/regions_unexplored/pine_hanging_sign
[26Feb2025 04:53:31.452] [main/WARN] [com.recipeessentials.RecipeEssentials/]: Recipe without matching ID:sliceanddice:everycomp_fd/cutting/regions_unexplored/mauve_door
[26Feb2025 04:53:31.452] [main/WARN] [com.recipeessentials.RecipeEssentials/]: Recipe without matching ID:sliceanddice:everycomp_fd/cutting/biomesoplenty/umbran_sign
[26Feb2025 04:53:31.452] [main/WARN] [com.recipeessentials.RecipeEssentials/]: Recipe without matching ID:sliceanddice:farmersdelight_cutting/echo_hanging_sign
[26Feb2025 04:53:31.453] [main/WARN] [com.recipeessentials.RecipeEssentials/]: Recipe without matching ID:sliceanddice:farmersdelight_cutting/cornflower
[26Feb2025 04:53:31.453] [main/WARN] [com.recipeessentials.RecipeEssentials/]: Recipe without matching ID:sliceanddice:farmersdelight_cutting/deepslate
[26Feb2025 04:53:31.453] [main/WARN] [com.recipeessentials.RecipeEssentials/]: Recipe without matching ID:sliceanddice:farmersdelight_cutting/warped_sign
[26Feb2025 04:53:31.453] [main/WARN] [com.recipeessentials.RecipeEssentials/]: Recipe without matching ID:sliceanddice:aquaculturedelight_cutting/knife/fillet_one
[26Feb2025 04:53:31.453] [main/WARN] [com.recipeessentials.RecipeEssentials/]: Recipe without matching ID:sliceanddice:everycomp_fd/cutting/ecologics/coconut_sign
[26Feb2025 04:53:31.453] [main/WARN] [com.recipeessentials.RecipeEssentials/]: Recipe without matching ID:sliceanddice:everycomp_fd/cutting/regions_unexplored/eucalyptus_door
[26Feb2025 04:53:31.453] [main/WARN] [com.recipeessentials.RecipeEssentials/]: Recipe without matching ID:sliceanddice:undergardendelight_cutting/axe/grongle_wood
[26Feb2025 04:53:31.453] [main/WARN] [com.recipeessentials.RecipeEssentials/]: Recipe without matching ID:sliceanddice:farmersdelight_cutting/beef
[26Feb2025 04:53:31.453] [main/WARN] [com.recipeessentials.RecipeEssentials/]: Recipe without matching ID:sliceanddice:everycomp_fd/cutting/regions_unexplored/blue_bioshroom_log
[26Feb2025 04:53:31.453] [main/WARN] [com.recipeessentials.RecipeEssentials/]: Recipe without matching ID:sliceanddice:undergardendelight_cutting/knife/blood_mushroom_globule
[26Feb2025 04:53:31.453] [main/WARN] [com.recipeessentials.RecipeEssentials/]: Recipe without matching ID:sliceanddice:everycomp_fd/cutting/regions_unexplored/palm_hanging_sign
[26Feb2025 04:53:31.453] [main/WARN] [com.recipeessentials.RecipeEssentials/]: Recipe without matching ID:sliceanddice:aquaculturedelight_cutting/knife/neptunium_fillet_ten
[26Feb2025 04:53:31.453] [main/WARN] [com.recipeessentials.RecipeEssentials/]: Recipe without matching ID:sliceanddice:undergardendelight_cutting/knife/ditchbulb
[26Feb2025 04:53:31.453] [main/WARN] [com.recipeessentials.RecipeEssentials/]: Recipe without matching ID:sliceanddice:everycomp_fd/cutting/regions_unexplored/kapok_wood
[26Feb2025 04:53:31.453] [main/WARN] [com.recipeessentials.RecipeEssentials/]: Recipe without matching ID:sliceanddice:everycomp_fd/cutting/betterarcheology/rotten_door
[26Feb2025 04:53:31.456] [main/WARN] [com.recipeessentials.RecipeEssentials/]: Recipe without matching ID:sliceanddice:everycomp_fd/cutting/regions_unexplored/mauve_log
[26Feb2025 04:53:31.456] [main/WARN] [com.recipeessentials.RecipeEssentials/]: Recipe without matching ID:sliceanddice:everycomp_fd/cutting/biomesoplenty/redwood_trapdoor
[26Feb2025 04:53:31.456] [main/WARN] [com.recipeessentials.RecipeEssentials/]: Recipe without matching ID:sliceanddice:alexscavesdelight_cutting/cut_cooked_tripodfish
[26Feb2025 04:53:31.456] [main/WARN] [com.recipeessentials.RecipeEssentials/]: Recipe without matching ID:sliceanddice:everycomp_fd/cutting/regions_unexplored/baobab_hanging_sign
[26Feb2025 04:53:31.457] [main/WARN] [com.recipeessentials.RecipeEssentials/]: Recipe without matching ID:sliceanddice:everycomp_fd/cutting/undergarden/smogstem_wood
[26Feb2025 04:53:31.457] [main/WARN] [com.recipeessentials.RecipeEssentials/]: Recipe without matching ID:sliceanddice:everycomp_fd/cutting/regions_unexplored/socotra_wood
[26Feb2025 04:53:31.457] [main/WARN] [com.recipeessentials.RecipeEssentials/]: Recipe without matching ID:sliceanddice:everycomp_fd/cutting/regions_unexplored/mauve_hanging_sign
[26Feb2025 04:53:31.458] [main/WARN] [com.recipeessentials.RecipeEssentials/]: Recipe without matching ID:sliceanddice:alexscavesdelight_cutting/cut_lanternfish
[26Feb2025 04:53:31.458] [main/WARN] [com.recipeessentials.RecipeEssentials/]: Recipe without matching ID:sliceanddice:endersdelight_cutting/ender_shard
[26Feb2025 04:53:31.459] [main/WARN] [com.recipeessentials.RecipeEssentials/]: Recipe without matching ID:sliceanddice:everycomp_fd/cutting/biomesoplenty/willow_sign
[26Feb2025 04:53:31.459] [main/WARN] [com.recipeessentials.RecipeEssentials/]: Recipe without matching ID:sliceanddice:everycomp_fd/cutting/alexscaves/thornwood_wood
[26Feb2025 04:53:31.459] [main/WARN] [com.recipeessentials.RecipeEssentials/]: Recipe without matching ID:sliceanddice:endersdelight_cutting/sight_fragment
[26Feb2025 04:53:31.459] [main/WARN] [com.recipeessentials.RecipeEssentials/]: Recipe without matching ID:sliceanddice:aquamirae_delight_wisteria_niveis_cut
[26Feb2025 04:53:31.459] [main/WARN] [com.recipeessentials.RecipeEssentials/]: Recipe without matching ID:sliceanddice:everycomp_fd/cutting/regions_unexplored/baobab_trapdoor
[26Feb2025 04:53:31.459] [main/WARN] [com.recipeessentials.RecipeEssentials/]: Recipe without matching ID:sliceanddice:everycomp_fd/cutting/palegardenbackport/pale_oak_door
[26Feb2025 04:53:31.459] [main/WARN] [com.recipeessentials.RecipeEssentials/]: Recipe without matching ID:sliceanddice:everycomp_fd/cutting/biomesoplenty/jacaranda_trapdoor
[26Feb2025 04:53:31.459] [main/WARN] [com.recipeessentials.RecipeEssentials/]: Recipe without matching ID:sliceanddice:farmersdelight_cutting/leather_horse_armor
[26Feb2025 04:53:31.459] [main/WARN] [com.recipeessentials.RecipeEssentials/]: Recipe without matching ID:sliceanddice:endersdelight_cutting/shulker_filet
[26Feb2025 04:53:31.459] [main/WARN] [com.recipeessentials.RecipeEssentials/]: Recipe without matching ID:sliceanddice:everycomp_fd/cutting/biomemakeover/swamp_cypress_hanging_sign
[26Feb2025 04:53:31.459] [main/WARN] [com.recipeessentials.RecipeEssentials/]: Recipe without matching ID:sliceanddice:farmersdelight_cutting/oak_log
[26Feb2025 04:53:31.459] [main/WARN] [com.recipeessentials.RecipeEssentials/]: Recipe without matching ID:sliceanddice:everycomp_fd/cutting/regions_unexplored/green_bioshroom_door
[26Feb2025 04:53:31.460] [main/WARN] [com.recipeessentials.RecipeEssentials/]: Recipe without matching ID:sliceanddice:everycomp_fd/cutting/born_in_chaos_v1/scorched_wood
[26Feb2025 04:53:31.460] [main/WARN] [com.recipeessentials.RecipeEssentials/]: Recipe without matching ID:sliceanddice:everycomp_fd/cutting/biomesoplenty/magic_door
[26Feb2025 04:53:31.460] [main/WARN] [com.recipeessentials.RecipeEssentials/]: Recipe without matching ID:sliceanddice:everycomp_fd/cutting/biomesoplenty/fir_hanging_sign
[26Feb2025 04:53:31.460] [main/WARN] [com.recipeessentials.RecipeEssentials/]: Recipe without matching ID:sliceanddice:netherdepthsupgrade_cutting/glowdine
[26Feb2025 04:53:31.460] [main/WARN] [com.recipeessentials.RecipeEssentials/]: Recipe without matching ID:sliceanddice:everycomp_fd/cutting/regions_unexplored/blue_bioshroom_trapdoor
[26Feb2025 04:53:31.460] [main/WARN] [com.recipeessentials.RecipeEssentials/]: Recipe without matching ID:sliceanddice:everycomp_fd/cutting/biomesoplenty/dead_sign
[26Feb2025 04:53:31.460] [main/WARN] [com.recipeessentials.RecipeEssentials/]: Recipe without matching ID:sliceanddice:everycomp_fd/cutting/regions_unexplored/maple_trapdoor
[26Feb2025 04:53:31.460] [main/WARN] [com.recipeessentials.RecipeEssentials/]: Recipe without matching ID:sliceanddice:farmersdelight_cutting/jungle_wood
[26Feb2025 04:53:31.460] [main/WARN] [com.recipeessentials.RecipeEssentials/]: Recipe without matching ID:sliceanddice:everycomp_fd/cutting/biomesoplenty/fir_sign
[26Feb2025 04:53:31.460] [main/WARN] [com.recipeessentials.RecipeEssentials/]: Recipe without matching ID:sliceanddice:farmersdelight_cutting/cooked_chicken
[26Feb2025 04:53:31.460] [main/WARN] [com.recipeessentials.RecipeEssentials/]: Recipe without matching ID:sliceanddice:everycomp_fd/cutting/biomemakeover/willow_door
[26Feb2025 04:53:31.460] [main/WARN] [com.recipeessentials.RecipeEssentials/]: Recipe without matching ID:sliceanddice:everycomp_fd/cutting/regions_unexplored/mauve_trapdoor
[26Feb2025 04:53:31.460] [main/WARN] [com.recipeessentials.RecipeEssentials/]: Recipe without matching ID:sliceanddice:undergardendelight_cutting/knife/tall_shimmerweed
[26Feb2025 04:53:31.460] [main/WARN] [com.recipeessentials.RecipeEssentials/]: Recipe without matching ID:sliceanddice:everycomp_fd/cutting/biomesoplenty/dead_log
[26Feb2025 04:53:31.460] [main/WARN] [com.recipeessentials.RecipeEssentials/]: Recipe without matching ID:sliceanddice:everycomp_fd/cutting/regions_unexplored/blackwood_sign
[26Feb2025 04:53:31.460] [main/WARN] [com.recipeessentials.RecipeEssentials/]: Recipe without matching ID:sliceanddice:farmersdelight_cutting/dark_oak_trapdoor
[26Feb2025 04:53:31.460] [main/WARN] [com.recipeessentials.RecipeEssentials/]: Recipe without matching ID:sliceanddice:everycomp_fd/cutting/netherexp/claret_hanging_sign
[26Feb2025 04:53:31.460] [main/WARN] [com.recipeessentials.RecipeEssentials/]: Recipe without matching ID:sliceanddice:everycomp_fd/cutting/biomesoplenty/hellbark_sign
[26Feb2025 04:53:31.460] [main/WARN] [com.recipeessentials.RecipeEssentials/]: Recipe without matching ID:sliceanddice:everycomp_fd/cutting/regions_unexplored/redwood_sign
[26Feb2025 04:53:31.460] [main/WARN] [com.recipeessentials.RecipeEssentials/]: Recipe without matching ID:sliceanddice:everycomp_fd/cutting/regions_unexplored/cypress_hanging_sign
[26Feb2025 04:53:31.460] [main/WARN] [com.recipeessentials.RecipeEssentials/]: Recipe without matching ID:sliceanddice:everycomp_fd/cutting/ecologics/coconut_log
[26Feb2025 04:53:31.460] [main/WARN] [com.recipeessentials.RecipeEssentials/]: Recipe without matching ID:sliceanddice:everycomp_fd/cutting/undergarden/grongle_trapdoor
[26Feb2025 04:53:31.460] [main/WARN] [com.recipeessentials.RecipeEssentials/]: Recipe without matching ID:sliceanddice:farmersdelight_cutting/azure_bluet
[26Feb2025 04:53:31.460] [main/WARN] [com.recipeessentials.RecipeEssentials/]: Recipe without matching ID:sliceanddice:farmersdelight_cutting/chicken
[26Feb2025 04:53:31.460] [main/WARN] [com.recipeessentials.RecipeEssentials/]: Recipe without matching ID:sliceanddice:everycomp_fd/cutting/regions_unexplored/blackwood_hanging_sign
[26Feb2025 04:53:31.460] [main/WARN] [com.recipeessentials.RecipeEssentials/]: Recipe without matching ID:sliceanddice:everycomp_fd/cutting/ecologics/azalea_door
[26Feb2025 04:53:31.460] [main/WARN] [com.recipeessentials.RecipeEssentials/]: Recipe without matching ID:sliceanddice:farmersdelight_cutting/wild_onions
[26Feb2025 04:53:31.460] [main/WARN] [com.recipeessentials.RecipeEssentials/]: Recipe without matching ID:sliceanddice:miners_delight_cutting/glow_squid
[26Feb2025 04:53:31.460] [main/WARN] [com.recipeessentials.RecipeEssentials/]: Recipe without matching ID:sliceanddice:everycomp_fd/cutting/regions_unexplored/pink_bioshroom_sign
[26Feb2025 04:53:31.460] [main/WARN] [com.recipeessentials.RecipeEssentials/]: Recipe without matching ID:sliceanddice:everycomp_fd/cutting/biomesoplenty/magic_log
[26Feb2025 04:53:31.460] [main/WARN] [com.recipeessentials.RecipeEssentials/]: Recipe without matching ID:sliceanddice:everycomp_fd/cutting/biomesoplenty/redwood_log
[26Feb2025 04:53:31.460] [main/WARN] [com.recipeessentials.RecipeEssentials/]: Recipe without matching ID:sliceanddice:everycomp_fd/cutting/biomesoplenty/mahogany_sign
[26Feb2025 04:53:31.460] [main/WARN] [com.recipeessentials.RecipeEssentials/]: Recipe without matching ID:sliceanddice:everycomp_fd/cutting/deeperdarker/echo_sign
[26Feb2025 04:53:31.461] [main/WARN] [com.recipeessentials.RecipeEssentials/]: Recipe without matching ID:sliceanddice:alexscavesdelight_cutting/cut_dinosaur_chop_raw
[26Feb2025 04:53:31.461] [main/WARN] [com.recipeessentials.RecipeEssentials/]: Recipe without matching ID:sliceanddice:everycomp_fd/cutting/undergarden/grongle_door
[26Feb2025 04:53:31.461] [main/WARN] [com.recipeessentials.RecipeEssentials/]: Recipe without matching ID:sliceanddice:farmersdelight_cutting/dark_oak_hanging_sign
[26Feb2025 04:53:31.461] [main/WARN] [com.recipeessentials.RecipeEssentials/]: Recipe without matching ID:sliceanddice:undergardendelight_cutting/axe/smogstem_sign
[26Feb2025 04:53:31.461] [main/WARN] [com.recipeessentials.RecipeEssentials/]: Recipe without matching ID:sliceanddice:everycomp_fd/cutting/regions_unexplored/joshua_hanging_sign
[26Feb2025 04:53:31.461] [main/WARN] [com.recipeessentials.RecipeEssentials/]: Recipe without matching ID:sliceanddice:farmersdelight_cutting/cod
[26Feb2025 04:53:31.461] [main/WARN] [com.recipeessentials.RecipeEssentials/]: Recipe without matching ID:sliceanddice:everycomp_fd/cutting/alexscaves/thornwood_hanging_sign
[26Feb2025 04:53:31.461] [main/WARN] [com.recipeessentials.RecipeEssentials/]: Recipe without matching ID:sliceanddice:everycomp_fd/cutting/biomesoplenty/mahogany_trapdoor
[26Feb2025 04:53:31.461] [main/WARN] [com.recipeessentials.RecipeEssentials/]: Recipe without matching ID:sliceanddice:farmersdelight_cutting/dark_oak_log
[26Feb2025 04:53:31.461] [main/WARN] [com.recipeessentials.RecipeEssentials/]: Recipe without matching ID:sliceanddice:everycomp_fd/cutting/regions_unexplored/baobab_log
[26Feb2025 04:53:31.461] [main/WARN] [com.recipeessentials.RecipeEssentials/]: Recipe without matching ID:sliceanddice:everycomp_fd/cutting/regions_unexplored/maple_sign
[26Feb2025 04:53:31.461] [main/WARN] [com.recipeessentials.RecipeEssentials/]: Recipe without matching ID:sliceanddice:everycomp_fd/cutting/upgrade_aquatic/river_hanging_sign
[26Feb2025 04:53:31.461] [main/WARN] [com.recipeessentials.RecipeEssentials/]: Recipe without matching ID:sliceanddice:undergardendelight_cutting/axe/wigglewood_sign
[26Feb2025 04:53:31.461] [main/WARN] [com.recipeessentials.RecipeEssentials/]: Recipe without matching ID:sliceanddice:everycomp_fd/cutting/netherexp/claret_door
[26Feb2025 04:53:31.461] [main/WARN] [com.recipeessentials.RecipeEssentials/]: Recipe without matching ID:sliceanddice:farmersdelight_cutting/clay
[26Feb2025 04:53:31.461] [main/WARN] [com.recipeessentials.RecipeEssentials/]: Recipe without matching ID:sliceanddice:alexscavesdelight_cutting/cut_dinosaur_chop_cooked
[26Feb2025 04:53:31.461] [main/WARN] [com.recipeessentials.RecipeEssentials/]: Recipe without matching ID:sliceanddice:miners_delight_cutting/baked_squid
[26Feb2025 04:53:31.461] [main/WARN] [com.recipeessentials.RecipeEssentials/]: Recipe without matching ID:sliceanddice:farmersdelight_cutting/dark_oak_sign
[26Feb2025 04:53:31.461] [main/WARN] [com.recipeessentials.RecipeEssentials/]: Recipe without matching ID:sliceanddice:alexscavesdelight_cutting/licoroot_roll
[26Feb2025 04:53:31.461] [main/WARN] [com.recipeessentials.RecipeEssentials/]: Recipe without matching ID:sliceanddice:everycomp_fd/cutting/biomemakeover/blighted_balsa_wood
[26Feb2025 04:53:31.461] [main/WARN] [com.recipeessentials.RecipeEssentials/]: Recipe without matching ID:sliceanddice:farmersdelight_cutting/warped_hanging_sign
[26Feb2025 04:53:31.461] [main/WARN] [com.recipeessentials.RecipeEssentials/]: Recipe without matching ID:sliceanddice:everycomp_fd/cutting/regions_unexplored/brimwood_wood
[26Feb2025 04:53:31.461] [main/WARN] [com.recipeessentials.RecipeEssentials/]: Recipe without matching ID:sliceanddice:undergardendelight_cutting/knife/gloomgourd
[26Feb2025 04:53:31.461] [main/WARN] [com.recipeessentials.RecipeEssentials/]: Recipe without matching ID:sliceanddice:everycomp_fd/cutting/biomemakeover/willow_log
[26Feb2025 04:53:31.462] [main/WARN] [com.recipeessentials.RecipeEssentials/]: Recipe without matching ID:sliceanddice:everycomp_fd/cutting/biomemakeover/ancient_oak_trapdoor
[26Feb2025 04:53:31.462] [main/WARN] [com.recipeessentials.RecipeEssentials/]: Recipe without matching ID:sliceanddice:everycomp_fd/cutting/biomesoplenty/hellbark_wood
[26Feb2025 04:53:31.462] [main/WARN] [com.recipeessentials.RecipeEssentials/]: Recipe without matching ID:sliceanddice:everycomp_fd/cutting/biomesoplenty/palm_log
[26Feb2025 04:53:31.462] [main/WARN] [com.recipeessentials.RecipeEssentials/]: Recipe without matching ID:sliceanddice:everycomp_fd/cutting/biomesoplenty/magic_hanging_sign
[26Feb2025 04:53:31.462] [main/WARN] [com.recipeessentials.RecipeEssentials/]: Recipe without matching ID:sliceanddice:alexscavesdelight_cutting/cut_cooked_radgill
[26Feb2025 04:53:31.462] [main/WARN] [com.recipeessentials.RecipeEssentials/]: Recipe without matching ID:sliceanddice:undergardendelight_cutting/knife/veil_mushroom
[26Feb2025 04:53:31.462] [main/WARN] [com.recipeessentials.RecipeEssentials/]: Recipe without matching ID:sliceanddice:everycomp_fd/cutting/regions_unexplored/larch_sign
[26Feb2025 04:53:31.462] [main/WARN] [com.recipeessentials.RecipeEssentials/]: Recipe without matching ID:sliceanddice:farmersdelight_cutting/crimson_trapdoor
[26Feb2025 04:53:31.462] [main/WARN] [com.recipeessentials.RecipeEssentials/]: Recipe without matching ID:sliceanddice:everycomp_fd/cutting/regions_unexplored/cobalt_door
[26Feb2025 04:53:31.462] [main/WARN] [com.recipeessentials.RecipeEssentials/]: Recipe without matching ID:sliceanddice:farmersdelight_cutting/jungle_sign
[26Feb2025 04:53:31.462] [main/WARN] [com.recipeessentials.RecipeEssentials/]: Recipe without matching ID:sliceanddice:undergardendelight_cutting/knife/indigo_mushroom
[26Feb2025 04:53:31.462] [main/WARN] [com.recipeessentials.RecipeEssentials/]: Recipe without matching ID:sliceanddice:farmersdelight_cutting/wild_tomatoes
[26Feb2025 04:53:31.462] [main/WARN] [com.recipeessentials.RecipeEssentials/]: Recipe without matching ID:sliceanddice:alexsdelight_cutting/bunfungus_drumstick
[26Feb2025 04:53:31.462] [main/WARN] [com.recipeessentials.RecipeEssentials/]: Recipe without matching ID:sliceanddice:everycomp_fd/cutting/regions_unexplored/baobab_sign
[26Feb2025 04:53:31.462] [main/WARN] [com.recipeessentials.RecipeEssentials/]: Recipe without matching ID:sliceanddice:undergardendelight_cutting/axe/wigglewood_wood
[26Feb2025 04:53:31.462] [main/WARN] [com.recipeessentials.RecipeEssentials/]: Recipe without matching ID:sliceanddice:miners_delight_cutting/bat_wing
[26Feb2025 04:53:31.462] [main/WARN] [com.recipeessentials.RecipeEssentials/]: Recipe without matching ID:sliceanddice:everycomp_fd/cutting/alexscaves/pewen_door
[26Feb2025 04:53:31.462] [main/WARN] [com.recipeessentials.RecipeEssentials/]: Recipe without matching ID:sliceanddice:everycomp_fd/cutting/regions_unexplored/eucalyptus_hanging_sign
[26Feb2025 04:53:31.462] [main/WARN] [com.recipeessentials.RecipeEssentials/]: Recipe without matching ID:sliceanddice:farmersdelight_cutting/poppy
[26Feb2025 04:53:31.462] [main/WARN] [com.recipeessentials.RecipeEssentials/]: Recipe without matching ID:sliceanddice:everycomp_fd/cutting/regions_unexplored/dead_door
[26Feb2025 04:53:31.462] [main/WARN] [com.recipeessentials.RecipeEssentials/]: Recipe without matching ID:sliceanddice:nethersdelight_cutting/warped_fungus_colony
[26Feb2025 04:53:31.462] [main/WARN] [com.recipeessentials.RecipeEssentials/]: Recipe without matching ID:sliceanddice:everycomp_fd/cutting/regions_unexplored/joshua_door
[26Feb2025 04:53:31.462] [main/WARN] [com.recipeessentials.RecipeEssentials/]: Recipe without matching ID:sliceanddice:everycomp_fd/cutting/ecologics/azalea_trapdoor
[26Feb2025 04:53:31.462] [main/WARN] [com.recipeessentials.RecipeEssentials/]: Recipe without matching ID:sliceanddice:everycomp_fd/cutting/regions_unexplored/blue_bioshroom_door
[26Feb2025 04:53:31.462] [main/WARN] [com.recipeessentials.RecipeEssentials/]: Recipe without matching ID:sliceanddice:everycomp_fd/cutting/biomemakeover/ancient_oak_wood
[26Feb2025 04:53:31.462] [main/WARN] [com.recipeessentials.RecipeEssentials/]: Recipe without matching ID:sliceanddice:farmersdelight_cutting/blue_orchid
[26Feb2025 04:53:31.462] [main/WARN] [com.recipeessentials.RecipeEssentials/]: Recipe without matching ID:sliceanddice:everycomp_fd/cutting/biomesoplenty/umbran_wood
[26Feb2025 04:53:31.462] [main/WARN] [com.recipeessentials.RecipeEssentials/]: Recipe without matching ID:sliceanddice:everycomp_fd/cutting/biomesoplenty/palm_hanging_sign
[26Feb2025 04:53:31.462] [main/WARN] [com.recipeessentials.RecipeEssentials/]: Recipe without matching ID:sliceanddice:farmersdelight_cutting/wild_rice
[26Feb2025 04:53:31.462] [main/WARN] [com.recipeessentials.RecipeEssentials/]: Recipe without matching ID:sliceanddice:everycomp_fd/cutting/regions_unexplored/palm_sign
[26Feb2025 04:53:31.463] [main/WARN] [com.recipeessentials.RecipeEssentials/]: Recipe without matching ID:sliceanddice:everycomp_fd/cutting/regions_unexplored/magnolia_sign
[26Feb2025 04:53:31.463] [main/WARN] [com.recipeessentials.RecipeEssentials/]: Recipe without matching ID:sliceanddice:farmersdelight_cutting/pumpkin
[26Feb2025 04:53:31.463] [main/WARN] [com.recipeessentials.RecipeEssentials/]: Recipe without matching ID:sliceanddice:everycomp_fd/cutting/undergarden/wigglewood_door
[26Feb2025 04:53:31.464] [main/WARN] [com.recipeessentials.RecipeEssentials/]: Recipe without matching ID:sliceanddice:everycomp_fd/cutting/regions_unexplored/blackwood_wood
[26Feb2025 04:53:31.464] [main/WARN] [com.recipeessentials.RecipeEssentials/]: Recipe without matching ID:sliceanddice:undergardendelight_cutting/axe/grongle_door
[26Feb2025 04:53:31.464] [main/WARN] [com.recipeessentials.RecipeEssentials/]: Recipe without matching ID:sliceanddice:everycomp_fd/cutting/alexscaves/thornwood_sign
[26Feb2025 04:53:31.464] [main/WARN] [com.recipeessentials.RecipeEssentials/]: Recipe without matching ID:sliceanddice:everycomp_fd/cutting/biomesoplenty/redwood_wood
[26Feb2025 04:53:31.464] [main/WARN] [com.recipeessentials.RecipeEssentials/]: Recipe without matching ID:sliceanddice:farmersdelight_cutting/birch_door
[26Feb2025 04:53:31.464] [main/WARN] [com.recipeessentials.RecipeEssentials/]: Recipe without matching ID:sliceanddice:endersdelight_chorus_pie_slice
[26Feb2025 04:53:31.464] [main/WARN] [com.recipeessentials.RecipeEssentials/]: Recipe without matching ID:sliceanddice:everycomp_fd/cutting/biomesoplenty/umbran_hanging_sign
[26Feb2025 04:53:31.464] [main/WARN] [com.recipeessentials.RecipeEssentials/]: Recipe without matching ID:sliceanddice:undergardendelight_cutting/shovel/sediment
[26Feb2025 04:53:31.464] [main/WARN] [com.recipeessentials.RecipeEssentials/]: Recipe without matching ID:sliceanddice:aquaculturedelight_cutting/knife/fillet_four
[26Feb2025 04:53:31.464] [main/WARN] [com.recipeessentials.RecipeEssentials/]: Recipe without matching ID:sliceanddice:everycomp_fd/cutting/regions_unexplored/eucalyptus_log
[26Feb2025 04:53:31.464] [main/WARN] [com.recipeessentials.RecipeEssentials/]: Recipe without matching ID:sliceanddice:everycomp_fd/cutting/biomesoplenty/jacaranda_log
[26Feb2025 04:53:31.464] [main/WARN] [com.recipeessentials.RecipeEssentials/]: Recipe without matching ID:sliceanddice:everycomp_fd/cutting/upgrade_aquatic/river_wood
[26Feb2025 04:53:31.464] [main/WARN] [com.recipeessentials.RecipeEssentials/]: Recipe without matching ID:sliceanddice:everycomp_fd/cutting/regions_unexplored/willow_log
[26Feb2025 04:53:31.464] [main/WARN] [com.recipeessentials.RecipeEssentials/]: Recipe without matching ID:sliceanddice:everycomp_fd/cutting/regions_unexplored/pine_door
[26Feb2025 04:53:31.464] [main/WARN] [com.recipeessentials.RecipeEssentials/]: Recipe without matching ID:sliceanddice:everycomp_fd/cutting/deeperdarker/echo_log
[26Feb2025 04:53:31.464] [main/WARN] [com.recipeessentials.RecipeEssentials/]: Recipe without matching ID:sliceanddice:farmersdelight_cutting/cherry_log
[26Feb2025 04:53:31.464] [main/WARN] [com.recipeessentials.RecipeEssentials/]: Recipe without matching ID:sliceanddice:farmersdelight_cutting/wild_cabbages
[26Feb2025 04:53:31.465] [main/WARN] [com.recipeessentials.RecipeEssentials/]: Recipe without matching ID:sliceanddice:farmersdelight_cutting/ham
[26Feb2025 04:53:31.465] [main/WARN] [com.recipeessentials.RecipeEssentials/]: Recipe without matching ID:sliceanddice:alexscavesdelight_cutting/cut_tripodfish
[26Feb2025 04:53:31.465] [main/WARN] [com.recipeessentials.RecipeEssentials/]: Recipe without matching ID:sliceanddice:everycomp_fd/cutting/biomesoplenty/fir_wood
[26Feb2025 04:53:31.465] [main/WARN] [com.recipeessentials.RecipeEssentials/]: Recipe without matching ID:sliceanddice:aquaculturedelight_cutting/knife/neptunium_fillet_four
[26Feb2025 04:53:31.477] [main/INFO] [com.teamabnormals.blueprint.core.Blueprint/]: Advancement Modification Manager has loaded 8 modifier groups
[26Feb2025 04:53:31.638] [main/ERROR] [net.minecraft.server.ServerAdvancementManager/]: Parsing error loading custom advancement additionaladditions:use_watering_can: Failed to parse 'location' field
[26Feb2025 04:53:31.769] [main/ERROR] [net.minecraft.server.ServerAdvancementManager/]: Parsing error loading custom advancement exlinecopperequipment:recipes/misc/copper_pickaxe: Unknown item id 'minecraft:copper_pickaxe'
[26Feb2025 04:53:31.839] [main/INFO] [net.minecraft.advancements.AdvancementList/]: Loaded 10434 advancements
[26Feb2025 04:53:31.848] [main/INFO] [placebo/]: Registered 0 additional recipes.
[26Feb2025 04:53:31.866] [main/INFO] [additionaladditions/]: [additionaladditions] Loaded 0 behaviours
[26Feb2025 04:53:31.883] [main/INFO] [top.theillusivec4.curios.Curios/]: Loaded 11 curio slots
[26Feb2025 04:53:31.897] [main/ERROR] [top.theillusivec4.curios.Curios/]: talisman is not a registered slot type!
[26Feb2025 04:53:31.898] [main/INFO] [top.theillusivec4.curios.Curios/]: Loaded 11 curio entities
[26Feb2025 04:53:31.898] [main/INFO] [com.aqutheseal.celestisynth.api.misc.CodecJsonDataManager/]: Beginning loading of data for data loader: tiered_item_stats
[26Feb2025 04:53:31.899] [main/INFO] [com.aqutheseal.celestisynth.api.misc.CodecJsonDataManager/]: Data loader for tiered_item_stats loaded 0 jsons
[26Feb2025 04:53:31.906] [main/WARN] [net.minecraftforge.common.loot.LootModifierManager/]: Could not decode GlobalLootModifier with json id bygonenether:soul_stone_from_block - error: Unknown registry key in ResourceKey[minecraft:root / forge:global_loot_modifier_serializers]: bygonenether:replace_item
[26Feb2025 04:53:31.906] [main/WARN] [net.minecraftforge.common.loot.LootModifierManager/]: Could not decode GlobalLootModifier with json id bygonenether:soul_stone_in_catacombs - error: Unknown registry key in ResourceKey[minecraft:root / forge:global_loot_modifier_serializers]: bygonenether:replace_item
[26Feb2025 04:53:31.909] [main/INFO] [additionaladditions/]: [additionaladditions] Adding 22 loot pools
[26Feb2025 04:53:31.910] [main/WARN] [net.minecraftforge.common.loot.LootModifierManager/]: Unable to decode loot conditions
com.google.gson.JsonSyntaxException: Unknown type 'alternative'
	at net.minecraft.world.level.storage.loot.GsonAdapterFactory$JsonAdapter.deserialize(GsonAdapterFactory.java:99) ~[server-1.20.1-20230612.114412-srg.jar%23859!/:?]
	at com.google.gson.internal.bind.TreeTypeAdapter.read(TreeTypeAdapter.java:76) ~[gson-2.10.jar%2372!/:?]
	at com.google.gson.internal.bind.TypeAdapterRuntimeTypeWrapper.read(TypeAdapterRuntimeTypeWrapper.java:40) ~[gson-2.10.jar%2372!/:?]
	at com.google.gson.internal.bind.ArrayTypeAdapter.read(ArrayTypeAdapter.java:72) ~[gson-2.10.jar%2372!/:?]
	at com.google.gson.Gson.fromJson(Gson.java:1214) ~[gson-2.10.jar%2372!/:?]
	at com.google.gson.Gson.fromJson(Gson.java:1319) ~[gson-2.10.jar%2372!/:?]
	at com.google.gson.Gson.fromJson(Gson.java:1261) ~[gson-2.10.jar%2372!/:?]
	at net.minecraftforge.common.loot.IGlobalLootModifier.lambda$static$1(IGlobalLootModifier.java:39) ~[forge-1.20.1-47.3.7-universal.jar%23864!/:?]
	at com.mojang.serialization.Decoder$1.lambda$decode$1(Decoder.java:49) ~[datafixerupper-6.0.8.jar%2377!/:?]
	at com.mojang.serialization.DataResult.lambda$flatMap$11(DataResult.java:139) ~[datafixerupper-6.0.8.jar%2377!/:?]
	at com.mojang.datafixers.util.Either$Left.map(Either.java:38) ~[datafixerupper-6.0.8.jar%2377!/:?]
	at com.mojang.serialization.DataResult.flatMap(DataResult.java:137) ~[datafixerupper-6.0.8.jar%2377!/:?]
	at com.mojang.serialization.Decoder$1.decode(Decoder.java:49) ~[datafixerupper-6.0.8.jar%2377!/:?]
	at com.mojang.serialization.Codec$2.decode(Codec.java:71) ~[datafixerupper-6.0.8.jar%2377!/:?]
	at com.mojang.serialization.Decoder.parse(Decoder.java:18) ~[datafixerupper-6.0.8.jar%2377!/:?]
	at com.mojang.serialization.codecs.FieldDecoder.decode(FieldDecoder.java:29) ~[datafixerupper-6.0.8.jar%2377!/:?]
	at com.mojang.serialization.MapCodec$1.decode(MapCodec.java:34) ~[datafixerupper-6.0.8.jar%2377!/:?]
	at com.mojang.serialization.codecs.RecordCodecBuilder$Instance$7.decode(RecordCodecBuilder.java:406) ~[datafixerupper-6.0.8.jar%2377!/:?]
	at com.mojang.serialization.codecs.RecordCodecBuilder$2.decode(RecordCodecBuilder.java:107) ~[datafixerupper-6.0.8.jar%2377!/:?]
	at com.mojang.serialization.codecs.KeyDispatchCodec.lambda$decode$3(KeyDispatchCodec.java:67) ~[datafixerupper-6.0.8.jar%2377!/:?]
	at com.mojang.serialization.DataResult.lambda$flatMap$11(DataResult.java:139) ~[datafixerupper-6.0.8.jar%2377!/:?]
	at com.mojang.datafixers.util.Either$Left.map(Either.java:38) ~[datafixerupper-6.0.8.jar%2377!/:?]
	at com.mojang.serialization.DataResult.flatMap(DataResult.java:137) ~[datafixerupper-6.0.8.jar%2377!/:?]
	at com.mojang.serialization.codecs.KeyDispatchCodec.lambda$decode$4(KeyDispatchCodec.java:58) ~[datafixerupper-6.0.8.jar%2377!/:?]
	at com.mojang.serialization.DataResult.lambda$flatMap$11(DataResult.java:139) ~[datafixerupper-6.0.8.jar%2377!/:?]
	at com.mojang.datafixers.util.Either$Left.map(Either.java:38) ~[datafixerupper-6.0.8.jar%2377!/:?]
	at com.mojang.serialization.DataResult.flatMap(DataResult.java:137) ~[datafixerupper-6.0.8.jar%2377!/:?]
	at com.mojang.serialization.codecs.KeyDispatchCodec.decode(KeyDispatchCodec.java:56) ~[datafixerupper-6.0.8.jar%2377!/:?]
	at com.mojang.serialization.MapDecoder.lambda$compressedDecode$1(MapDecoder.java:52) ~[datafixerupper-6.0.8.jar%2377!/:?]
	at com.mojang.serialization.DataResult.lambda$flatMap$11(DataResult.java:139) ~[datafixerupper-6.0.8.jar%2377!/:?]
	at com.mojang.datafixers.util.Either$Left.map(Either.java:38) ~[datafixerupper-6.0.8.jar%2377!/:?]
	at com.mojang.serialization.DataResult.flatMap(DataResult.java:137) ~[datafixerupper-6.0.8.jar%2377!/:?]
	at com.mojang.serialization.MapDecoder.compressedDecode(MapDecoder.java:52) ~[datafixerupper-6.0.8.jar%2377!/:?]
	at com.mojang.serialization.MapCodec$MapCodecCodec.decode(MapCodec.java:91) ~[datafixerupper-6.0.8.jar%2377!/:?]
	at com.mojang.serialization.Decoder.parse(Decoder.java:18) ~[datafixerupper-6.0.8.jar%2377!/:?]
	at net.minecraftforge.common.loot.LootModifierManager.apply(LootModifierManager.java:79) ~[forge-1.20.1-47.3.7-universal.jar%23864!/:?]
	at net.minecraftforge.common.loot.LootModifierManager.m_5787_(LootModifierManager.java:38) ~[forge-1.20.1-47.3.7-universal.jar%23864!/:?]
	at net.minecraft.server.packs.resources.SimplePreparableReloadListener.m_10789_(SimplePreparableReloadListener.java:13) ~[server-1.20.1-20230612.114412-srg.jar%23859!/:?]
	at java.util.concurrent.CompletableFuture$UniAccept.tryFire(CompletableFuture.java:718) ~[?:?]
	at java.util.concurrent.CompletableFuture$Completion.run(CompletableFuture.java:482) ~[?:?]
	at net.minecraft.server.packs.resources.SimpleReloadInstance.m_143940_(SimpleReloadInstance.java:69) ~[server-1.20.1-20230612.114412-srg.jar%23859!/:?]
	at net.minecraft.Util.m_214652_(Util.java:783) ~[server-1.20.1-20230612.114412-srg.jar%23859!/:?]
	at net.minecraft.Util.m_214679_(Util.java:772) ~[server-1.20.1-20230612.114412-srg.jar%23859!/:?]
	at net.minecraft.server.Main.main(Main.java:166) ~[server-1.20.1-20230612.114412-srg.jar%23859!/:?]
	at jdk.internal.reflect.NativeMethodAccessorImpl.invoke0(Native Method) ~[?:?]
	at jdk.internal.reflect.NativeMethodAccessorImpl.invoke(NativeMethodAccessorImpl.java:77) ~[?:?]
	at jdk.internal.reflect.DelegatingMethodAccessorImpl.invoke(DelegatingMethodAccessorImpl.java:43) ~[?:?]
	at java.lang.reflect.Method.invoke(Method.java:569) ~[?:?]
	at net.minecraftforge.fml.loading.targets.CommonLaunchHandler.runTarget(CommonLaunchHandler.java:111) ~[fmlloader-1.20.1-47.3.7.jar%2369!/:?]
	at net.minecraftforge.fml.loading.targets.CommonLaunchHandler.serverService(CommonLaunchHandler.java:103) ~[fmlloader-1.20.1-47.3.7.jar%2369!/:?]
	at net.minecraftforge.fml.loading.targets.CommonServerLaunchHandler.lambda$makeService$0(CommonServerLaunchHandler.java:27) ~[fmlloader-1.20.1-47.3.7.jar%2369!/:?]
	at cpw.mods.modlauncher.LaunchServiceHandlerDecorator.launch(LaunchServiceHandlerDecorator.java:30) ~[modlauncher-10.0.9.jar%2355!/:?]
	at cpw.mods.modlauncher.LaunchServiceHandler.launch(LaunchServiceHandler.java:53) ~[modlauncher-10.0.9.jar%2355!/:?]
	at cpw.mods.modlauncher.LaunchServiceHandler.launch(LaunchServiceHandler.java:71) ~[modlauncher-10.0.9.jar%2355!/:?]
	at cpw.mods.modlauncher.Launcher.run(Launcher.java:108) ~[modlauncher-10.0.9.jar%2355!/:?]
	at cpw.mods.modlauncher.Launcher.main(Launcher.java:78) ~[modlauncher-10.0.9.jar%2355!/:?]
	at cpw.mods.modlauncher.BootstrapLaunchConsumer.accept(BootstrapLaunchConsumer.java:26) ~[modlauncher-10.0.9.jar%2355!/:?]
	at cpw.mods.modlauncher.BootstrapLaunchConsumer.accept(BootstrapLaunchConsumer.java:23) ~[modlauncher-10.0.9.jar%2355!/:?]
	at cpw.mods.bootstraplauncher.BootstrapLauncher.main(BootstrapLauncher.java:141) ~[bootstraplauncher-1.1.2.jar:?]
[26Feb2025 04:53:31.911] [main/WARN] [net.minecraftforge.common.loot.LootModifierManager/]: Could not decode GlobalLootModifier with json id miners_delight:scavenging_tentacles - error: Unknown type 'alternative'
[26Feb2025 04:53:31.911] [main/WARN] [net.minecraftforge.common.loot.LootModifierManager/]: Unable to decode loot conditions
com.google.gson.JsonSyntaxException: Unknown type 'alternative'
	at net.minecraft.world.level.storage.loot.GsonAdapterFactory$JsonAdapter.deserialize(GsonAdapterFactory.java:99) ~[server-1.20.1-20230612.114412-srg.jar%23859!/:?]
	at com.google.gson.internal.bind.TreeTypeAdapter.read(TreeTypeAdapter.java:76) ~[gson-2.10.jar%2372!/:?]
	at com.google.gson.internal.bind.TypeAdapterRuntimeTypeWrapper.read(TypeAdapterRuntimeTypeWrapper.java:40) ~[gson-2.10.jar%2372!/:?]
	at com.google.gson.internal.bind.ArrayTypeAdapter.read(ArrayTypeAdapter.java:72) ~[gson-2.10.jar%2372!/:?]
	at com.google.gson.Gson.fromJson(Gson.java:1214) ~[gson-2.10.jar%2372!/:?]
	at com.google.gson.Gson.fromJson(Gson.java:1319) ~[gson-2.10.jar%2372!/:?]
	at com.google.gson.Gson.fromJson(Gson.java:1261) ~[gson-2.10.jar%2372!/:?]
	at net.minecraftforge.common.loot.IGlobalLootModifier.lambda$static$1(IGlobalLootModifier.java:39) ~[forge-1.20.1-47.3.7-universal.jar%23864!/:?]
	at com.mojang.serialization.Decoder$1.lambda$decode$1(Decoder.java:49) ~[datafixerupper-6.0.8.jar%2377!/:?]
	at com.mojang.serialization.DataResult.lambda$flatMap$11(DataResult.java:139) ~[datafixerupper-6.0.8.jar%2377!/:?]
	at com.mojang.datafixers.util.Either$Left.map(Either.java:38) ~[datafixerupper-6.0.8.jar%2377!/:?]
	at com.mojang.serialization.DataResult.flatMap(DataResult.java:137) ~[datafixerupper-6.0.8.jar%2377!/:?]
	at com.mojang.serialization.Decoder$1.decode(Decoder.java:49) ~[datafixerupper-6.0.8.jar%2377!/:?]
	at com.mojang.serialization.Codec$2.decode(Codec.java:71) ~[datafixerupper-6.0.8.jar%2377!/:?]
	at com.mojang.serialization.Decoder.parse(Decoder.java:18) ~[datafixerupper-6.0.8.jar%2377!/:?]
	at com.mojang.serialization.codecs.FieldDecoder.decode(FieldDecoder.java:29) ~[datafixerupper-6.0.8.jar%2377!/:?]
	at com.mojang.serialization.MapCodec$1.decode(MapCodec.java:34) ~[datafixerupper-6.0.8.jar%2377!/:?]
	at com.mojang.serialization.codecs.RecordCodecBuilder$Instance$5.decode(RecordCodecBuilder.java:323) ~[datafixerupper-6.0.8.jar%2377!/:?]
	at com.mojang.serialization.codecs.RecordCodecBuilder$2.decode(RecordCodecBuilder.java:107) ~[datafixerupper-6.0.8.jar%2377!/:?]
	at com.mojang.serialization.codecs.KeyDispatchCodec.lambda$decode$3(KeyDispatchCodec.java:67) ~[datafixerupper-6.0.8.jar%2377!/:?]
	at com.mojang.serialization.DataResult.lambda$flatMap$11(DataResult.java:139) ~[datafixerupper-6.0.8.jar%2377!/:?]
	at com.mojang.datafixers.util.Either$Left.map(Either.java:38) ~[datafixerupper-6.0.8.jar%2377!/:?]
	at com.mojang.serialization.DataResult.flatMap(DataResult.java:137) ~[datafixerupper-6.0.8.jar%2377!/:?]
	at com.mojang.serialization.codecs.KeyDispatchCodec.lambda$decode$4(KeyDispatchCodec.java:58) ~[datafixerupper-6.0.8.jar%2377!/:?]
	at com.mojang.serialization.DataResult.lambda$flatMap$11(DataResult.java:139) ~[datafixerupper-6.0.8.jar%2377!/:?]
	at com.mojang.datafixers.util.Either$Left.map(Either.java:38) ~[datafixerupper-6.0.8.jar%2377!/:?]
	at com.mojang.serialization.DataResult.flatMap(DataResult.java:137) ~[datafixerupper-6.0.8.jar%2377!/:?]
	at com.mojang.serialization.codecs.KeyDispatchCodec.decode(KeyDispatchCodec.java:56) ~[datafixerupper-6.0.8.jar%2377!/:?]
	at com.mojang.serialization.MapDecoder.lambda$compressedDecode$1(MapDecoder.java:52) ~[datafixerupper-6.0.8.jar%2377!/:?]
	at com.mojang.serialization.DataResult.lambda$flatMap$11(DataResult.java:139) ~[datafixerupper-6.0.8.jar%2377!/:?]
	at com.mojang.datafixers.util.Either$Left.map(Either.java:38) ~[datafixerupper-6.0.8.jar%2377!/:?]
	at com.mojang.serialization.DataResult.flatMap(DataResult.java:137) ~[datafixerupper-6.0.8.jar%2377!/:?]
	at com.mojang.serialization.MapDecoder.compressedDecode(MapDecoder.java:52) ~[datafixerupper-6.0.8.jar%2377!/:?]
	at com.mojang.serialization.MapCodec$MapCodecCodec.decode(MapCodec.java:91) ~[datafixerupper-6.0.8.jar%2377!/:?]
	at com.mojang.serialization.Decoder.parse(Decoder.java:18) ~[datafixerupper-6.0.8.jar%2377!/:?]
	at net.minecraftforge.common.loot.LootModifierManager.apply(LootModifierManager.java:79) ~[forge-1.20.1-47.3.7-universal.jar%23864!/:?]
	at net.minecraftforge.common.loot.LootModifierManager.m_5787_(LootModifierManager.java:38) ~[forge-1.20.1-47.3.7-universal.jar%23864!/:?]
	at net.minecraft.server.packs.resources.SimplePreparableReloadListener.m_10789_(SimplePreparableReloadListener.java:13) ~[server-1.20.1-20230612.114412-srg.jar%23859!/:?]
	at java.util.concurrent.CompletableFuture$UniAccept.tryFire(CompletableFuture.java:718) ~[?:?]
	at java.util.concurrent.CompletableFuture$Completion.run(CompletableFuture.java:482) ~[?:?]
	at net.minecraft.server.packs.resources.SimpleReloadInstance.m_143940_(SimpleReloadInstance.java:69) ~[server-1.20.1-20230612.114412-srg.jar%23859!/:?]
	at net.minecraft.Util.m_214652_(Util.java:783) ~[server-1.20.1-20230612.114412-srg.jar%23859!/:?]
	at net.minecraft.Util.m_214679_(Util.java:772) ~[server-1.20.1-20230612.114412-srg.jar%23859!/:?]
	at net.minecraft.server.Main.main(Main.java:166) ~[server-1.20.1-20230612.114412-srg.jar%23859!/:?]
	at jdk.internal.reflect.NativeMethodAccessorImpl.invoke0(Native Method) ~[?:?]
	at jdk.internal.reflect.NativeMethodAccessorImpl.invoke(NativeMethodAccessorImpl.java:77) ~[?:?]
	at jdk.internal.reflect.DelegatingMethodAccessorImpl.invoke(DelegatingMethodAccessorImpl.java:43) ~[?:?]
	at java.lang.reflect.Method.invoke(Method.java:569) ~[?:?]
	at net.minecraftforge.fml.loading.targets.CommonLaunchHandler.runTarget(CommonLaunchHandler.java:111) ~[fmlloader-1.20.1-47.3.7.jar%2369!/:?]
	at net.minecraftforge.fml.loading.targets.CommonLaunchHandler.serverService(CommonLaunchHandler.java:103) ~[fmlloader-1.20.1-47.3.7.jar%2369!/:?]
	at net.minecraftforge.fml.loading.targets.CommonServerLaunchHandler.lambda$makeService$0(CommonServerLaunchHandler.java:27) ~[fmlloader-1.20.1-47.3.7.jar%2369!/:?]
	at cpw.mods.modlauncher.LaunchServiceHandlerDecorator.launch(LaunchServiceHandlerDecorator.java:30) ~[modlauncher-10.0.9.jar%2355!/:?]
	at cpw.mods.modlauncher.LaunchServiceHandler.launch(LaunchServiceHandler.java:53) ~[modlauncher-10.0.9.jar%2355!/:?]
	at cpw.mods.modlauncher.LaunchServiceHandler.launch(LaunchServiceHandler.java:71) ~[modlauncher-10.0.9.jar%2355!/:?]
	at cpw.mods.modlauncher.Launcher.run(Launcher.java:108) ~[modlauncher-10.0.9.jar%2355!/:?]
	at cpw.mods.modlauncher.Launcher.main(Launcher.java:78) ~[modlauncher-10.0.9.jar%2355!/:?]
	at cpw.mods.modlauncher.BootstrapLaunchConsumer.accept(BootstrapLaunchConsumer.java:26) ~[modlauncher-10.0.9.jar%2355!/:?]
	at cpw.mods.modlauncher.BootstrapLaunchConsumer.accept(BootstrapLaunchConsumer.java:23) ~[modlauncher-10.0.9.jar%2355!/:?]
	at cpw.mods.bootstraplauncher.BootstrapLauncher.main(BootstrapLauncher.java:141) ~[bootstraplauncher-1.1.2.jar:?]
[26Feb2025 04:53:31.912] [main/WARN] [net.minecraftforge.common.loot.LootModifierManager/]: Could not decode GlobalLootModifier with json id miners_delight:scavenging_silverfish - error: Unknown type 'alternative'
[26Feb2025 04:53:31.916] [main/WARN] [net.minecraftforge.common.loot.LootModifierManager/]: Unable to decode loot conditions
com.google.gson.JsonSyntaxException: Unknown type 'minecraft:alternatives'
	at net.minecraft.world.level.storage.loot.GsonAdapterFactory$JsonAdapter.deserialize(GsonAdapterFactory.java:99) ~[server-1.20.1-20230612.114412-srg.jar%23859!/:?]
	at com.google.gson.internal.bind.TreeTypeAdapter.read(TreeTypeAdapter.java:76) ~[gson-2.10.jar%2372!/:?]
	at com.google.gson.internal.bind.TypeAdapterRuntimeTypeWrapper.read(TypeAdapterRuntimeTypeWrapper.java:40) ~[gson-2.10.jar%2372!/:?]
	at com.google.gson.internal.bind.ArrayTypeAdapter.read(ArrayTypeAdapter.java:72) ~[gson-2.10.jar%2372!/:?]
	at com.google.gson.Gson.fromJson(Gson.java:1214) ~[gson-2.10.jar%2372!/:?]
	at com.google.gson.Gson.fromJson(Gson.java:1319) ~[gson-2.10.jar%2372!/:?]
	at com.google.gson.Gson.fromJson(Gson.java:1261) ~[gson-2.10.jar%2372!/:?]
	at net.minecraftforge.common.loot.IGlobalLootModifier.lambda$static$1(IGlobalLootModifier.java:39) ~[forge-1.20.1-47.3.7-universal.jar%23864!/:?]
	at com.mojang.serialization.Decoder$1.lambda$decode$1(Decoder.java:49) ~[datafixerupper-6.0.8.jar%2377!/:?]
	at com.mojang.serialization.DataResult.lambda$flatMap$11(DataResult.java:139) ~[datafixerupper-6.0.8.jar%2377!/:?]
	at com.mojang.datafixers.util.Either$Left.map(Either.java:38) ~[datafixerupper-6.0.8.jar%2377!/:?]
	at com.mojang.serialization.DataResult.flatMap(DataResult.java:137) ~[datafixerupper-6.0.8.jar%2377!/:?]
	at com.mojang.serialization.Decoder$1.decode(Decoder.java:49) ~[datafixerupper-6.0.8.jar%2377!/:?]
	at com.mojang.serialization.Codec$2.decode(Codec.java:71) ~[datafixerupper-6.0.8.jar%2377!/:?]
	at com.mojang.serialization.Decoder.parse(Decoder.java:18) ~[datafixerupper-6.0.8.jar%2377!/:?]
	at com.mojang.serialization.codecs.FieldDecoder.decode(FieldDecoder.java:29) ~[datafixerupper-6.0.8.jar%2377!/:?]
	at com.mojang.serialization.MapCodec$1.decode(MapCodec.java:34) ~[datafixerupper-6.0.8.jar%2377!/:?]
	at com.mojang.serialization.codecs.RecordCodecBuilder$Instance$5.decode(RecordCodecBuilder.java:323) ~[datafixerupper-6.0.8.jar%2377!/:?]
	at com.mojang.serialization.codecs.RecordCodecBuilder$2.decode(RecordCodecBuilder.java:107) ~[datafixerupper-6.0.8.jar%2377!/:?]
	at com.mojang.serialization.codecs.KeyDispatchCodec.lambda$decode$3(KeyDispatchCodec.java:67) ~[datafixerupper-6.0.8.jar%2377!/:?]
	at com.mojang.serialization.DataResult.lambda$flatMap$11(DataResult.java:139) ~[datafixerupper-6.0.8.jar%2377!/:?]
	at com.mojang.datafixers.util.Either$Left.map(Either.java:38) ~[datafixerupper-6.0.8.jar%2377!/:?]
	at com.mojang.serialization.DataResult.flatMap(DataResult.java:137) ~[datafixerupper-6.0.8.jar%2377!/:?]
	at com.mojang.serialization.codecs.KeyDispatchCodec.lambda$decode$4(KeyDispatchCodec.java:58) ~[datafixerupper-6.0.8.jar%2377!/:?]
	at com.mojang.serialization.DataResult.lambda$flatMap$11(DataResult.java:139) ~[datafixerupper-6.0.8.jar%2377!/:?]
	at com.mojang.datafixers.util.Either$Left.map(Either.java:38) ~[datafixerupper-6.0.8.jar%2377!/:?]
	at com.mojang.serialization.DataResult.flatMap(DataResult.java:137) ~[datafixerupper-6.0.8.jar%2377!/:?]
	at com.mojang.serialization.codecs.KeyDispatchCodec.decode(KeyDispatchCodec.java:56) ~[datafixerupper-6.0.8.jar%2377!/:?]
	at com.mojang.serialization.MapDecoder.lambda$compressedDecode$1(MapDecoder.java:52) ~[datafixerupper-6.0.8.jar%2377!/:?]
	at com.mojang.serialization.DataResult.lambda$flatMap$11(DataResult.java:139) ~[datafixerupper-6.0.8.jar%2377!/:?]
	at com.mojang.datafixers.util.Either$Left.map(Either.java:38) ~[datafixerupper-6.0.8.jar%2377!/:?]
	at com.mojang.serialization.DataResult.flatMap(DataResult.java:137) ~[datafixerupper-6.0.8.jar%2377!/:?]
	at com.mojang.serialization.MapDecoder.compressedDecode(MapDecoder.java:52) ~[datafixerupper-6.0.8.jar%2377!/:?]
	at com.mojang.serialization.MapCodec$MapCodecCodec.decode(MapCodec.java:91) ~[datafixerupper-6.0.8.jar%2377!/:?]
	at com.mojang.serialization.Decoder.parse(Decoder.java:18) ~[datafixerupper-6.0.8.jar%2377!/:?]
	at net.minecraftforge.common.loot.LootModifierManager.apply(LootModifierManager.java:79) ~[forge-1.20.1-47.3.7-universal.jar%23864!/:?]
	at net.minecraftforge.common.loot.LootModifierManager.m_5787_(LootModifierManager.java:38) ~[forge-1.20.1-47.3.7-universal.jar%23864!/:?]
	at net.minecraft.server.packs.resources.SimplePreparableReloadListener.m_10789_(SimplePreparableReloadListener.java:13) ~[server-1.20.1-20230612.114412-srg.jar%23859!/:?]
	at java.util.concurrent.CompletableFuture$UniAccept.tryFire(CompletableFuture.java:718) ~[?:?]
	at java.util.concurrent.CompletableFuture$Completion.run(CompletableFuture.java:482) ~[?:?]
	at net.minecraft.server.packs.resources.SimpleReloadInstance.m_143940_(SimpleReloadInstance.java:69) ~[server-1.20.1-20230612.114412-srg.jar%23859!/:?]
	at net.minecraft.Util.m_214652_(Util.java:783) ~[server-1.20.1-20230612.114412-srg.jar%23859!/:?]
	at net.minecraft.Util.m_214679_(Util.java:772) ~[server-1.20.1-20230612.114412-srg.jar%23859!/:?]
	at net.minecraft.server.Main.main(Main.java:166) ~[server-1.20.1-20230612.114412-srg.jar%23859!/:?]
	at jdk.internal.reflect.NativeMethodAccessorImpl.invoke0(Native Method) ~[?:?]
	at jdk.internal.reflect.NativeMethodAccessorImpl.invoke(NativeMethodAccessorImpl.java:77) ~[?:?]
	at jdk.internal.reflect.DelegatingMethodAccessorImpl.invoke(DelegatingMethodAccessorImpl.java:43) ~[?:?]
	at java.lang.reflect.Method.invoke(Method.java:569) ~[?:?]
	at net.minecraftforge.fml.loading.targets.CommonLaunchHandler.runTarget(CommonLaunchHandler.java:111) ~[fmlloader-1.20.1-47.3.7.jar%2369!/:?]
	at net.minecraftforge.fml.loading.targets.CommonLaunchHandler.serverService(CommonLaunchHandler.java:103) ~[fmlloader-1.20.1-47.3.7.jar%2369!/:?]
	at net.minecraftforge.fml.loading.targets.CommonServerLaunchHandler.lambda$makeService$0(CommonServerLaunchHandler.java:27) ~[fmlloader-1.20.1-47.3.7.jar%2369!/:?]
	at cpw.mods.modlauncher.LaunchServiceHandlerDecorator.launch(LaunchServiceHandlerDecorator.java:30) ~[modlauncher-10.0.9.jar%2355!/:?]
	at cpw.mods.modlauncher.LaunchServiceHandler.launch(LaunchServiceHandler.java:53) ~[modlauncher-10.0.9.jar%2355!/:?]
	at cpw.mods.modlauncher.LaunchServiceHandler.launch(LaunchServiceHandler.java:71) ~[modlauncher-10.0.9.jar%2355!/:?]
	at cpw.mods.modlauncher.Launcher.run(Launcher.java:108) ~[modlauncher-10.0.9.jar%2355!/:?]
	at cpw.mods.modlauncher.Launcher.main(Launcher.java:78) ~[modlauncher-10.0.9.jar%2355!/:?]
	at cpw.mods.modlauncher.BootstrapLaunchConsumer.accept(BootstrapLaunchConsumer.java:26) ~[modlauncher-10.0.9.jar%2355!/:?]
	at cpw.mods.modlauncher.BootstrapLaunchConsumer.accept(BootstrapLaunchConsumer.java:23) ~[modlauncher-10.0.9.jar%2355!/:?]
	at cpw.mods.bootstraplauncher.BootstrapLauncher.main(BootstrapLauncher.java:141) ~[bootstraplauncher-1.1.2.jar:?]
[26Feb2025 04:53:31.917] [main/WARN] [net.minecraftforge.common.loot.LootModifierManager/]: Could not decode GlobalLootModifier with json id nethersdelight:chopping_leather - error: Unknown type 'minecraft:alternatives'
[26Feb2025 04:53:31.917] [main/WARN] [net.minecraftforge.common.loot.LootModifierManager/]: Unable to decode loot conditions
com.google.gson.JsonSyntaxException: Unknown type 'minecraft:alternative'
	at net.minecraft.world.level.storage.loot.GsonAdapterFactory$JsonAdapter.deserialize(GsonAdapterFactory.java:99) ~[server-1.20.1-20230612.114412-srg.jar%23859!/:?]
	at com.google.gson.internal.bind.TreeTypeAdapter.read(TreeTypeAdapter.java:76) ~[gson-2.10.jar%2372!/:?]
	at com.google.gson.internal.bind.TypeAdapterRuntimeTypeWrapper.read(TypeAdapterRuntimeTypeWrapper.java:40) ~[gson-2.10.jar%2372!/:?]
	at com.google.gson.internal.bind.ArrayTypeAdapter.read(ArrayTypeAdapter.java:72) ~[gson-2.10.jar%2372!/:?]
	at com.google.gson.Gson.fromJson(Gson.java:1214) ~[gson-2.10.jar%2372!/:?]
	at com.google.gson.Gson.fromJson(Gson.java:1319) ~[gson-2.10.jar%2372!/:?]
	at com.google.gson.Gson.fromJson(Gson.java:1261) ~[gson-2.10.jar%2372!/:?]
	at net.minecraftforge.common.loot.IGlobalLootModifier.lambda$static$1(IGlobalLootModifier.java:39) ~[forge-1.20.1-47.3.7-universal.jar%23864!/:?]
	at com.mojang.serialization.Decoder$1.lambda$decode$1(Decoder.java:49) ~[datafixerupper-6.0.8.jar%2377!/:?]
	at com.mojang.serialization.DataResult.lambda$flatMap$11(DataResult.java:139) ~[datafixerupper-6.0.8.jar%2377!/:?]
	at com.mojang.datafixers.util.Either$Left.map(Either.java:38) ~[datafixerupper-6.0.8.jar%2377!/:?]
	at com.mojang.serialization.DataResult.flatMap(DataResult.java:137) ~[datafixerupper-6.0.8.jar%2377!/:?]
	at com.mojang.serialization.Decoder$1.decode(Decoder.java:49) ~[datafixerupper-6.0.8.jar%2377!/:?]
	at com.mojang.serialization.Codec$2.decode(Codec.java:71) ~[datafixerupper-6.0.8.jar%2377!/:?]
	at com.mojang.serialization.Decoder.parse(Decoder.java:18) ~[datafixerupper-6.0.8.jar%2377!/:?]
	at com.mojang.serialization.codecs.FieldDecoder.decode(FieldDecoder.java:29) ~[datafixerupper-6.0.8.jar%2377!/:?]
	at com.mojang.serialization.MapCodec$1.decode(MapCodec.java:34) ~[datafixerupper-6.0.8.jar%2377!/:?]
	at com.mojang.serialization.codecs.RecordCodecBuilder$Instance$5.decode(RecordCodecBuilder.java:323) ~[datafixerupper-6.0.8.jar%2377!/:?]
	at com.mojang.serialization.codecs.RecordCodecBuilder$2.decode(RecordCodecBuilder.java:107) ~[datafixerupper-6.0.8.jar%2377!/:?]
	at com.mojang.serialization.codecs.KeyDispatchCodec.lambda$decode$3(KeyDispatchCodec.java:67) ~[datafixerupper-6.0.8.jar%2377!/:?]
	at com.mojang.serialization.DataResult.lambda$flatMap$11(DataResult.java:139) ~[datafixerupper-6.0.8.jar%2377!/:?]
	at com.mojang.datafixers.util.Either$Left.map(Either.java:38) ~[datafixerupper-6.0.8.jar%2377!/:?]
	at com.mojang.serialization.DataResult.flatMap(DataResult.java:137) ~[datafixerupper-6.0.8.jar%2377!/:?]
	at com.mojang.serialization.codecs.KeyDispatchCodec.lambda$decode$4(KeyDispatchCodec.java:58) ~[datafixerupper-6.0.8.jar%2377!/:?]
	at com.mojang.serialization.DataResult.lambda$flatMap$11(DataResult.java:139) ~[datafixerupper-6.0.8.jar%2377!/:?]
	at com.mojang.datafixers.util.Either$Left.map(Either.java:38) ~[datafixerupper-6.0.8.jar%2377!/:?]
	at com.mojang.serialization.DataResult.flatMap(DataResult.java:137) ~[datafixerupper-6.0.8.jar%2377!/:?]
	at com.mojang.serialization.codecs.KeyDispatchCodec.decode(KeyDispatchCodec.java:56) ~[datafixerupper-6.0.8.jar%2377!/:?]
	at com.mojang.serialization.MapDecoder.lambda$compressedDecode$1(MapDecoder.java:52) ~[datafixerupper-6.0.8.jar%2377!/:?]
	at com.mojang.serialization.DataResult.lambda$flatMap$11(DataResult.java:139) ~[datafixerupper-6.0.8.jar%2377!/:?]
	at com.mojang.datafixers.util.Either$Left.map(Either.java:38) ~[datafixerupper-6.0.8.jar%2377!/:?]
	at com.mojang.serialization.DataResult.flatMap(DataResult.java:137) ~[datafixerupper-6.0.8.jar%2377!/:?]
	at com.mojang.serialization.MapDecoder.compressedDecode(MapDecoder.java:52) ~[datafixerupper-6.0.8.jar%2377!/:?]
	at com.mojang.serialization.MapCodec$MapCodecCodec.decode(MapCodec.java:91) ~[datafixerupper-6.0.8.jar%2377!/:?]
	at com.mojang.serialization.Decoder.parse(Decoder.java:18) ~[datafixerupper-6.0.8.jar%2377!/:?]
	at net.minecraftforge.common.loot.LootModifierManager.apply(LootModifierManager.java:79) ~[forge-1.20.1-47.3.7-universal.jar%23864!/:?]
	at net.minecraftforge.common.loot.LootModifierManager.m_5787_(LootModifierManager.java:38) ~[forge-1.20.1-47.3.7-universal.jar%23864!/:?]
	at net.minecraft.server.packs.resources.SimplePreparableReloadListener.m_10789_(SimplePreparableReloadListener.java:13) ~[server-1.20.1-20230612.114412-srg.jar%23859!/:?]
	at java.util.concurrent.CompletableFuture$UniAccept.tryFire(CompletableFuture.java:718) ~[?:?]
	at java.util.concurrent.CompletableFuture$Completion.run(CompletableFuture.java:482) ~[?:?]
	at net.minecraft.server.packs.resources.SimpleReloadInstance.m_143940_(SimpleReloadInstance.java:69) ~[server-1.20.1-20230612.114412-srg.jar%23859!/:?]
	at net.minecraft.Util.m_214652_(Util.java:783) ~[server-1.20.1-20230612.114412-srg.jar%23859!/:?]
	at net.minecraft.Util.m_214679_(Util.java:772) ~[server-1.20.1-20230612.114412-srg.jar%23859!/:?]
	at net.minecraft.server.Main.main(Main.java:166) ~[server-1.20.1-20230612.114412-srg.jar%23859!/:?]
	at jdk.internal.reflect.NativeMethodAccessorImpl.invoke0(Native Method) ~[?:?]
	at jdk.internal.reflect.NativeMethodAccessorImpl.invoke(NativeMethodAccessorImpl.java:77) ~[?:?]
	at jdk.internal.reflect.DelegatingMethodAccessorImpl.invoke(DelegatingMethodAccessorImpl.java:43) ~[?:?]
	at java.lang.reflect.Method.invoke(Method.java:569) ~[?:?]
	at net.minecraftforge.fml.loading.targets.CommonLaunchHandler.runTarget(CommonLaunchHandler.java:111) ~[fmlloader-1.20.1-47.3.7.jar%2369!/:?]
	at net.minecraftforge.fml.loading.targets.CommonLaunchHandler.serverService(CommonLaunchHandler.java:103) ~[fmlloader-1.20.1-47.3.7.jar%2369!/:?]
	at net.minecraftforge.fml.loading.targets.CommonServerLaunchHandler.lambda$makeService$0(CommonServerLaunchHandler.java:27) ~[fmlloader-1.20.1-47.3.7.jar%2369!/:?]
	at cpw.mods.modlauncher.LaunchServiceHandlerDecorator.launch(LaunchServiceHandlerDecorator.java:30) ~[modlauncher-10.0.9.jar%2355!/:?]
	at cpw.mods.modlauncher.LaunchServiceHandler.launch(LaunchServiceHandler.java:53) ~[modlauncher-10.0.9.jar%2355!/:?]
	at cpw.mods.modlauncher.LaunchServiceHandler.launch(LaunchServiceHandler.java:71) ~[modlauncher-10.0.9.jar%2355!/:?]
	at cpw.mods.modlauncher.Launcher.run(Launcher.java:108) ~[modlauncher-10.0.9.jar%2355!/:?]
	at cpw.mods.modlauncher.Launcher.main(Launcher.java:78) ~[modlauncher-10.0.9.jar%2355!/:?]
	at cpw.mods.modlauncher.BootstrapLaunchConsumer.accept(BootstrapLaunchConsumer.java:26) ~[modlauncher-10.0.9.jar%2355!/:?]
	at cpw.mods.modlauncher.BootstrapLaunchConsumer.accept(BootstrapLaunchConsumer.java:23) ~[modlauncher-10.0.9.jar%2355!/:?]
	at cpw.mods.bootstraplauncher.BootstrapLauncher.main(BootstrapLauncher.java:141) ~[bootstraplauncher-1.1.2.jar:?]
[26Feb2025 04:53:31.918] [main/WARN] [net.minecraftforge.common.loot.LootModifierManager/]: Could not decode GlobalLootModifier with json id nethersdelight:chopping_string - error: Unknown type 'minecraft:alternative'
[26Feb2025 04:53:31.947] [main/INFO] [Supplementaries/]: Loaded 27 flute songs
[26Feb2025 04:53:31.961] [main/INFO] [com.teamabnormals.blueprint.core.Blueprint/]: Chunk Generator Modification Manager has loaded 0 modifier groups
[26Feb2025 04:53:31.996] [main/INFO] [Gateways to Eternity/]: Registered 7 gateways.
[26Feb2025 04:53:31.999] [main/INFO] [placebo/]: Registered 4 gear_sets.
[26Feb2025 04:53:32.003] [main/INFO] [insane96mcp.insanelib.InsaneLib/]: Reloading InsaneLib JsonFeature Json
[26Feb2025 04:53:32.061] [main/WARN] [net.minecraftforge.registries.NamespacedWrapper/]: Not all defined tags for registry ResourceKey[minecraft:root / minecraft:block] are present in data pack: netherexp:sounds/polished_blackstone
[26Feb2025 04:53:32.096] [main/WARN] [net.minecraft.core.MappedRegistry/]: Not all defined tags for registry ResourceKey[minecraft:root / minecraft:worldgen/biome] are present in data pack: minecraft:is_plains, upgrade_aquatic:has_feature/driftwood_river
[26Feb2025 04:53:32.167] [main/INFO] [Moonlight/]: Applied 7 data villager trades
[26Feb2025 04:53:32.330] [main/INFO] [structurify/]: Loading Structurify config...
[26Feb2025 04:53:32.367] [main/INFO] [structurify/]: Found invalid structure set identifier of "realmrpg_quests:anglers_with_all", skipping.
[26Feb2025 04:53:32.367] [main/INFO] [structurify/]: Found invalid structure set identifier of "realmrpg_quests:cooks_with_all", skipping.
[26Feb2025 04:53:32.367] [main/INFO] [structurify/]: Found invalid structure set identifier of "realmrpg_quests:headless_skeletons_with_all", skipping.
[26Feb2025 04:53:32.367] [main/INFO] [structurify/]: Found invalid structure set identifier of "realmrpg_quests:lumberjacks_with_all", skipping.
[26Feb2025 04:53:32.367] [main/INFO] [structurify/]: Found invalid structure set identifier of "realmrpg_quests:miners_with_all", skipping.
[26Feb2025 04:53:32.367] [main/INFO] [structurify/]: Found invalid structure set identifier of "realmrpg_quests:monster_hunters_with_all", skipping.
[26Feb2025 04:53:32.368] [main/INFO] [structurify/]: Structurify config loaded
[26Feb2025 04:53:32.368] [main/INFO] [structurify/]: Disabled 16 structures: [feur_extension_fossil:bones_tree, feur_extension_fossil:fossil_fish, feur_extension_fossil:skull_camp, feur_extension_fossil:small_rex_camp, mvs:sunzi_gate, philipsruins:ancient_crypt, philipsruins:ancient_ruins, philipsruins:ancient_towers, philipsruins:desert_structures, philipsruins:field_stone_ruins, philipsruins:level_one_ruins, philipsruins:level_three_ruins, philipsruins:level_two_ruins_pool, philipsruins:pumpkin_ruins, taxtg:giant_jungle_tree, taxtg:giant_spruce_tree]
[26Feb2025 04:53:32.369] [main/INFO] [structurify/]: Changed spacing and/or separation of 6 structures sets: [betterdeserttemples:desert_temples, betterjungletemples:jungle_temples, dungeonnowloading:labyrinth, trials:trials_chambers, valhelsia_structures:deep_spawner_rooms, valhelsia_structures:spawner_rooms]
[26Feb2025 04:53:32.372] [main/INFO] [Supplementaries/]: Finished additional setup in 0 ms
[26Feb2025 04:53:32.978] [main/INFO] [majruszlibrary/]: [majruszsdifficulty.json] Reloading configuration file took 14 milliseconds
[26Feb2025 04:53:32.987] [main/INFO] [majruszlibrary/]: [majruszsenchantments.json] Reloading configuration file took 4 milliseconds
[26Feb2025 04:53:32.990] [main/INFO] [majruszlibrary/]: [majruszlibrary.json] Reloading configuration file took 2 milliseconds
[26Feb2025 04:53:32.994] [Server thread/INFO] [net.minecraft.server.dedicated.DedicatedServer/]: Starting minecraft server version 1.20.1
[26Feb2025 04:53:32.994] [Server thread/INFO] [net.minecraft.server.dedicated.DedicatedServer/]: Loading properties
[26Feb2025 04:53:32.994] [Server thread/INFO] [net.minecraft.server.dedicated.DedicatedServer/]: Default game type: SURVIVAL
[26Feb2025 04:53:32.995] [Server thread/INFO] [net.minecraft.server.MinecraftServer/]: Generating keypair
[26Feb2025 04:53:33.173] [Server thread/INFO] [net.minecraft.server.dedicated.DedicatedServer/]: Starting Minecraft server on *:25565
[26Feb2025 04:53:33.269] [Server thread/INFO] [net.minecraft.server.network.ServerConnectionListener/]: Using epoll channel type
[26Feb2025 04:53:33.446] [Server thread/WARN] [net.minecraft.server.dedicated.DedicatedServer/]: **** SERVER IS RUNNING IN OFFLINE/INSECURE MODE!
[26Feb2025 04:53:33.447] [Server thread/WARN] [net.minecraft.server.dedicated.DedicatedServer/]: The server will make no attempt to authenticate usernames. Beware.
[26Feb2025 04:53:33.447] [Server thread/WARN] [net.minecraft.server.dedicated.DedicatedServer/]: While this makes the game possible to play without internet access, it also opens up the ability for hackers to connect with any username they choose.
[26Feb2025 04:53:33.447] [Server thread/WARN] [net.minecraft.server.dedicated.DedicatedServer/]: To change this, set "online-mode" to "true" in the server.properties file.
[26Feb2025 04:53:33.468] [Server thread/INFO] [com.cupboard.Cupboard/]: Loaded config for: dynamicview.json
[26Feb2025 04:53:33.476] [Server thread/INFO] [com.tom.storagemod.StorageMod/]: Loaded Tom's Simple Storage config file toms_storage-server.toml
[26Feb2025 04:53:33.480] [Server thread/INFO] [Puzzles Lib/]: Loading server config for enchantinginfuser
[26Feb2025 04:53:33.487] [Server thread/INFO] [Puzzles Lib/]: Loading server config for easymagic
[26Feb2025 04:53:33.489] [Server thread/INFO] [Puzzles Lib/]: Loading server config for easyanvils
[26Feb2025 04:53:33.494] [Server thread/INFO] [Puzzles Lib/]: Loading server config for puzzlesapi
[26Feb2025 04:53:33.496] [Server thread/INFO] [Puzzles Lib/]: Loading server config for universalbonemeal
[26Feb2025 04:53:34.163] [Server thread/INFO] [FTB Teams/]: loaded team data: 3 known players, 3 teams total
[26Feb2025 04:53:54.302] [Server thread/INFO] [Framework/]: Loading server configs...
[26Feb2025 04:53:54.310] [Server thread/INFO] [structurify/]: Updating registries...
[26Feb2025 04:53:54.310] [Server thread/INFO] [structurify/]: Structure registries updated
[26Feb2025 04:53:54.311] [Server thread/INFO] [structurify/]: Structure Sets registries updated
[26Feb2025 04:53:54.311] [Server thread/INFO] [structurify/]: Registries updated
[26Feb2025 04:53:55.438] [Server thread/INFO] [terrablender/]: Initialized TerraBlender biomes for level stem minecraft:overworld
[26Feb2025 04:53:55.438] [Server thread/INFO] [terrablender/]: Initialized TerraBlender biomes for level stem minecraft:the_nether
[26Feb2025 04:53:55.440] [Server thread/INFO] [net.jadenxgamer.elysium_api.Elysium/]: ElysiumBiomeSource successfully initialized for minecraft:overworld
[26Feb2025 04:53:55.440] [Server thread/INFO] [net.jadenxgamer.elysium_api.Elysium/]: ElysiumBiomeSource successfully initialized for minecraft:the_nether
[26Feb2025 04:53:55.442] [Server thread/INFO] [net.minecraft.server.dedicated.DedicatedServer/]: Preparing level "world"
[26Feb2025 04:53:55.536] [Server thread/INFO] [mixin/]: Instancing error handler class com.illusivesoulworks.polymorph.mixin.IntegratedMixinPlugin
[26Feb2025 04:53:55.537] [Server thread/WARN] [mixin/]: Mixin apply failed betterchunkloading.mixins.json:ServerChunkCacheMixin -> net.minecraft.server.level.ServerChunkCache: org.spongepowered.asm.mixin.injection.throwables.InvalidInjectionException @At("INVOKE") on net/minecraft/server/level/ServerChunkCache::prioWaiting with priority 200 cannot inject into net/minecraft/server/level/ServerChunkCache::m_7587_(IILnet/minecraft/world/level/chunk/ChunkStatus;Z)Lnet/minecraft/world/level/chunk/ChunkAccess; merged by com.abdelaziz.canary.mixin.world.chunk_access.ServerChunkCacheMixin with priority 1000 [ -> redirect$emd000$prioWaiting(Lnet/minecraft/server/level/ServerChunkCache;IILnet/minecraft/world/level/chunk/ChunkStatus;Z)Ljava/util/concurrent/CompletableFuture; -> Prepare]
org.spongepowered.asm.mixin.injection.throwables.InvalidInjectionException: @At("INVOKE") on net/minecraft/server/level/ServerChunkCache::prioWaiting with priority 200 cannot inject into net/minecraft/server/level/ServerChunkCache::m_7587_(IILnet/minecraft/world/level/chunk/ChunkStatus;Z)Lnet/minecraft/world/level/chunk/ChunkAccess; merged by com.abdelaziz.canary.mixin.world.chunk_access.ServerChunkCacheMixin with priority 1000 [ -> redirect$emd000$prioWaiting(Lnet/minecraft/server/level/ServerChunkCache;IILnet/minecraft/world/level/chunk/ChunkStatus;Z)Ljava/util/concurrent/CompletableFuture; -> Prepare]
	at org.spongepowered.asm.mixin.injection.code.Injector.findTargetNodes(Injector.java:305) ~[mixin-0.8.5.jar%2365!/:0.8.5+Jenkins-b310.git-155314e6e91465dad727e621a569906a410cd6f4]
	at org.spongepowered.asm.mixin.injection.code.Injector.find(Injector.java:240) ~[mixin-0.8.5.jar%2365!/:0.8.5+Jenkins-b310.git-155314e6e91465dad727e621a569906a410cd6f4]
	at org.spongepowered.asm.mixin.injection.struct.InjectionInfo.prepare(InjectionInfo.java:421) ~[mixin-0.8.5.jar%2365!/:0.8.5+Jenkins-b310.git-155314e6e91465dad727e621a569906a410cd6f4]
	at org.spongepowered.asm.mixin.transformer.MixinTargetContext.prepareInjections(MixinTargetContext.java:1319) ~[mixin-0.8.5.jar%2365!/:0.8.5+Jenkins-b310.git-155314e6e91465dad727e621a569906a410cd6f4]
	at org.spongepowered.asm.mixin.transformer.MixinApplicatorStandard.prepareInjections(MixinApplicatorStandard.java:1042) ~[mixin-0.8.5.jar%2365!/:0.8.5+Jenkins-b310.git-155314e6e91465dad727e621a569906a410cd6f4]
	at org.spongepowered.asm.mixin.transformer.MixinApplicatorStandard.applyMixin(MixinApplicatorStandard.java:393) ~[mixin-0.8.5.jar%2365!/:0.8.5+Jenkins-b310.git-155314e6e91465dad727e621a569906a410cd6f4]
	at org.spongepowered.asm.mixin.transformer.MixinApplicatorStandard.apply(MixinApplicatorStandard.java:325) ~[mixin-0.8.5.jar%2365!/:0.8.5+Jenkins-b310.git-155314e6e91465dad727e621a569906a410cd6f4]
	at org.spongepowered.asm.mixin.transformer.TargetClassContext.apply(TargetClassContext.java:383) ~[mixin-0.8.5.jar%2365!/:0.8.5+Jenkins-b310.git-155314e6e91465dad727e621a569906a410cd6f4]
	at org.spongepowered.asm.mixin.transformer.TargetClassContext.applyMixins(TargetClassContext.java:365) ~[mixin-0.8.5.jar%2365!/:0.8.5+Jenkins-b310.git-155314e6e91465dad727e621a569906a410cd6f4]
	at org.spongepowered.asm.mixin.transformer.MixinProcessor.applyMixins(MixinProcessor.java:363) ~[mixin-0.8.5.jar%2365!/:0.8.5+Jenkins-b310.git-155314e6e91465dad727e621a569906a410cd6f4]
	at org.spongepowered.asm.mixin.transformer.MixinTransformer.transformClass(MixinTransformer.java:250) ~[mixin-0.8.5.jar%2365!/:0.8.5+Jenkins-b310.git-155314e6e91465dad727e621a569906a410cd6f4]
	at org.spongepowered.asm.service.modlauncher.MixinTransformationHandler.processClass(MixinTransformationHandler.java:131) ~[mixin-0.8.5.jar%2365!/:0.8.5+Jenkins-b310.git-155314e6e91465dad727e621a569906a410cd6f4]
	at org.spongepowered.asm.launch.MixinLaunchPluginLegacy.processClass(MixinLaunchPluginLegacy.java:131) ~[mixin-0.8.5.jar%2365!/:0.8.5+Jenkins-b310.git-155314e6e91465dad727e621a569906a410cd6f4]
	at cpw.mods.modlauncher.serviceapi.ILaunchPluginService.processClassWithFlags(ILaunchPluginService.java:156) ~[modlauncher-10.0.9.jar%2355!/:10.0.9+10.0.9+main.dcd20f30]
	at cpw.mods.modlauncher.LaunchPluginHandler.offerClassNodeToPlugins(LaunchPluginHandler.java:88) ~[modlauncher-10.0.9.jar%2355!/:?]
	at cpw.mods.modlauncher.ClassTransformer.transform(ClassTransformer.java:120) ~[modlauncher-10.0.9.jar%2355!/:?]
	at cpw.mods.modlauncher.TransformingClassLoader.maybeTransformClassBytes(TransformingClassLoader.java:50) ~[modlauncher-10.0.9.jar%2355!/:?]
	at cpw.mods.cl.ModuleClassLoader.readerToClass(ModuleClassLoader.java:113) ~[securejarhandler-2.1.10.jar:?]
	at cpw.mods.cl.ModuleClassLoader.lambda$findClass$15(ModuleClassLoader.java:219) ~[securejarhandler-2.1.10.jar:?]
	at cpw.mods.cl.ModuleClassLoader.loadFromModule(ModuleClassLoader.java:229) ~[securejarhandler-2.1.10.jar:?]
	at cpw.mods.cl.ModuleClassLoader.findClass(ModuleClassLoader.java:219) ~[securejarhandler-2.1.10.jar:?]
	at cpw.mods.cl.ModuleClassLoader.loadClass(ModuleClassLoader.java:135) ~[securejarhandler-2.1.10.jar:?]
	at java.lang.ClassLoader.loadClass(ClassLoader.java:525) ~[?:?]
	at net.minecraft.server.MinecraftServer.m_129815_(MinecraftServer.java:337) ~[server-1.20.1-20230612.114412-srg.jar%23859!/:?]
	at net.minecraft.server.MinecraftServer.m_130006_(MinecraftServer.java:308) ~[server-1.20.1-20230612.114412-srg.jar%23859!/:?]
	at net.minecraft.server.dedicated.DedicatedServer.m_7038_(DedicatedServer.java:164) ~[server-1.20.1-20230612.114412-srg.jar%23859!/:?]
	at net.minecraft.server.MinecraftServer.m_130011_(MinecraftServer.java:634) ~[server-1.20.1-20230612.114412-srg.jar%23859!/:?]
	at net.minecraft.server.MinecraftServer.m_206580_(MinecraftServer.java:251) ~[server-1.20.1-20230612.114412-srg.jar%23859!/:?]
	at java.lang.Thread.run(Thread.java:840) ~[?:?]
[26Feb2025 04:53:55.979] [Server thread/INFO] [com.cupboard.Cupboard/]: Loaded config for: betterchunkloading.json
[26Feb2025 04:53:56.122] [Server thread/INFO] [incontrol/]: Reading rules from areas.json
[26Feb2025 04:53:56.129] [Server thread/INFO] [incontrol/]: Reading rules from spawn.json
[26Feb2025 04:53:56.157] [Server thread/INFO] [incontrol/]: Reading rules from summonaid.json
[26Feb2025 04:53:56.159] [Server thread/INFO] [incontrol/]: Reading rules from loot.json
[26Feb2025 04:53:56.165] [Server thread/INFO] [incontrol/]: Reading rules from experience.json
[26Feb2025 04:53:56.166] [Server thread/INFO] [incontrol/]: Reading rules from phases.json
[26Feb2025 04:53:56.167] [Server thread/INFO] [incontrol/]: Reading rules from effects.json
[26Feb2025 04:53:56.169] [Server thread/INFO] [incontrol/]: Reading rules from breakevents.json
[26Feb2025 04:53:56.170] [Server thread/INFO] [incontrol/]: Reading rules from placeevents.json
[26Feb2025 04:53:56.171] [Server thread/INFO] [incontrol/]: Reading rules from rightclicks.json
[26Feb2025 04:53:56.173] [Server thread/INFO] [incontrol/]: Reading rules from leftclicks.json
[26Feb2025 04:53:56.176] [Server thread/INFO] [incontrol/]: Reading rules from spawner.json
[26Feb2025 04:53:56.177] [Server thread/INFO] [incontrol/]: Reading rules from events.json
[26Feb2025 04:53:56.577] [Server thread/INFO] [net.regions_unexplored.RegionsUnexploredMod/]: Loading dimension "minecraft:the_nether" with biome source: "blueprint:modded".
[26Feb2025 04:53:56.578] [Server thread/INFO] [net.minecraft.server.MinecraftServer/]: Preparing start region for dimension minecraft:overworld
[26Feb2025 04:53:56.583] [Server thread/WARN] [mixin/]: Method overwrite conflict for removeIf in canary.mixins.json:world.chunk_tickets.SortedArraySetMixin, previously written by org.embeddedt.modernfix.common.mixin.bugfix.paper_chunk_patches.SortedArraySetMixin. Skipping method.
[26Feb2025 04:53:56.585] [Server thread/INFO] [KubeJS Server/]: Server resource reload complete!
[26Feb2025 04:53:57.119] [Server thread/WARN] [mixin/]: Method overwrite conflict for getPalettes in structure_gel.mixins.json:StructureTemplateAccessor, previously written by com.almostreliable.morejs.mixin.structure.StructureTemplateMixin. Skipping method.
[26Feb2025 04:53:58.233] [Server thread/INFO] [net.minecraft.server.level.progress.LoggerChunkProgressListener/]: Preparing spawn area: 0%
[26Feb2025 04:53:58.234] [Server thread/INFO] [net.minecraft.server.level.progress.LoggerChunkProgressListener/]: Preparing spawn area: 0%
[26Feb2025 04:53:58.234] [Server thread/INFO] [net.minecraft.server.level.progress.LoggerChunkProgressListener/]: Preparing spawn area: 0%
[26Feb2025 04:53:58.235] [Server thread/INFO] [net.minecraft.server.level.progress.LoggerChunkProgressListener/]: Preparing spawn area: 0%
[26Feb2025 04:53:58.581] [Worker-Main-8/INFO] [net.minecraft.server.level.progress.LoggerChunkProgressListener/]: Preparing spawn area: 0%
[26Feb2025 04:53:58.644] [Server thread/INFO] [com.cupboard.Cupboard/]: Loaded config for: limitedchunks.json
[26Feb2025 04:53:59.221] [Server thread/INFO] [net.minecraft.server.level.progress.LoggerChunkProgressListener/]: Time elapsed: 2641 ms
[26Feb2025 04:53:59.221] [Server thread/INFO] [net.minecraft.server.dedicated.DedicatedServer/]: Done (25.748s)! For help, type "help"
[26Feb2025 04:53:59.418] [Server thread/INFO] [net.minecraftforge.server.permission.PermissionAPI/]: Successfully initialized permission handler forge:default_handler
[26Feb2025 04:53:59.422] [Server thread/INFO] [xaero.hud.minimap.MinimapLogs/]: Registered synced player tracker system: ftb_teams
[26Feb2025 04:53:59.424] [Server thread/INFO] [xaero.map.WorldMap/]: Registered synced player tracker system: ftb_teams
[26Feb2025 04:53:59.430] [Server thread/INFO] [FTB Quests/]: Loading quests from /workspaces/max/servidor_minecraft/config/ftbquests/quests
[26Feb2025 04:53:59.716] [Server thread/INFO] [FTB Quests/]: Loaded 1 chapter groups, 11 chapters, 83 quests, 0 reward tables
[26Feb2025 04:53:59.729] [Server thread/INFO] [com.cupboard.Cupboard/]: Loaded config for: chunksending.json
[26Feb2025 04:53:59.733] [Server thread/INFO] [com.cupboard.Cupboard/]: Loaded config for: dragonfight.json
[26Feb2025 04:53:59.734] [Server thread/INFO] [com.cupboard.Cupboard/]: Loaded config for: betterfpsdist.json
[26Feb2025 04:53:59.735] [Server thread/INFO] [com.cupboard.Cupboard/]: Loaded config for: smoothchunk.json
[26Feb2025 04:53:59.735] [Server thread/INFO] [com.cupboard.Cupboard/]: Loaded config for: clickadv.json
[26Feb2025 04:53:59.899] [Server thread/INFO] [net.bettercombat.logic.WeaponRegistry/]: Encoded Weapon Attribute registry size (with package overhead): 230210 bytes (in 24 string chunks with the size of 10000)
[26Feb2025 04:54:07.326] [Server thread/WARN] [net.minecraft.network.syncher.SynchedEntityData/]: defineId called for: class net.minecraft.world.entity.player.Player from class tschipp.carryon.common.carry.CarryOnDataManager
[26Feb2025 04:54:07.592] [Server thread/WARN] [ModernFix/]: Dedicated server took 130.9 seconds to load
